CustomerID,CustomerName,Gender,Age,Region,CustomerSegment,JoinDate
10001,Customer_10001,Male,68,South,Consumer,2023-03-09
10002,Customer_10002,Other,57,Central,Consumer,2024-08-11
10003,Customer_10003,Female,24,North,Enterprise,2025-04-01
10004,Customer_10004,Female,49,Central,Consumer,2024-08-03
10005,Customer_10005,Male,65,North,Consumer,2024-11-29
10006,Customer_10006,Male,36,East,Consumer,2024-02-05
10007,Customer_10007,Male,23,South,Consumer,2024-06-26
10008,Customer_10008,Female,37,East,Enterprise,2022-03-26
10009,Customer_10009,Female,44,East,Small Business,2024-02-23
10010,Customer_10010,Female,60,East,Consumer,2024-03-26
10011,Customer_10011,Male,54,East,Small Business,2025-01-19
10012,Customer_10012,Other,65,West,Consumer,2025-11-09
10013,Customer_10013,Female,24,West,Consumer,2025-05-01
10014,Customer_10014,Male,22,West,Enterprise,2025-06-30
10015,Customer_10015,Male,28,South,Consumer,2025-06-21
10016,Customer_10016,Male,32,East,Small Business,2023-12-08
10017,Customer_10017,Male,20,East,Small Business,2022-09-27
10018,Customer_10018,Female,22,South,Small Business,2024-04-20
10019,Customer_10019,Male,40,East,Enterprise,2024-11-08
10020,Customer_10020,Male,54,South,Consumer,2024-11-29
10021,Customer_10021,Female,26,North,Consumer,2023-05-31
10022,Customer_10022,Male,32,South,Consumer,2024-11-22
10023,Customer_10023,Male,20,North,Small Business,2023-03-26
10024,Customer_10024,Male,46,West,Consumer,2023-11-16
10025,Customer_10025,Male,23,West,Consumer,2023-09-17
10026,Customer_10026,Female,34,Central,Consumer,2024-06-03
10027,Customer_10027,Male,43,West,Enterprise,2022-11-15
10028,Customer_10028,Female,38,North,Small Business,2025-02-21
10029,Customer_10029,Female,25,Central,Consumer,2025-10-27
10030,Customer_10030,Male,38,Central,Consumer,2025-10-06
10031,Customer_10031,Female,28,East,Consumer,2025-09-08
10032,Customer_10032,Male,55,East,Consumer,2023-05-03
10033,Customer_10033,Male,25,Central,Consumer,2023-03-27
10034,Customer_10034,Other,59,East,Enterprise,2022-12-19
10035,Customer_10035,Other,41,Central,Enterprise,2025-02-13
10036,Customer_10036,Female,52,North,Consumer,2024-08-12
10037,Customer_10037,Male,31,North,Consumer,2024-11-02
10038,Customer_10038,Male,31,East,Consumer,2022-11-16
10039,Customer_10039,Female,27,East,Consumer,2025-04-03
10040,Customer_10040,Male,29,West,Consumer,2022-03-26
10041,Customer_10041,Male,55,Central,Consumer,2022-09-05
10042,Customer_10042,Female,61,South,Consumer,2025-12-26
10043,Customer_10043,Male,63,North,Small Business,2023-07-22
10044,Customer_10044,Female,51,West,Small Business,2023-11-15
10045,Customer_10045,Male,58,East,Consumer,2023-10-06
10046,Customer_10046,Female,27,North,Consumer,2023-04-24
10047,Customer_10047,Male,34,East,Enterprise,2023-12-14
10048,Customer_10048,Female,34,West,Enterprise,2023-01-03
10049,Customer_10049,Female,20,West,Consumer,2022-12-23
10050,Customer_10050,Male,48,East,Consumer,2023-02-12
10051,Customer_10051,Other,68,South,Consumer,2025-09-30
10052,Customer_10052,Female,18,Central,Consumer,2022-06-28
10053,Customer_10053,Female,29,West,Consumer,2025-12-19
10054,Customer_10054,Female,56,East,Consumer,2025-08-22
10055,Customer_10055,Female,21,South,Consumer,2023-01-02
10056,Customer_10056,Female,59,West,Consumer,2024-11-25
10057,Customer_10057,Male,30,South,Consumer,2023-04-08
10058,Customer_10058,Male,51,North,Enterprise,2024-04-07
10059,Customer_10059,Male,59,East,Consumer,2025-03-15
10060,Customer_10060,Male,38,South,Small Business,2022-05-26
10061,Customer_10061,Male,39,East,Consumer,2023-01-15
10062,Customer_10062,Male,21,North,Consumer,2022-06-17
10063,Customer_10063,Female,35,West,Consumer,2025-07-22
10064,Customer_10064,Male,22,South,Consumer,2022-03-28
10065,Customer_10065,Male,36,North,Consumer,2022-06-03
10066,Customer_10066,Female,19,North,Consumer,2023-05-12
10067,Customer_10067,Male,29,Central,Consumer,2022-11-11
10068,Customer_10068,Female,34,Central,Small Business,2023-12-24
10069,Customer_10069,Male,27,South,Consumer,2025-07-21
10070,Customer_10070,Unknown,51,West,Small Business,2024-02-03
10071,Customer_10071,Female,23,East,Consumer,2022-09-19
10072,Customer_10072,Male,25,Central,Consumer,2023-05-02
10073,Customer_10073,Male,68,South,Consumer,2023-03-30
10074,Customer_10074,Female,28,West,Small Business,2023-03-19
10075,Customer_10075,Female,29,North,Enterprise,2025-07-09
10076,Customer_10076,Female,26,South,Enterprise,2023-06-27
10077,Customer_10077,Female,19,Central,Consumer,2025-02-02
10078,Customer_10078,Male,25,East,Small Business,2022-12-16
10079,Customer_10079,Male,28,South,Consumer,2024-04-03
10080,Customer_10080,Male,53,North,Enterprise,2023-03-14
10081,Customer_10081,Female,27,West,Consumer,2022-06-18
10082,Customer_10082,Female,38,East,Consumer,2025-09-28
10083,Customer_10083,Male,37,South,Consumer,2025-06-07
10084,Customer_10084,Male,65,Central,Consumer,2022-01-23
10085,Customer_10085,Male,25,North,Small Business,2024-09-14
10086,Customer_10086,Male,53,South,Enterprise,2023-11-07
10087,Customer_10087,Female,46,Central,Consumer,2022-10-08
10088,Customer_10088,Female,59,South,Small Business,2023-12-23
10089,Customer_10089,Female,29,South,Small Business,2022-09-10
10090,Customer_10090,Female,31,East,Consumer,2023-02-08
10091,Customer_10091,Male,65,West,Consumer,2022-05-13
10092,Customer_10092,Female,67,North,Consumer,2025-07-21
10093,Customer_10093,Female,38,Central,Consumer,2023-09-10
10094,Customer_10094,Female,39,West,Consumer,2022-08-20
10095,Customer_10095,Female,38,North,Consumer,2023-06-29
10096,Customer_10096,Female,61,West,Consumer,2022-03-20
10097,Customer_10097,Female,67,South,Consumer,2024-11-24
10098,Customer_10098,Male,47,East,Enterprise,2023-05-10
10099,Customer_10099,Male,56,West,Consumer,2025-02-07
10100,Customer_10100,Male,37,Central,Consumer,2025-09-06
10101,Customer_10101,Male,41,North,Consumer,2022-11-24
10102,Customer_10102,Female,40,East,Consumer,2024-08-24
10103,Customer_10103,Male,24,East,Consumer,2023-11-21
10104,Customer_10104,Female,26,South,Consumer,2023-01-19
10105,Customer_10105,Female,18,South,Consumer,2025-10-19
10106,Customer_10106,Male,43,North,Consumer,2025-06-09
10107,Customer_10107,Male,55,West,Consumer,2025-12-08
10108,Customer_10108,Female,55,East,Consumer,2025-08-10
10109,Customer_10109,Male,61,North,Small Business,2023-07-01
10110,Customer_10110,Male,39,West,Consumer,2025-04-12
10111,Customer_10111,Male,61,West,Consumer,2023-01-27
10112,Customer_10112,Male,27,East,Consumer,2025-01-30
10113,Customer_10113,Female,23,South,Small Business,2025-08-09
10114,Customer_10114,Female,34,East,Consumer,2025-01-13
10115,Customer_10115,Female,68,South,Small Business,2024-06-27
10116,Customer_10116,Female,67,South,Small Business,2025-05-09
10117,Customer_10117,Female,55,West,Consumer,2023-11-16
10118,Customer_10118,Male,41,North,Consumer,2023-06-25
10119,Customer_10119,Female,68,North,Consumer,2022-10-24
10120,Customer_10120,Female,27,North,Consumer,2022-02-25
10121,Customer_10121,Female,25,North,Consumer,2024-11-05
10122,Customer_10122,Female,38,North,Consumer,2022-03-07
10123,Customer_10123,Male,23,Central,Consumer,2024-08-15
10124,Customer_10124,Male,38,South,Consumer,2024-11-12
10125,Customer_10125,Male,56,North,Small Business,2023-12-03
10126,Customer_10126,Male,41,South,Consumer,2024-01-30
10127,Customer_10127,Female,50,Central,Enterprise,2023-05-01
10128,Customer_10128,Female,35,East,Enterprise,2025-12-09
10129,Customer_10129,Male,45,South,Enterprise,2024-03-31
10130,Customer_10130,Female,69,Central,Small Business,2024-06-06
10131,Customer_10131,Male,49,South,Consumer,2025-08-21
10132,Customer_10132,Male,29,South,Consumer,2022-06-26
10133,Customer_10133,Male,65,South,Consumer,2022-07-14
10134,Customer_10134,Male,59,South,Consumer,2024-11-02
10135,Customer_10135,Other,44,South,Small Business,2024-05-25
10136,Customer_10136,Male,27,West,Enterprise,2022-06-15
10137,Customer_10137,Female,63,South,Consumer,2025-03-19
10138,Customer_10138,Female,69,East,Consumer,2025-09-26
10139,Customer_10139,Male,59,North,Consumer,2023-07-11
10140,Customer_10140,Unknown,49,North,Consumer,2025-04-12
10141,Customer_10141,Other,59,East,Consumer,2022-06-16
10142,Customer_10142,Male,43,Central,Consumer,2023-12-10
10143,Customer_10143,Female,42,South,Small Business,2023-12-19
10144,Customer_10144,Male,28,West,Consumer,2022-04-07
10145,Customer_10145,Male,40,South,Enterprise,2023-11-10
10146,Customer_10146,Male,51,North,Consumer,2023-02-08
10147,Customer_10147,Female,69,North,Small Business,2025-01-05
10148,Customer_10148,Female,57,South,Consumer,2025-06-14
10149,Customer_10149,Male,40,North,Small Business,2022-10-18
10150,Customer_10150,Male,46,North,Small Business,2022-05-16
10151,Customer_10151,Female,48,West,Consumer,2024-06-07
10152,Customer_10152,Male,24,North,Consumer,2024-05-30
10153,Customer_10153,Male,57,East,Enterprise,2023-01-02
10154,Customer_10154,Female,50,South,Consumer,2023-07-02
10155,Customer_10155,Unknown,38,East,Consumer,2024-06-20
10156,Customer_10156,Male,19,East,Consumer,2022-09-05
10157,Customer_10157,Female,35,South,Small Business,2024-02-05
10158,Customer_10158,Female,64,South,Small Business,2025-05-22
10159,Customer_10159,Male,50,West,Consumer,2022-03-11
10160,Customer_10160,Female,54,Central,Consumer,2024-01-16
10161,Customer_10161,Male,51,North,Enterprise,2024-09-22
10162,Customer_10162,Female,37,North,Small Business,2022-11-25
10163,Customer_10163,Female,52,Central,Small Business,2024-11-05
10164,Customer_10164,Female,68,South,Consumer,2025-04-12
10165,Customer_10165,Male,67,East,Consumer,2023-11-30
10166,Customer_10166,Female,35,South,Consumer,2024-03-16
10167,Customer_10167,Male,63,North,Small Business,2022-10-01
10168,Customer_10168,Male,41,East,Consumer,2023-06-08
10169,Customer_10169,Male,25,East,Consumer,2022-08-07
10170,Customer_10170,Female,47,South,Consumer,2024-10-20
10171,Customer_10171,Female,61,East,Consumer,2023-05-28
10172,Customer_10172,Male,27,West,Small Business,2025-11-23
10173,Customer_10173,Female,40,East,Consumer,2025-02-08
10174,Customer_10174,Male,69,North,Small Business,2023-04-09
10175,Customer_10175,Female,66,East,Enterprise,2025-01-21
10176,Customer_10176,Male,28,West,Consumer,2023-03-27
10177,Customer_10177,Female,19,West,Small Business,2025-11-20
10178,Customer_10178,Male,43,East,Enterprise,2024-07-12
10179,Customer_10179,Female,53,North,Enterprise,2024-07-21
10180,Customer_10180,Male,50,West,Consumer,2023-04-24
10181,Customer_10181,Male,64,West,Consumer,2022-11-12
10182,Customer_10182,Male,30,North,Consumer,2023-11-02
10183,Customer_10183,Female,57,East,Small Business,2023-11-29
10184,Customer_10184,Female,42,South,Small Business,2024-09-19
10185,Customer_10185,Male,21,West,Small Business,2025-10-08
10186,Customer_10186,Female,59,South,Consumer,2024-02-07
10187,Customer_10187,Female,36,East,Consumer,2025-06-16
10188,Customer_10188,Female,35,Central,Consumer,2025-02-01
10189,Customer_10189,Female,54,West,Consumer,2024-06-25
10190,Customer_10190,Male,47,Central,Small Business,2024-05-27
10191,Customer_10191,Male,36,Central,Consumer,2024-11-18
10192,Customer_10192,Female,40,North,Consumer,2022-03-30
10193,Customer_10193,Female,33,East,Consumer,2023-01-10
10194,Customer_10194,Female,18,East,Consumer,2025-11-21
10195,Customer_10195,Male,29,Central,Consumer,2022-12-30
10196,Customer_10196,Male,41,South,Consumer,2022-05-27
10197,Customer_10197,Female,51,Central,Consumer,2022-11-10
10198,Customer_10198,Female,25,East,Consumer,2023-07-02
10199,Customer_10199,Female,35,West,Consumer,2024-03-06
10200,Customer_10200,Female,65,North,Small Business,2024-06-17
10201,Customer_10201,Female,22,North,Consumer,2022-04-11
10202,Customer_10202,Male,43,West,Small Business,2022-04-17
10203,Customer_10203,Male,47,North,Small Business,2024-05-06
10204,Customer_10204,Female,30,West,Consumer,2024-07-25
10205,Customer_10205,Female,36,North,Enterprise,2022-10-18
10206,Customer_10206,Male,46,West,Consumer,2025-10-04
10207,Customer_10207,Male,20,South,Small Business,2023-09-09
10208,Customer_10208,Female,43,East,Enterprise,2023-08-11
10209,Customer_10209,Male,57,West,Small Business,2025-06-04
10210,Customer_10210,Male,29,South,Consumer,2023-08-19
10211,Customer_10211,Female,19,North,Consumer,2024-09-03
10212,Customer_10212,Female,28,North,Consumer,2024-12-09
10213,Customer_10213,Female,61,East,Consumer,2024-05-17
10214,Customer_10214,Male,45,East,Small Business,2024-08-27
10215,Customer_10215,Female,35,West,Consumer,2023-12-23
10216,Customer_10216,Male,30,East,Consumer,2022-06-07
10217,Customer_10217,Male,54,East,Small Business,2022-11-24
10218,Customer_10218,Female,39,South,Consumer,2025-01-05
10219,Customer_10219,Female,29,North,Small Business,2024-01-05
10220,Customer_10220,Female,19,South,Small Business,2023-09-25
10221,Customer_10221,Female,54,Central,Consumer,2025-08-26
10222,Customer_10222,Female,24,Central,Consumer,2022-11-23
10223,Customer_10223,Male,43,South,Consumer,2023-05-23
10224,Customer_10224,Male,43,East,Consumer,2024-05-19
10225,Customer_10225,Male,41,West,Enterprise,2025-02-04
10226,Customer_10226,Male,29,East,Small Business,2022-08-29
10227,Customer_10227,Unknown,33,North,Consumer,2023-03-11
10228,Customer_10228,Male,40,North,Consumer,2024-11-17
10229,Customer_10229,Female,57,East,Consumer,2023-12-05
10230,Customer_10230,Female,26,Central,Consumer,2025-06-26
10231,Customer_10231,Female,49,West,Consumer,2025-10-19
10232,Customer_10232,Female,32,North,Consumer,2023-08-12
10233,Customer_10233,Female,54,North,Consumer,2023-02-17
10234,Customer_10234,Female,30,West,Consumer,2023-07-23
10235,Customer_10235,Male,22,West,Consumer,2025-04-03
10236,Customer_10236,Female,28,East,Enterprise,2024-09-15
10237,Customer_10237,Male,27,East,Small Business,2024-12-07
10238,Customer_10238,Male,69,North,Consumer,2023-04-29
10239,Customer_10239,Female,30,West,Consumer,2025-03-27
10240,Customer_10240,Male,58,West,Consumer,2023-10-30
10241,Customer_10241,Other,63,South,Consumer,2022-05-31
10242,Customer_10242,Other,67,West,Consumer,2022-08-13
10243,Customer_10243,Female,32,South,Small Business,2025-07-07
10244,Customer_10244,Male,59,North,Consumer,2025-11-11
10245,Customer_10245,Male,24,South,Consumer,2022-09-13
10246,Customer_10246,Female,57,North,Consumer,2022-03-02
10247,Customer_10247,Male,45,South,Enterprise,2023-01-31
10248,Customer_10248,Other,49,East,Enterprise,2025-11-21
10249,Customer_10249,Other,52,East,Consumer,2025-03-31
10250,Customer_10250,Female,32,East,Consumer,2023-01-15
10251,Customer_10251,Male,65,South,Consumer,2022-12-15
10252,Customer_10252,Male,53,North,Consumer,2022-01-31
10253,Customer_10253,Female,38,East,Consumer,2022-03-12
10254,Customer_10254,Male,23,South,Consumer,2023-02-01
10255,Customer_10255,Male,18,South,Consumer,2022-01-02
10256,Customer_10256,Female,21,Central,Consumer,2024-07-17
10257,Customer_10257,Female,28,West,Consumer,2023-07-16
10258,Customer_10258,Female,61,Central,Small Business,2025-03-04
10259,Customer_10259,Female,43,East,Consumer,2022-05-26
10260,Customer_10260,Male,54,North,Small Business,2022-06-28
10261,Customer_10261,Female,40,West,Consumer,2022-09-21
10262,Customer_10262,Unknown,46,South,Consumer,2025-08-27
10263,Customer_10263,Male,38,East,Consumer,2022-07-23
10264,Customer_10264,Female,65,North,Small Business,2023-11-30
10265,Customer_10265,Female,62,West,Consumer,2024-11-19
10266,Customer_10266,Female,62,North,Consumer,2022-02-28
10267,Customer_10267,Female,66,Central,Consumer,2024-10-29
10268,Customer_10268,Female,44,Central,Consumer,2024-09-14
10269,Customer_10269,Male,56,East,Enterprise,2025-09-09
10270,Customer_10270,Male,57,West,Consumer,2022-06-16
10271,Customer_10271,Female,30,East,Consumer,2025-09-22
10272,Customer_10272,Female,40,West,Consumer,2024-06-25
10273,Customer_10273,Female,33,East,Small Business,2025-11-03
10274,Customer_10274,Female,47,West,Consumer,2024-06-16
10275,Customer_10275,Female,21,East,Small Business,2024-03-01
10276,Customer_10276,Female,57,Central,Small Business,2022-08-30
10277,Customer_10277,Female,33,East,Consumer,2024-06-26
10278,Customer_10278,Female,48,East,Consumer,2025-03-29
10279,Customer_10279,Female,59,West,Consumer,2024-02-16
10280,Customer_10280,Female,42,West,Small Business,2025-06-12
10281,Customer_10281,Female,61,East,Consumer,2022-07-18
10282,Customer_10282,Male,29,North,Consumer,2024-11-22
10283,Customer_10283,Male,43,East,Small Business,2023-02-12
10284,Customer_10284,Male,54,Central,Consumer,2025-01-17
10285,Customer_10285,Female,65,West,Consumer,2022-08-09
10286,Customer_10286,Male,50,West,Consumer,2024-12-28
10287,Customer_10287,Male,45,North,Consumer,2025-08-10
10288,Customer_10288,Female,26,East,Consumer,2025-06-14
10289,Customer_10289,Male,29,East,Consumer,2025-03-29
10290,Customer_10290,Female,22,West,Enterprise,2024-04-19
10291,Customer_10291,Male,69,North,Consumer,2024-02-27
10292,Customer_10292,Male,45,Central,Small Business,2025-08-06
10293,Customer_10293,Female,52,East,Consumer,2023-07-08
10294,Customer_10294,Male,22,North,Consumer,2023-08-01
10295,Customer_10295,Male,51,South,Small Business,2023-06-17
10296,Customer_10296,Female,63,South,Consumer,2022-12-01
10297,Customer_10297,Female,51,East,Enterprise,2024-10-17
10298,Customer_10298,Male,30,North,Small Business,2022-09-03
10299,Customer_10299,Female,56,North,Consumer,2025-09-08
10300,Customer_10300,Male,59,West,Consumer,2023-09-03
10301,Customer_10301,Male,62,North,Consumer,2022-11-25
10302,Customer_10302,Female,65,South,Consumer,2023-07-01
10303,Customer_10303,Female,31,East,Consumer,2022-12-05
10304,Customer_10304,Female,28,East,Consumer,2025-04-09
10305,Customer_10305,Female,59,West,Consumer,2025-02-07
10306,Customer_10306,Unknown,55,East,Consumer,2024-09-20
10307,Customer_10307,Female,21,West,Small Business,2024-03-17
10308,Customer_10308,Male,50,East,Small Business,2024-10-30
10309,Customer_10309,Female,24,North,Consumer,2025-05-10
10310,Customer_10310,Male,58,North,Small Business,2025-07-04
10311,Customer_10311,Male,25,East,Consumer,2025-07-09
10312,Customer_10312,Male,54,South,Consumer,2023-11-24
10313,Customer_10313,Male,68,West,Consumer,2023-03-06
10314,Customer_10314,Other,27,East,Consumer,2024-12-25
10315,Customer_10315,Female,60,South,Consumer,2024-03-16
10316,Customer_10316,Female,32,North,Small Business,2023-09-04
10317,Customer_10317,Male,55,South,Enterprise,2022-02-04
10318,Customer_10318,Male,32,East,Consumer,2023-07-11
10319,Customer_10319,Male,22,East,Small Business,2023-05-06
10320,Customer_10320,Male,46,East,Consumer,2022-09-11
10321,Customer_10321,Female,36,North,Consumer,2022-01-17
10322,Customer_10322,Female,68,West,Small Business,2022-09-18
10323,Customer_10323,Female,27,Central,Consumer,2025-07-03
10324,Customer_10324,Male,29,South,Consumer,2023-12-29
10325,Customer_10325,Other,21,East,Consumer,2025-12-18
10326,Customer_10326,Female,48,Central,Consumer,2023-05-16
10327,Customer_10327,Female,35,South,Consumer,2024-10-12
10328,Customer_10328,Female,33,East,Consumer,2022-10-13
10329,Customer_10329,Male,57,North,Consumer,2022-01-07
10330,Customer_10330,Male,53,East,Consumer,2025-05-07
10331,Customer_10331,Male,42,North,Consumer,2023-10-21
10332,Customer_10332,Female,40,Central,Consumer,2024-07-25
10333,Customer_10333,Male,29,West,Small Business,2025-12-12
10334,Customer_10334,Male,51,West,Consumer,2022-02-21
10335,Customer_10335,Male,53,West,Consumer,2022-08-31
10336,Customer_10336,Male,54,East,Consumer,2025-05-27
10337,Customer_10337,Female,20,East,Consumer,2023-06-02
10338,Customer_10338,Female,26,Central,Consumer,2024-08-27
10339,Customer_10339,Female,35,Central,Consumer,2022-04-19
10340,Customer_10340,Male,60,East,Enterprise,2025-10-06
10341,Customer_10341,Female,52,Central,Small Business,2024-07-09
10342,Customer_10342,Female,51,East,Consumer,2022-03-07
10343,Customer_10343,Male,58,East,Consumer,2024-10-30
10344,Customer_10344,Male,31,East,Consumer,2022-07-21
10345,Customer_10345,Male,21,South,Consumer,2024-06-19
10346,Customer_10346,Female,46,North,Consumer,2022-08-02
10347,Customer_10347,Female,58,South,Small Business,2022-03-09
10348,Customer_10348,Male,62,East,Consumer,2024-01-29
10349,Customer_10349,Male,67,South,Small Business,2024-05-15
10350,Customer_10350,Female,32,East,Consumer,2022-11-23
10351,Customer_10351,Female,45,Central,Consumer,2024-12-09
10352,Customer_10352,Female,59,South,Consumer,2024-11-06
10353,Customer_10353,Female,33,East,Consumer,2023-06-07
10354,Customer_10354,Male,29,North,Enterprise,2025-08-22
10355,Customer_10355,Male,69,North,Consumer,2025-11-16
10356,Customer_10356,Female,22,West,Consumer,2024-09-14
10357,Customer_10357,Male,51,East,Enterprise,2025-02-21
10358,Customer_10358,Female,59,West,Small Business,2024-09-30
10359,Customer_10359,Other,18,North,Small Business,2023-05-19
10360,Customer_10360,Female,56,East,Enterprise,2025-06-02
10361,Customer_10361,Male,49,South,Consumer,2024-01-26
10362,Customer_10362,Female,43,South,Small Business,2025-09-03
10363,Customer_10363,Male,34,North,Small Business,2023-04-18
10364,Customer_10364,Female,65,North,Small Business,2024-05-07
10365,Customer_10365,Other,44,South,Small Business,2023-06-25
10366,Customer_10366,Male,41,North,Consumer,2025-10-13
10367,Customer_10367,Other,52,Central,Small Business,2024-05-18
10368,Customer_10368,Female,63,South,Consumer,2024-05-27
10369,Customer_10369,Male,59,North,Consumer,2024-07-28
10370,Customer_10370,Male,56,North,Consumer,2024-05-26
10371,Customer_10371,Male,43,East,Enterprise,2025-12-23
10372,Customer_10372,Male,66,North,Consumer,2024-03-07
10373,Customer_10373,Male,55,Central,Consumer,2023-04-17
10374,Customer_10374,Female,40,Central,Consumer,2024-04-17
10375,Customer_10375,Male,39,South,Enterprise,2025-08-16
10376,Customer_10376,Male,21,East,Consumer,2022-03-25
10377,Customer_10377,Female,66,North,Small Business,2023-01-12
10378,Customer_10378,Male,26,East,Small Business,2025-08-29
10379,Customer_10379,Female,21,East,Consumer,2025-09-05
10380,Customer_10380,Male,24,South,Consumer,2022-07-23
10381,Customer_10381,Male,40,South,Small Business,2025-10-10
10382,Customer_10382,Female,19,West,Enterprise,2024-10-05
10383,Customer_10383,Female,66,East,Small Business,2025-08-10
10384,Customer_10384,Female,41,North,Consumer,2023-05-19
10385,Customer_10385,Female,57,West,Small Business,2025-03-14
10386,Customer_10386,Female,48,East,Consumer,2023-06-23
10387,Customer_10387,Male,64,Central,Consumer,2022-01-17
10388,Customer_10388,Male,48,North,Small Business,2023-07-29
10389,Customer_10389,Female,64,West,Consumer,2023-07-30
10390,Customer_10390,Female,57,West,Small Business,2024-10-11
10391,Customer_10391,Unknown,65,North,Consumer,2024-11-28
10392,Customer_10392,Male,68,West,Small Business,2022-05-10
10393,Customer_10393,Male,60,East,Consumer,2022-04-25
10394,Customer_10394,Female,51,Central,Consumer,2024-08-07
10395,Customer_10395,Male,41,North,Small Business,2024-12-04
10396,Customer_10396,Female,66,East,Consumer,2022-08-04
10397,Customer_10397,Female,43,South,Consumer,2024-04-27
10398,Customer_10398,Male,33,Central,Enterprise,2025-12-09
10399,Customer_10399,Female,64,South,Consumer,2023-11-20
10400,Customer_10400,Female,30,Central,Enterprise,2024-09-29
10401,Customer_10401,Male,32,Central,Consumer,2022-09-22
10402,Customer_10402,Female,44,South,Consumer,2023-09-09
10403,Customer_10403,Female,21,West,Small Business,2025-11-05
10404,Customer_10404,Female,33,Central,Small Business,2022-10-28
10405,Customer_10405,Male,47,South,Consumer,2024-09-11
10406,Customer_10406,Female,61,East,Consumer,2025-04-09
10407,Customer_10407,Male,47,East,Small Business,2023-02-10
10408,Customer_10408,Male,53,South,Consumer,2025-10-10
10409,Customer_10409,Female,20,North,Consumer,2022-06-10
10410,Customer_10410,Male,39,South,Consumer,2022-01-26
10411,Customer_10411,Male,66,South,Consumer,2022-03-24
10412,Customer_10412,Other,39,East,Consumer,2022-06-22
10413,Customer_10413,Other,67,North,Consumer,2024-09-25
10414,Customer_10414,Female,67,Central,Consumer,2024-03-04
10415,Customer_10415,Female,66,West,Consumer,2024-12-29
10416,Customer_10416,Male,29,North,Consumer,2024-04-14
10417,Customer_10417,Male,38,West,Small Business,2022-01-06
10418,Customer_10418,Male,21,West,Consumer,2024-03-06
10419,Customer_10419,Female,48,Central,Small Business,2025-05-03
10420,Customer_10420,Female,61,North,Small Business,2023-06-09
10421,Customer_10421,Female,48,South,Consumer,2022-03-04
10422,Customer_10422,Female,40,Central,Consumer,2024-11-02
10423,Customer_10423,Male,37,Central,Consumer,2024-01-31
10424,Customer_10424,Female,32,West,Small Business,2022-07-24
10425,Customer_10425,Male,40,West,Enterprise,2024-06-15
10426,Customer_10426,Female,45,North,Consumer,2022-02-09
10427,Customer_10427,Male,33,East,Small Business,2025-04-03
10428,Customer_10428,Female,54,South,Consumer,2024-11-20
10429,Customer_10429,Male,38,North,Consumer,2024-05-26
10430,Customer_10430,Male,32,West,Small Business,2024-04-04
10431,Customer_10431,Male,34,North,Consumer,2024-06-27
10432,Customer_10432,Female,67,East,Consumer,2023-02-02
10433,Customer_10433,Female,54,Central,Consumer,2025-05-31
10434,Customer_10434,Male,30,North,Small Business,2023-09-26
10435,Customer_10435,Male,36,Central,Consumer,2025-01-06
10436,Customer_10436,Female,47,Central,Enterprise,2024-04-18
10437,Customer_10437,Male,62,East,Consumer,2023-08-23
10438,Customer_10438,Female,35,North,Consumer,2023-09-17
10439,Customer_10439,Female,31,South,Small Business,2024-07-26
10440,Customer_10440,Male,53,East,Consumer,2024-06-02
10441,Customer_10441,Male,53,South,Small Business,2025-12-22
10442,Customer_10442,Unknown,37,South,Consumer,2023-03-01
10443,Customer_10443,Male,69,Central,Consumer,2023-01-22
10444,Customer_10444,Male,36,North,Consumer,2025-06-16
10445,Customer_10445,Female,62,West,Enterprise,2024-09-30
10446,Customer_10446,Other,61,North,Consumer,2024-05-07
10447,Customer_10447,Unknown,24,East,Small Business,2023-09-15
10448,Customer_10448,Female,61,Central,Consumer,2022-03-31
10449,Customer_10449,Male,21,South,Consumer,2023-01-20
10450,Customer_10450,Male,51,North,Consumer,2025-03-08
10451,Customer_10451,Female,19,West,Enterprise,2024-09-23
10452,Customer_10452,Female,22,West,Small Business,2023-10-09
10453,Customer_10453,Male,27,West,Small Business,2025-06-21
10454,Customer_10454,Female,49,South,Consumer,2023-02-26
10455,Customer_10455,Male,59,South,Consumer,2025-04-20
10456,Customer_10456,Female,58,Central,Consumer,2025-05-03
10457,Customer_10457,Male,30,Central,Enterprise,2024-05-23
10458,Customer_10458,Male,56,East,Consumer,2022-02-22
10459,Customer_10459,Male,22,West,Consumer,2024-09-12
10460,Customer_10460,Male,27,East,Consumer,2024-10-10
10461,Customer_10461,Male,27,East,Consumer,2023-11-16
10462,Customer_10462,Female,55,North,Consumer,2022-06-28
10463,Customer_10463,Female,44,East,Small Business,2022-10-20
10464,Customer_10464,Female,68,East,Consumer,2023-01-10
10465,Customer_10465,Other,38,North,Small Business,2024-12-18
10466,Customer_10466,Male,25,East,Small Business,2024-12-13
10467,Customer_10467,Male,18,West,Consumer,2025-06-22
10468,Customer_10468,Female,45,West,Consumer,2025-03-18
10469,Customer_10469,Male,66,East,Consumer,2024-03-06
10470,Customer_10470,Other,56,Central,Enterprise,2025-10-23
10471,Customer_10471,Male,31,North,Consumer,2022-01-16
10472,Customer_10472,Other,38,East,Consumer,2022-06-25
10473,Customer_10473,Male,47,West,Consumer,2025-11-30
10474,Customer_10474,Female,38,East,Consumer,2022-05-09
10475,Customer_10475,Female,66,South,Consumer,2025-05-31
10476,Customer_10476,Unknown,26,North,Consumer,2024-06-02
10477,Customer_10477,Male,34,Central,Small Business,2025-06-21
10478,Customer_10478,Female,22,East,Small Business,2023-03-02
10479,Customer_10479,Other,48,Central,Consumer,2022-12-20
10480,Customer_10480,Female,69,East,Consumer,2024-01-20
10481,Customer_10481,Female,57,West,Small Business,2024-01-14
10482,Customer_10482,Female,55,West,Consumer,2025-09-11
10483,Customer_10483,Male,60,West,Small Business,2024-10-23
10484,Customer_10484,Female,36,South,Consumer,2023-04-24
10485,Customer_10485,Female,53,East,Small Business,2024-09-02
10486,Customer_10486,Female,67,West,Consumer,2025-01-09
10487,Customer_10487,Male,50,South,Consumer,2022-02-13
10488,Customer_10488,Male,30,South,Small Business,2022-06-04
10489,Customer_10489,Other,31,North,Consumer,2024-08-04
10490,Customer_10490,Female,50,Central,Consumer,2024-07-16
10491,Customer_10491,Male,46,North,Consumer,2022-04-09
10492,Customer_10492,Female,60,East,Small Business,2025-11-21
10493,Customer_10493,Male,66,East,Consumer,2022-06-20
10494,Customer_10494,Male,53,East,Small Business,2022-05-28
10495,Customer_10495,Male,61,West,Consumer,2022-05-03
10496,Customer_10496,Male,27,North,Consumer,2022-04-22
10497,Customer_10497,Female,48,East,Small Business,2024-10-19
10498,Customer_10498,Male,23,West,Consumer,2024-10-08
10499,Customer_10499,Unknown,18,West,Consumer,2025-02-27
10500,Customer_10500,Unknown,24,North,Consumer,2022-03-09
10501,Customer_10501,Female,44,Central,Consumer,2024-04-07
10502,Customer_10502,Female,38,West,Consumer,2024-06-10
10503,Customer_10503,Male,45,Central,Consumer,2025-08-02
10504,Customer_10504,Female,33,East,Consumer,2024-10-25
10505,Customer_10505,Female,63,East,Consumer,2025-02-15
10506,Customer_10506,Male,40,Central,Consumer,2022-08-18
10507,Customer_10507,Female,69,Central,Consumer,2022-06-09
10508,Customer_10508,Female,37,East,Enterprise,2025-08-10
10509,Customer_10509,Other,55,South,Small Business,2022-07-05
10510,Customer_10510,Female,42,South,Consumer,2024-10-10
10511,Customer_10511,Female,45,South,Consumer,2024-05-26
10512,Customer_10512,Male,22,South,Enterprise,2023-07-06
10513,Customer_10513,Female,38,South,Consumer,2025-06-01
10514,Customer_10514,Female,35,Central,Consumer,2025-03-21
10515,Customer_10515,Male,64,North,Small Business,2025-03-09
10516,Customer_10516,Male,23,West,Consumer,2025-10-22
10517,Customer_10517,Male,46,North,Consumer,2025-02-25
10518,Customer_10518,Female,36,South,Enterprise,2025-10-06
10519,Customer_10519,Unknown,50,North,Small Business,2022-05-27
10520,Customer_10520,Male,18,South,Consumer,2025-08-01
10521,Customer_10521,Female,62,West,Consumer,2025-05-26
10522,Customer_10522,Male,20,Central,Consumer,2023-03-12
10523,Customer_10523,Other,59,South,Small Business,2024-01-02
10524,Customer_10524,Female,38,East,Consumer,2025-03-14
10525,Customer_10525,Female,52,East,Consumer,2025-07-24
10526,Customer_10526,Male,58,Central,Enterprise,2022-03-01
10527,Customer_10527,Male,57,West,Consumer,2024-04-22
10528,Customer_10528,Male,20,East,Consumer,2025-10-30
10529,Customer_10529,Male,42,West,Consumer,2023-02-08
10530,Customer_10530,Female,62,West,Consumer,2024-05-30
10531,Customer_10531,Female,55,North,Consumer,2025-02-11
10532,Customer_10532,Unknown,62,East,Enterprise,2023-09-07
10533,Customer_10533,Unknown,37,Central,Small Business,2022-12-02
10534,Customer_10534,Female,69,West,Consumer,2024-04-10
10535,Customer_10535,Female,61,East,Consumer,2022-10-12
10536,Customer_10536,Other,62,East,Consumer,2022-05-09
10537,Customer_10537,Female,51,South,Consumer,2022-11-11
10538,Customer_10538,Male,38,East,Consumer,2024-08-17
10539,Customer_10539,Male,65,West,Enterprise,2022-03-12
10540,Customer_10540,Male,40,East,Consumer,2022-12-11
10541,Customer_10541,Other,23,West,Consumer,2025-01-26
10542,Customer_10542,Female,68,Central,Consumer,2025-08-16
10543,Customer_10543,Male,30,North,Consumer,2022-06-25
10544,Customer_10544,Female,66,East,Consumer,2024-06-02
10545,Customer_10545,Female,40,East,Consumer,2025-01-03
10546,Customer_10546,Male,26,West,Consumer,2022-05-23
10547,Customer_10547,Male,34,South,Small Business,2024-07-19
10548,Customer_10548,Female,19,East,Consumer,2024-11-12
10549,Customer_10549,Female,36,Central,Consumer,2022-06-30
10550,Customer_10550,Female,36,East,Consumer,2024-12-04
10551,Customer_10551,Female,24,Central,Small Business,2022-04-02
10552,Customer_10552,Female,59,Central,Consumer,2025-07-16
10553,Customer_10553,Female,59,North,Consumer,2022-02-03
10554,Customer_10554,Female,37,South,Consumer,2023-11-09
10555,Customer_10555,Female,26,Central,Small Business,2025-10-19
10556,Customer_10556,Male,34,Central,Consumer,2025-03-02
10557,Customer_10557,Male,44,North,Consumer,2024-01-29
10558,Customer_10558,Male,64,North,Consumer,2023-01-17
10559,Customer_10559,Female,19,North,Consumer,2024-08-23
10560,Customer_10560,Female,53,Central,Consumer,2025-07-24
10561,Customer_10561,Female,36,North,Consumer,2025-03-25
10562,Customer_10562,Male,34,East,Small Business,2023-01-22
10563,Customer_10563,Male,22,West,Consumer,2023-06-19
10564,Customer_10564,Male,56,North,Consumer,2022-07-19
10565,Customer_10565,Male,35,East,Consumer,2022-10-02
10566,Customer_10566,Female,24,South,Consumer,2023-05-16
10567,Customer_10567,Male,34,Central,Consumer,2023-04-04
10568,Customer_10568,Male,56,South,Small Business,2022-02-19
10569,Customer_10569,Female,53,West,Enterprise,2024-08-27
10570,Customer_10570,Male,57,West,Consumer,2024-09-14
10571,Customer_10571,Female,62,South,Consumer,2023-06-16
10572,Customer_10572,Female,21,North,Consumer,2024-09-30
10573,Customer_10573,Male,55,East,Small Business,2023-09-20
10574,Customer_10574,Female,42,South,Small Business,2025-01-20
10575,Customer_10575,Female,22,West,Small Business,2022-12-05
10576,Customer_10576,Other,47,West,Small Business,2024-12-12
10577,Customer_10577,Male,29,East,Consumer,2022-01-04
10578,Customer_10578,Female,21,East,Consumer,2022-10-08
10579,Customer_10579,Female,41,East,Small Business,2025-08-06
10580,Customer_10580,Male,46,West,Consumer,2022-03-14
10581,Customer_10581,Male,26,East,Consumer,2025-03-06
10582,Customer_10582,Unknown,21,South,Consumer,2024-02-07
10583,Customer_10583,Female,68,South,Consumer,2024-08-28
10584,Customer_10584,Male,41,East,Consumer,2024-09-24
10585,Customer_10585,Female,31,East,Consumer,2025-11-17
10586,Customer_10586,Male,22,East,Small Business,2022-07-27
10587,Customer_10587,Male,35,North,Consumer,2022-09-17
10588,Customer_10588,Male,59,West,Consumer,2024-07-18
10589,Customer_10589,Male,36,South,Small Business,2022-09-20
10590,Customer_10590,Male,29,North,Consumer,2024-02-22
10591,Customer_10591,Male,35,East,Consumer,2023-05-20
10592,Customer_10592,Female,34,South,Consumer,2022-07-22
10593,Customer_10593,Male,47,East,Consumer,2025-10-02
10594,Customer_10594,Male,41,South,Consumer,2022-02-21
10595,Customer_10595,Female,28,East,Enterprise,2025-10-11
10596,Customer_10596,Female,52,East,Consumer,2022-12-29
10597,Customer_10597,Female,40,South,Consumer,2022-02-14
10598,Customer_10598,Male,34,North,Consumer,2024-04-06
10599,Customer_10599,Male,18,Central,Consumer,2025-11-02
10600,Customer_10600,Male,32,East,Small Business,2024-02-28
10601,Customer_10601,Male,49,East,Consumer,2025-12-06
10602,Customer_10602,Male,26,North,Consumer,2024-02-10
10603,Customer_10603,Male,32,East,Small Business,2022-05-22
10604,Customer_10604,Male,45,East,Consumer,2025-07-05
10605,Customer_10605,Male,41,East,Small Business,2024-03-07
10606,Customer_10606,Male,52,West,Consumer,2022-02-06
10607,Customer_10607,Male,39,North,Consumer,2022-02-14
10608,Customer_10608,Male,44,South,Small Business,2024-07-08
10609,Customer_10609,Female,36,West,Small Business,2024-12-05
10610,Customer_10610,Female,62,Central,Consumer,2023-07-19
10611,Customer_10611,Male,29,North,Consumer,2022-10-28
10612,Customer_10612,Female,37,East,Consumer,2022-10-15
10613,Customer_10613,Female,18,South,Consumer,2024-02-25
10614,Customer_10614,Male,38,North,Enterprise,2022-09-26
10615,Customer_10615,Female,66,South,Consumer,2024-03-01
10616,Customer_10616,Female,62,North,Consumer,2024-12-21
10617,Customer_10617,Male,18,West,Small Business,2023-08-04
10618,Customer_10618,Male,27,East,Consumer,2025-06-19
10619,Customer_10619,Female,64,North,Consumer,2024-07-24
10620,Customer_10620,Female,49,North,Enterprise,2022-12-20
10621,Customer_10621,Male,56,West,Small Business,2024-08-25
10622,Customer_10622,Male,39,North,Small Business,2022-03-12
10623,Customer_10623,Male,35,East,Consumer,2024-04-14
10624,Customer_10624,Female,65,South,Small Business,2023-02-17
10625,Customer_10625,Female,63,East,Consumer,2023-09-04
10626,Customer_10626,Male,49,South,Consumer,2024-12-20
10627,Customer_10627,Male,44,North,Enterprise,2023-09-07
10628,Customer_10628,Female,45,South,Consumer,2025-11-17
10629,Customer_10629,Male,35,North,Small Business,2023-06-13
10630,Customer_10630,Male,56,East,Consumer,2025-08-21
10631,Customer_10631,Female,66,West,Consumer,2022-07-10
10632,Customer_10632,Female,46,South,Small Business,2022-03-19
10633,Customer_10633,Female,35,North,Consumer,2024-06-07
10634,Customer_10634,Female,61,East,Consumer,2025-08-17
10635,Customer_10635,Male,25,East,Consumer,2024-08-06
10636,Customer_10636,Male,48,Central,Enterprise,2022-01-17
10637,Customer_10637,Female,51,East,Consumer,2024-03-25
10638,Customer_10638,Male,24,East,Consumer,2023-03-10
10639,Customer_10639,Male,53,East,Consumer,2024-12-02
10640,Customer_10640,Male,35,Central,Enterprise,2024-12-27
10641,Customer_10641,Male,55,West,Small Business,2025-11-04
10642,Customer_10642,Male,26,South,Small Business,2022-07-31
10643,Customer_10643,Male,26,South,Consumer,2022-07-22
10644,Customer_10644,Male,63,South,Consumer,2023-12-27
10645,Customer_10645,Male,25,East,Consumer,2022-04-19
10646,Customer_10646,Female,68,West,Consumer,2024-08-25
10647,Customer_10647,Female,52,East,Consumer,2022-10-11
10648,Customer_10648,Female,35,North,Enterprise,2024-07-29
10649,Customer_10649,Female,22,West,Small Business,2025-06-02
10650,Customer_10650,Female,31,West,Consumer,2024-01-07
10651,Customer_10651,Male,45,South,Consumer,2025-02-15
10652,Customer_10652,Female,47,West,Small Business,2024-07-20
10653,Customer_10653,Female,21,East,Consumer,2023-08-26
10654,Customer_10654,Female,56,Central,Consumer,2025-09-25
10655,Customer_10655,Male,37,West,Consumer,2025-07-28
10656,Customer_10656,Male,42,East,Consumer,2023-05-06
10657,Customer_10657,Male,45,West,Small Business,2022-01-19
10658,Customer_10658,Male,29,Central,Consumer,2025-04-13
10659,Customer_10659,Female,19,East,Consumer,2024-03-11
10660,Customer_10660,Female,60,South,Consumer,2024-01-30
10661,Customer_10661,Male,31,West,Small Business,2025-03-11
10662,Customer_10662,Unknown,39,South,Consumer,2024-07-17
10663,Customer_10663,Female,48,South,Consumer,2022-10-25
10664,Customer_10664,Male,40,Central,Enterprise,2023-12-06
10665,Customer_10665,Male,65,West,Enterprise,2024-03-25
10666,Customer_10666,Male,37,East,Enterprise,2024-03-13
10667,Customer_10667,Male,55,South,Small Business,2023-01-08
10668,Customer_10668,Male,21,South,Consumer,2024-07-16
10669,Customer_10669,Male,32,South,Consumer,2024-08-08
10670,Customer_10670,Male,41,North,Consumer,2024-04-23
10671,Customer_10671,Male,42,West,Consumer,2024-08-04
10672,Customer_10672,Female,18,South,Enterprise,2023-03-19
10673,Customer_10673,Male,24,East,Small Business,2025-06-25
10674,Customer_10674,Female,48,South,Small Business,2022-05-22
10675,Customer_10675,Male,29,Central,Consumer,2023-02-06
10676,Customer_10676,Unknown,59,South,Enterprise,2024-04-02
10677,Customer_10677,Male,22,North,Small Business,2022-08-10
10678,Customer_10678,Male,61,North,Consumer,2024-01-07
10679,Customer_10679,Other,67,East,Small Business,2025-04-22
10680,Customer_10680,Female,59,East,Consumer,2025-10-19
10681,Customer_10681,Female,55,East,Consumer,2024-09-20
10682,Customer_10682,Male,29,East,Small Business,2025-04-26
10683,Customer_10683,Male,56,North,Small Business,2022-04-23
10684,Customer_10684,Female,35,East,Consumer,2025-04-19
10685,Customer_10685,Female,19,East,Consumer,2025-05-07
10686,Customer_10686,Female,27,North,Enterprise,2024-12-29
10687,Customer_10687,Female,32,North,Small Business,2023-08-21
10688,Customer_10688,Male,47,North,Small Business,2024-06-22
10689,Customer_10689,Female,61,North,Consumer,2023-04-30
10690,Customer_10690,Male,34,East,Consumer,2025-11-23
10691,Customer_10691,Male,21,North,Consumer,2023-07-05
10692,Customer_10692,Male,24,South,Consumer,2024-10-30
10693,Customer_10693,Female,58,North,Consumer,2022-01-03
10694,Customer_10694,Male,48,Central,Consumer,2023-10-24
10695,Customer_10695,Male,68,Central,Consumer,2022-03-08
10696,Customer_10696,Female,56,South,Consumer,2023-12-06
10697,Customer_10697,Male,51,South,Small Business,2025-01-25
10698,Customer_10698,Female,23,South,Consumer,2025-09-03
10699,Customer_10699,Male,67,East,Consumer,2022-04-08
10700,Customer_10700,Female,55,North,Consumer,2024-12-16
10701,Customer_10701,Female,62,West,Consumer,2025-02-04
10702,Customer_10702,Male,68,East,Consumer,2022-03-29
10703,Customer_10703,Male,51,Central,Enterprise,2024-08-29
10704,Customer_10704,Male,61,North,Small Business,2023-10-15
10705,Customer_10705,Male,32,West,Consumer,2023-10-18
10706,Customer_10706,Unknown,31,West,Consumer,2024-06-30
10707,Customer_10707,Male,23,North,Consumer,2023-01-06
10708,Customer_10708,Female,67,South,Small Business,2023-01-10
10709,Customer_10709,Male,54,North,Consumer,2022-02-21
10710,Customer_10710,Female,67,South,Consumer,2022-02-10
10711,Customer_10711,Female,49,South,Small Business,2024-03-26
10712,Customer_10712,Female,20,East,Small Business,2022-04-01
10713,Customer_10713,Female,20,East,Small Business,2022-02-08
10714,Customer_10714,Male,39,Central,Small Business,2024-11-02
10715,Customer_10715,Male,39,North,Enterprise,2024-06-18
10716,Customer_10716,Female,27,Central,Consumer,2023-09-13
10717,Customer_10717,Female,68,South,Consumer,2022-04-14
10718,Customer_10718,Other,20,West,Small Business,2024-01-13
10719,Customer_10719,Male,29,South,Small Business,2022-02-12
10720,Customer_10720,Female,46,North,Enterprise,2022-07-28
10721,Customer_10721,Female,65,Central,Consumer,2023-08-23
10722,Customer_10722,Male,34,South,Consumer,2023-08-28
10723,Customer_10723,Male,24,West,Consumer,2023-04-21
10724,Customer_10724,Female,30,East,Consumer,2022-04-19
10725,Customer_10725,Female,19,East,Consumer,2022-08-02
10726,Customer_10726,Female,21,East,Small Business,2023-02-13
10727,Customer_10727,Male,27,West,Consumer,2024-02-10
10728,Customer_10728,Female,56,North,Small Business,2023-09-25
10729,Customer_10729,Male,41,West,Small Business,2022-03-18
10730,Customer_10730,Male,34,Central,Consumer,2022-04-05
10731,Customer_10731,Male,69,North,Consumer,2022-09-26
10732,Customer_10732,Female,23,North,Consumer,2022-12-27
10733,Customer_10733,Female,36,West,Small Business,2023-06-14
10734,Customer_10734,Female,22,East,Small Business,2023-11-14
10735,Customer_10735,Male,49,East,Small Business,2022-06-11
10736,Customer_10736,Female,27,North,Enterprise,2023-04-10
10737,Customer_10737,Male,26,East,Consumer,2024-04-02
10738,Customer_10738,Female,44,North,Enterprise,2023-07-02
10739,Customer_10739,Male,30,East,Small Business,2025-04-25
10740,Customer_10740,Male,36,West,Small Business,2022-02-21
10741,Customer_10741,Male,38,South,Consumer,2023-05-03
10742,Customer_10742,Male,41,East,Enterprise,2025-11-20
10743,Customer_10743,Female,55,Central,Consumer,2022-04-02
10744,Customer_10744,Female,21,West,Small Business,2023-10-13
10745,Customer_10745,Male,41,West,Consumer,2022-12-23
10746,Customer_10746,Female,52,East,Consumer,2023-12-20
10747,Customer_10747,Male,20,West,Consumer,2025-03-13
10748,Customer_10748,Female,21,North,Consumer,2022-07-18
10749,Customer_10749,Female,54,North,Consumer,2024-03-25
10750,Customer_10750,Female,57,South,Small Business,2025-09-08
10751,Customer_10751,Male,65,East,Consumer,2025-09-17
10752,Customer_10752,Female,52,West,Consumer,2025-07-11
10753,Customer_10753,Female,48,South,Consumer,2022-08-05
10754,Customer_10754,Male,61,West,Consumer,2023-07-10
10755,Customer_10755,Male,42,West,Consumer,2025-12-28
10756,Customer_10756,Female,57,East,Consumer,2024-03-13
10757,Customer_10757,Female,30,South,Consumer,2023-12-02
10758,Customer_10758,Female,21,East,Small Business,2023-05-18
10759,Customer_10759,Female,63,South,Consumer,2023-04-14
10760,Customer_10760,Female,31,North,Consumer,2023-01-01
10761,Customer_10761,Male,30,Central,Consumer,2025-06-16
10762,Customer_10762,Male,44,North,Enterprise,2023-09-16
10763,Customer_10763,Male,23,North,Consumer,2024-07-08
10764,Customer_10764,Female,34,Central,Consumer,2023-07-15
10765,Customer_10765,Male,53,South,Consumer,2024-04-02
10766,Customer_10766,Female,57,West,Consumer,2024-08-24
10767,Customer_10767,Female,66,South,Consumer,2023-10-25
10768,Customer_10768,Female,52,South,Consumer,2024-01-21
10769,Customer_10769,Male,34,South,Consumer,2025-11-20
10770,Customer_10770,Female,58,South,Consumer,2025-11-19
10771,Customer_10771,Male,19,East,Consumer,2025-01-03
10772,Customer_10772,Female,30,West,Small Business,2025-01-26
10773,Customer_10773,Male,69,East,Enterprise,2023-01-18
10774,Customer_10774,Male,19,Central,Consumer,2025-10-25
10775,Customer_10775,Female,69,North,Consumer,2025-08-01
10776,Customer_10776,Male,45,East,Enterprise,2025-07-03
10777,Customer_10777,Male,60,East,Small Business,2022-11-05
10778,Customer_10778,Female,43,Central,Consumer,2022-06-25
10779,Customer_10779,Female,39,North,Small Business,2022-08-16
10780,Customer_10780,Female,64,East,Consumer,2022-12-13
10781,Customer_10781,Female,60,Central,Consumer,2025-09-27
10782,Customer_10782,Female,20,South,Consumer,2025-06-16
10783,Customer_10783,Male,52,Central,Consumer,2024-10-17
10784,Customer_10784,Male,29,North,Consumer,2022-12-16
10785,Customer_10785,Male,41,West,Consumer,2023-03-31
10786,Customer_10786,Female,22,Central,Small Business,2023-03-17
10787,Customer_10787,Female,37,West,Consumer,2024-01-31
10788,Customer_10788,Male,56,East,Consumer,2023-05-30
10789,Customer_10789,Male,56,North,Consumer,2025-01-09
10790,Customer_10790,Other,30,Central,Consumer,2025-10-16
10791,Customer_10791,Male,58,East,Consumer,2022-10-15
10792,Customer_10792,Female,62,North,Enterprise,2022-01-08
10793,Customer_10793,Female,29,West,Consumer,2022-03-28
10794,Customer_10794,Female,30,East,Consumer,2024-09-24
10795,Customer_10795,Male,27,North,Small Business,2022-10-13
10796,Customer_10796,Female,50,South,Consumer,2025-11-23
10797,Customer_10797,Female,57,North,Small Business,2022-03-15
10798,Customer_10798,Female,33,East,Consumer,2025-02-20
10799,Customer_10799,Female,62,East,Consumer,2025-11-01
10800,Customer_10800,Female,52,East,Consumer,2024-03-16
10801,Customer_10801,Female,20,West,Consumer,2025-03-12
10802,Customer_10802,Male,22,Central,Consumer,2022-06-07
10803,Customer_10803,Female,43,East,Small Business,2023-03-06
10804,Customer_10804,Female,28,North,Small Business,2025-12-04
10805,Customer_10805,Male,24,West,Small Business,2025-10-26
10806,Customer_10806,Female,27,East,Small Business,2025-02-06
10807,Customer_10807,Female,59,East,Consumer,2024-04-25
10808,Customer_10808,Female,69,East,Consumer,2022-02-05
10809,Customer_10809,Male,51,South,Consumer,2025-01-18
10810,Customer_10810,Male,20,Central,Small Business,2024-10-17
10811,Customer_10811,Unknown,25,North,Consumer,2024-08-31
10812,Customer_10812,Female,48,West,Consumer,2025-12-09
10813,Customer_10813,Male,28,North,Small Business,2024-10-14
10814,Customer_10814,Female,62,Central,Consumer,2025-08-12
10815,Customer_10815,Female,24,North,Consumer,2023-12-14
10816,Customer_10816,Female,62,North,Consumer,2024-12-05
10817,Customer_10817,Female,19,South,Consumer,2023-05-03
10818,Customer_10818,Male,23,South,Small Business,2023-09-11
10819,Customer_10819,Male,58,South,Enterprise,2022-06-19
10820,Customer_10820,Male,49,East,Consumer,2022-05-26
10821,Customer_10821,Female,37,East,Consumer,2024-05-17
10822,Customer_10822,Male,51,North,Small Business,2023-02-24
10823,Customer_10823,Male,67,South,Consumer,2023-07-27
10824,Customer_10824,Male,33,West,Consumer,2024-10-23
10825,Customer_10825,Female,42,West,Enterprise,2025-07-10
10826,Customer_10826,Female,29,West,Small Business,2024-03-09
10827,Customer_10827,Male,24,West,Consumer,2022-11-17
10828,Customer_10828,Male,56,South,Consumer,2022-09-03
10829,Customer_10829,Female,34,North,Small Business,2023-04-22
10830,Customer_10830,Male,62,South,Small Business,2025-07-06
10831,Customer_10831,Male,28,West,Small Business,2025-01-21
10832,Customer_10832,Male,23,Central,Consumer,2024-02-22
10833,Customer_10833,Male,40,East,Enterprise,2023-06-17
10834,Customer_10834,Male,44,North,Consumer,2025-09-24
10835,Customer_10835,Female,63,North,Small Business,2025-07-07
10836,Customer_10836,Male,23,South,Consumer,2022-08-25
10837,Customer_10837,Female,55,East,Consumer,2025-03-10
10838,Customer_10838,Male,19,North,Enterprise,2024-09-01
10839,Customer_10839,Female,39,Central,Consumer,2023-11-10
10840,Customer_10840,Female,37,South,Consumer,2023-08-02
10841,Customer_10841,Male,42,Central,Small Business,2025-10-05
10842,Customer_10842,Female,32,West,Consumer,2022-05-10
10843,Customer_10843,Male,66,West,Small Business,2022-01-11
10844,Customer_10844,Other,46,East,Consumer,2022-09-14
10845,Customer_10845,Male,25,East,Consumer,2024-03-26
10846,Customer_10846,Male,54,East,Enterprise,2023-01-04
10847,Customer_10847,Male,66,East,Consumer,2024-08-01
10848,Customer_10848,Unknown,69,East,Small Business,2025-11-18
10849,Customer_10849,Female,50,Central,Consumer,2025-12-13
10850,Customer_10850,Female,39,West,Small Business,2024-05-31
10851,Customer_10851,Male,67,West,Consumer,2022-01-19
10852,Customer_10852,Female,64,Central,Consumer,2022-04-20
10853,Customer_10853,Male,22,South,Small Business,2025-12-31
10854,Customer_10854,Female,56,North,Consumer,2023-05-20
10855,Customer_10855,Male,35,East,Small Business,2024-11-23
10856,Customer_10856,Male,55,East,Small Business,2025-08-04
10857,Customer_10857,Male,54,West,Small Business,2024-09-29
10858,Customer_10858,Female,47,East,Enterprise,2022-09-12
10859,Customer_10859,Female,68,East,Consumer,2023-09-30
10860,Customer_10860,Male,48,East,Consumer,2022-05-14
10861,Customer_10861,Female,27,North,Consumer,2023-05-14
10862,Customer_10862,Male,32,East,Consumer,2023-02-01
10863,Customer_10863,Female,59,West,Consumer,2023-10-09
10864,Customer_10864,Male,65,North,Consumer,2023-11-16
10865,Customer_10865,Male,61,East,Consumer,2025-05-21
10866,Customer_10866,Female,35,East,Consumer,2025-10-05
10867,Customer_10867,Male,40,North,Consumer,2022-01-19
10868,Customer_10868,Male,50,North,Small Business,2024-10-07
10869,Customer_10869,Female,33,Central,Consumer,2022-04-29
10870,Customer_10870,Other,55,South,Consumer,2022-10-29
10871,Customer_10871,Male,52,South,Small Business,2025-08-01
10872,Customer_10872,Male,51,North,Consumer,2022-08-15
10873,Customer_10873,Female,45,West,Enterprise,2025-05-20
10874,Customer_10874,Male,19,East,Consumer,2022-12-22
10875,Customer_10875,Male,47,East,Consumer,2023-12-02
10876,Customer_10876,Male,30,North,Small Business,2023-05-02
10877,Customer_10877,Female,58,Central,Small Business,2025-09-06
10878,Customer_10878,Female,33,South,Consumer,2022-08-11
10879,Customer_10879,Male,22,South,Small Business,2025-04-29
10880,Customer_10880,Male,45,East,Consumer,2024-09-21
10881,Customer_10881,Male,56,South,Consumer,2023-05-15
10882,Customer_10882,Female,62,Central,Consumer,2025-06-14
10883,Customer_10883,Male,37,Central,Consumer,2024-11-11
10884,Customer_10884,Male,41,South,Consumer,2025-09-12
10885,Customer_10885,Female,44,Central,Enterprise,2025-02-24
10886,Customer_10886,Male,47,West,Consumer,2022-12-31
10887,Customer_10887,Female,62,Central,Consumer,2024-12-03
10888,Customer_10888,Male,44,South,Consumer,2023-06-03
10889,Customer_10889,Male,43,East,Small Business,2025-02-25
10890,Customer_10890,Male,24,South,Enterprise,2025-02-27
10891,Customer_10891,Female,59,West,Small Business,2023-06-13
10892,Customer_10892,Female,64,North,Enterprise,2025-09-06
10893,Customer_10893,Female,55,East,Small Business,2022-07-05
10894,Customer_10894,Male,22,South,Enterprise,2024-03-08
10895,Customer_10895,Female,40,South,Small Business,2024-09-08
10896,Customer_10896,Male,45,East,Consumer,2022-12-14
10897,Customer_10897,Male,51,Central,Consumer,2024-07-10
10898,Customer_10898,Female,32,East,Consumer,2024-07-09
10899,Customer_10899,Male,49,Central,Consumer,2024-08-14
10900,Customer_10900,Male,43,South,Consumer,2022-12-27
10901,Customer_10901,Male,65,East,Consumer,2025-08-03
10902,Customer_10902,Male,48,East,Enterprise,2022-07-01
10903,Customer_10903,Male,36,North,Consumer,2022-04-07
10904,Customer_10904,Female,26,East,Small Business,2023-07-17
10905,Customer_10905,Male,46,West,Small Business,2022-11-10
10906,Customer_10906,Female,68,East,Enterprise,2024-08-12
10907,Customer_10907,Female,56,West,Enterprise,2022-01-21
10908,Customer_10908,Male,21,East,Small Business,2024-03-15
10909,Customer_10909,Male,20,North,Consumer,2023-07-30
10910,Customer_10910,Male,46,North,Consumer,2023-02-07
10911,Customer_10911,Female,69,East,Consumer,2025-02-21
10912,Customer_10912,Male,28,South,Small Business,2023-09-05
10913,Customer_10913,Female,50,North,Small Business,2025-02-16
10914,Customer_10914,Male,55,East,Small Business,2024-08-27
10915,Customer_10915,Female,28,East,Consumer,2023-11-24
10916,Customer_10916,Male,44,South,Consumer,2024-08-16
10917,Customer_10917,Male,50,West,Consumer,2024-05-21
10918,Customer_10918,Other,38,East,Consumer,2024-04-19
10919,Customer_10919,Female,56,South,Consumer,2022-04-13
10920,Customer_10920,Male,48,West,Consumer,2022-11-29
10921,Customer_10921,Female,55,East,Small Business,2025-02-27
10922,Customer_10922,Female,63,East,Consumer,2024-01-23
10923,Customer_10923,Female,19,East,Consumer,2022-05-14
10924,Customer_10924,Female,44,North,Enterprise,2025-03-26
10925,Customer_10925,Male,53,West,Consumer,2023-03-01
10926,Customer_10926,Male,28,South,Consumer,2025-12-29
10927,Customer_10927,Male,64,Central,Consumer,2025-11-13
10928,Customer_10928,Female,35,West,Consumer,2024-07-25
10929,Customer_10929,Female,18,East,Consumer,2025-09-03
10930,Customer_10930,Male,52,South,Consumer,2023-05-20
10931,Customer_10931,Male,52,South,Consumer,2024-05-20
10932,Customer_10932,Female,48,South,Consumer,2022-07-09
10933,Customer_10933,Unknown,45,East,Consumer,2023-09-04
10934,Customer_10934,Female,56,South,Small Business,2025-12-05
10935,Customer_10935,Male,18,East,Consumer,2022-02-21
10936,Customer_10936,Male,42,North,Enterprise,2023-09-04
10937,Customer_10937,Male,60,Central,Consumer,2025-11-06
10938,Customer_10938,Female,55,North,Consumer,2023-01-09
10939,Customer_10939,Male,37,Central,Small Business,2023-01-10
10940,Customer_10940,Female,20,Central,Consumer,2023-01-24
10941,Customer_10941,Male,68,East,Consumer,2023-11-05
10942,Customer_10942,Female,19,West,Small Business,2024-03-14
10943,Customer_10943,Female,35,East,Consumer,2023-02-08
10944,Customer_10944,Female,61,East,Small Business,2023-08-16
10945,Customer_10945,Male,27,South,Enterprise,2024-01-02
10946,Customer_10946,Male,22,South,Consumer,2023-05-20
10947,Customer_10947,Male,26,East,Consumer,2022-03-24
10948,Customer_10948,Female,19,East,Consumer,2022-11-15
10949,Customer_10949,Female,51,East,Enterprise,2024-12-26
10950,Customer_10950,Female,55,South,Small Business,2023-02-18
10951,Customer_10951,Female,48,South,Enterprise,2023-03-29
10952,Customer_10952,Female,27,North,Consumer,2024-01-16
10953,Customer_10953,Male,67,North,Small Business,2022-07-17
10954,Customer_10954,Female,29,South,Consumer,2022-09-16
10955,Customer_10955,Male,53,North,Consumer,2022-10-25
10956,Customer_10956,Male,38,North,Enterprise,2025-07-27
10957,Customer_10957,Female,66,West,Consumer,2022-10-27
10958,Customer_10958,Male,64,North,Enterprise,2022-05-09
10959,Customer_10959,Male,23,West,Consumer,2023-05-13
10960,Customer_10960,Female,65,South,Small Business,2023-03-14
10961,Customer_10961,Male,66,Central,Consumer,2025-08-08
10962,Customer_10962,Female,20,East,Consumer,2022-07-26
10963,Customer_10963,Male,27,South,Consumer,2022-10-21
10964,Customer_10964,Male,22,East,Consumer,2022-01-29
10965,Customer_10965,Male,63,South,Consumer,2022-06-28
10966,Customer_10966,Male,43,East,Small Business,2022-02-10
10967,Customer_10967,Female,38,North,Consumer,2025-04-30
10968,Customer_10968,Male,62,Central,Consumer,2022-12-10
10969,Customer_10969,Female,43,East,Consumer,2024-03-26
10970,Customer_10970,Female,55,South,Consumer,2024-01-07
10971,Customer_10971,Female,61,West,Small Business,2023-09-18
10972,Customer_10972,Female,43,South,Small Business,2022-10-05
10973,Customer_10973,Female,25,West,Consumer,2025-10-10
10974,Customer_10974,Male,22,East,Consumer,2023-06-13
10975,Customer_10975,Male,32,West,Small Business,2022-03-27
10976,Customer_10976,Male,33,North,Consumer,2022-11-13
10977,Customer_10977,Female,18,West,Consumer,2023-11-24
10978,Customer_10978,Male,33,West,Consumer,2025-09-22
10979,Customer_10979,Female,54,South,Consumer,2024-05-12
10980,Customer_10980,Female,20,North,Consumer,2025-03-14
10981,Customer_10981,Male,69,South,Consumer,2022-11-11
10982,Customer_10982,Female,64,Central,Consumer,2022-08-13
10983,Customer_10983,Male,48,South,Consumer,2025-12-17
10984,Customer_10984,Male,30,East,Consumer,2024-12-13
10985,Customer_10985,Female,33,North,Consumer,2022-03-09
10986,Customer_10986,Female,60,South,Consumer,2025-09-19
10987,Customer_10987,Female,38,East,Consumer,2024-10-17
10988,Customer_10988,Male,19,Central,Enterprise,2025-01-05
10989,Customer_10989,Male,44,East,Consumer,2024-05-05
10990,Customer_10990,Female,55,West,Small Business,2025-03-24
10991,Customer_10991,Female,43,East,Consumer,2024-12-31
10992,Customer_10992,Female,55,North,Small Business,2025-10-14
10993,Customer_10993,Male,63,South,Consumer,2025-07-24
10994,Customer_10994,Female,42,East,Consumer,2024-06-01
10995,Customer_10995,Male,28,Central,Small Business,2025-08-29
10996,Customer_10996,Male,25,Central,Consumer,2025-02-02
10997,Customer_10997,Female,25,South,Small Business,2024-08-28
10998,Customer_10998,Male,50,South,Consumer,2025-01-23
10999,Customer_10999,Other,24,South,Enterprise,2025-05-27
11000,Customer_11000,Male,55,Central,Small Business,2025-02-25
11001,Customer_11001,Male,38,Central,Enterprise,2022-07-19
11002,Customer_11002,Female,25,West,Consumer,2022-11-28
11003,Customer_11003,Female,68,South,Consumer,2023-07-01
11004,Customer_11004,Female,38,East,Small Business,2025-08-08
11005,Customer_11005,Female,37,East,Small Business,2022-03-07
11006,Customer_11006,Female,25,South,Enterprise,2024-01-01
11007,Customer_11007,Female,63,East,Consumer,2023-07-22
11008,Customer_11008,Female,48,North,Small Business,2023-10-19
11009,Customer_11009,Male,67,North,Consumer,2023-02-08
11010,Customer_11010,Female,46,Central,Consumer,2023-09-10
11011,Customer_11011,Male,65,West,Consumer,2023-08-19
11012,Customer_11012,Unknown,26,East,Consumer,2023-10-10
11013,Customer_11013,Other,32,East,Enterprise,2022-05-26
11014,Customer_11014,Male,47,South,Consumer,2024-01-31
11015,Customer_11015,Female,43,West,Consumer,2025-11-26
11016,Customer_11016,Female,27,West,Consumer,2022-05-05
11017,Customer_11017,Male,46,West,Consumer,2025-09-17
11018,Customer_11018,Female,33,West,Consumer,2023-04-25
11019,Customer_11019,Female,53,South,Consumer,2024-09-28
11020,Customer_11020,Male,37,South,Consumer,2023-12-13
11021,Customer_11021,Female,62,East,Small Business,2023-12-16
11022,Customer_11022,Male,54,South,Enterprise,2025-11-22
11023,Customer_11023,Female,39,West,Consumer,2024-03-25
11024,Customer_11024,Unknown,24,South,Consumer,2024-11-19
11025,Customer_11025,Other,40,North,Consumer,2022-02-25
11026,Customer_11026,Female,58,South,Small Business,2022-05-12
11027,Customer_11027,Female,57,Central,Consumer,2022-08-19
11028,Customer_11028,Female,46,South,Consumer,2023-01-30
11029,Customer_11029,Male,33,East,Consumer,2025-03-21
11030,Customer_11030,Female,55,East,Enterprise,2024-09-08
11031,Customer_11031,Male,45,North,Consumer,2024-08-20
11032,Customer_11032,Female,65,East,Consumer,2024-07-21
11033,Customer_11033,Male,55,West,Enterprise,2025-11-10
11034,Customer_11034,Male,48,East,Small Business,2024-06-26
11035,Customer_11035,Male,31,Central,Small Business,2023-06-17
11036,Customer_11036,Female,50,South,Consumer,2024-08-22
11037,Customer_11037,Male,26,North,Enterprise,2023-03-24
11038,Customer_11038,Female,44,Central,Small Business,2022-05-06
11039,Customer_11039,Male,41,South,Small Business,2023-07-09
11040,Customer_11040,Male,30,East,Small Business,2023-11-25
11041,Customer_11041,Female,43,West,Small Business,2023-05-04
11042,Customer_11042,Female,46,South,Consumer,2023-09-04
11043,Customer_11043,Male,68,West,Consumer,2024-06-09
11044,Customer_11044,Female,66,North,Small Business,2023-03-22
11045,Customer_11045,Female,60,South,Consumer,2025-10-04
11046,Customer_11046,Female,45,North,Consumer,2023-05-23
11047,Customer_11047,Male,45,West,Consumer,2023-04-02
11048,Customer_11048,Male,25,South,Small Business,2024-09-12
11049,Customer_11049,Female,40,West,Consumer,2023-01-20
11050,Customer_11050,Male,46,Central,Small Business,2023-12-13
11051,Customer_11051,Female,22,East,Consumer,2024-07-17
11052,Customer_11052,Female,59,East,Consumer,2025-02-12
11053,Customer_11053,Female,24,East,Consumer,2023-03-28
11054,Customer_11054,Female,59,South,Consumer,2023-10-16
11055,Customer_11055,Unknown,53,East,Consumer,2025-02-16
11056,Customer_11056,Male,58,East,Consumer,2025-01-21
11057,Customer_11057,Female,44,Central,Consumer,2023-06-05
11058,Customer_11058,Male,63,Central,Enterprise,2023-06-22
11059,Customer_11059,Female,19,Central,Consumer,2025-12-27
11060,Customer_11060,Female,42,Central,Small Business,2022-05-25
11061,Customer_11061,Female,26,East,Consumer,2024-12-27
11062,Customer_11062,Unknown,44,West,Consumer,2023-12-01
11063,Customer_11063,Female,18,Central,Consumer,2022-05-11
11064,Customer_11064,Male,40,South,Small Business,2024-01-03
11065,Customer_11065,Male,27,Central,Small Business,2025-07-28
11066,Customer_11066,Female,59,East,Small Business,2023-05-28
11067,Customer_11067,Male,69,East,Consumer,2023-10-02
11068,Customer_11068,Male,42,West,Small Business,2022-01-01
11069,Customer_11069,Male,20,Central,Consumer,2023-03-08
11070,Customer_11070,Male,23,South,Consumer,2023-01-26
11071,Customer_11071,Male,23,West,Consumer,2025-07-13
11072,Customer_11072,Male,19,East,Consumer,2023-02-03
11073,Customer_11073,Male,35,South,Consumer,2024-03-18
11074,Customer_11074,Male,40,West,Small Business,2025-07-03
11075,Customer_11075,Unknown,19,East,Consumer,2023-01-30
11076,Customer_11076,Male,29,West,Consumer,2024-08-09
11077,Customer_11077,Male,39,South,Consumer,2022-06-23
11078,Customer_11078,Female,54,East,Small Business,2024-12-04
11079,Customer_11079,Male,37,East,Consumer,2024-05-04
11080,Customer_11080,Other,56,East,Consumer,2025-03-10
11081,Customer_11081,Female,41,North,Small Business,2023-06-23
11082,Customer_11082,Male,65,Central,Consumer,2024-01-15
11083,Customer_11083,Male,37,East,Consumer,2023-12-22
11084,Customer_11084,Female,18,West,Consumer,2022-02-19
11085,Customer_11085,Other,18,East,Consumer,2024-12-20
11086,Customer_11086,Male,34,South,Small Business,2022-08-31
11087,Customer_11087,Female,18,East,Consumer,2025-07-16
11088,Customer_11088,Male,69,East,Consumer,2025-03-09
11089,Customer_11089,Unknown,62,East,Consumer,2025-03-26
11090,Customer_11090,Male,47,East,Consumer,2023-08-20
11091,Customer_11091,Other,58,East,Small Business,2022-10-03
11092,Customer_11092,Female,64,North,Consumer,2024-11-20
11093,Customer_11093,Female,20,East,Consumer,2022-01-08
11094,Customer_11094,Female,63,North,Small Business,2023-12-16
11095,Customer_11095,Male,28,North,Small Business,2022-02-02
11096,Customer_11096,Male,41,Central,Small Business,2024-03-20
11097,Customer_11097,Male,39,East,Consumer,2024-07-16
11098,Customer_11098,Male,61,West,Small Business,2024-05-11
11099,Customer_11099,Female,62,East,Consumer,2022-02-06
11100,Customer_11100,Male,43,Central,Consumer,2022-02-03
11101,Customer_11101,Male,30,East,Consumer,2023-03-31
11102,Customer_11102,Other,18,West,Small Business,2023-03-20
11103,Customer_11103,Female,41,South,Consumer,2025-06-14
11104,Customer_11104,Female,27,Central,Consumer,2022-07-31
11105,Customer_11105,Unknown,52,West,Consumer,2025-03-09
11106,Customer_11106,Male,41,Central,Consumer,2023-12-03
11107,Customer_11107,Male,45,North,Small Business,2023-08-31
11108,Customer_11108,Female,53,South,Consumer,2024-09-08
11109,Customer_11109,Female,33,South,Consumer,2022-12-27
11110,Customer_11110,Male,57,South,Small Business,2022-10-31
11111,Customer_11111,Female,33,Central,Consumer,2022-10-23
11112,Customer_11112,Male,34,North,Small Business,2022-06-01
11113,Customer_11113,Male,68,North,Small Business,2025-05-31
11114,Customer_11114,Female,32,South,Enterprise,2025-05-04
11115,Customer_11115,Female,33,North,Small Business,2023-08-23
11116,Customer_11116,Female,32,South,Consumer,2025-08-15
11117,Customer_11117,Male,51,West,Consumer,2022-07-30
11118,Customer_11118,Female,28,East,Consumer,2022-08-20
11119,Customer_11119,Male,18,North,Consumer,2024-05-19
11120,Customer_11120,Male,32,East,Consumer,2023-11-26
11121,Customer_11121,Female,43,East,Consumer,2023-01-02
11122,Customer_11122,Other,68,North,Small Business,2023-04-26
11123,Customer_11123,Female,21,West,Consumer,2023-07-26
11124,Customer_11124,Female,60,West,Consumer,2025-04-17
11125,Customer_11125,Female,22,West,Consumer,2024-07-18
11126,Customer_11126,Female,52,West,Consumer,2024-11-05
11127,Customer_11127,Male,30,North,Enterprise,2023-04-11
11128,Customer_11128,Male,27,Central,Consumer,2025-11-26
11129,Customer_11129,Male,28,West,Consumer,2022-10-21
11130,Customer_11130,Male,35,Central,Consumer,2022-06-20
11131,Customer_11131,Female,51,North,Consumer,2024-11-21
11132,Customer_11132,Female,56,Central,Consumer,2022-09-20
11133,Customer_11133,Male,58,West,Small Business,2025-05-23
11134,Customer_11134,Male,59,West,Consumer,2023-07-12
11135,Customer_11135,Female,67,North,Consumer,2022-07-08
11136,Customer_11136,Male,40,West,Consumer,2024-02-25
11137,Customer_11137,Female,24,Central,Small Business,2023-08-06
11138,Customer_11138,Female,56,West,Small Business,2024-09-28
11139,Customer_11139,Female,20,East,Consumer,2023-08-23
11140,Customer_11140,Female,29,Central,Consumer,2024-04-25
11141,Customer_11141,Female,24,East,Small Business,2025-07-08
11142,Customer_11142,Male,66,East,Small Business,2025-04-20
11143,Customer_11143,Female,43,East,Small Business,2022-12-08
11144,Customer_11144,Female,50,Central,Small Business,2024-08-11
11145,Customer_11145,Male,54,North,Consumer,2022-01-22
11146,Customer_11146,Female,65,East,Consumer,2025-01-02
11147,Customer_11147,Female,32,West,Small Business,2022-06-15
11148,Customer_11148,Female,19,West,Enterprise,2022-08-22
11149,Customer_11149,Female,58,East,Consumer,2025-10-30
11150,Customer_11150,Female,24,Central,Consumer,2025-12-27
11151,Customer_11151,Female,49,Central,Enterprise,2023-10-03
11152,Customer_11152,Female,21,North,Consumer,2025-09-19
11153,Customer_11153,Female,37,East,Small Business,2023-08-30
11154,Customer_11154,Female,67,North,Consumer,2023-06-24
11155,Customer_11155,Female,53,South,Consumer,2024-11-24
11156,Customer_11156,Female,49,East,Consumer,2025-06-08
11157,Customer_11157,Male,45,Central,Consumer,2022-11-14
11158,Customer_11158,Female,30,West,Consumer,2022-12-09
11159,Customer_11159,Female,18,North,Consumer,2025-12-24
11160,Customer_11160,Male,52,North,Small Business,2024-09-05
11161,Customer_11161,Female,65,East,Enterprise,2023-09-29
11162,Customer_11162,Male,47,East,Consumer,2022-03-20
11163,Customer_11163,Male,53,South,Consumer,2024-06-11
11164,Customer_11164,Female,42,Central,Consumer,2023-07-27
11165,Customer_11165,Male,33,Central,Consumer,2023-03-25
11166,Customer_11166,Female,36,East,Consumer,2022-10-09
11167,Customer_11167,Female,18,Central,Consumer,2023-11-06
11168,Customer_11168,Female,22,South,Consumer,2022-02-26
11169,Customer_11169,Male,68,West,Consumer,2022-07-10
11170,Customer_11170,Male,39,East,Consumer,2023-10-06
11171,Customer_11171,Female,41,North,Small Business,2022-02-11
11172,Customer_11172,Unknown,60,Central,Consumer,2025-04-11
11173,Customer_11173,Female,62,East,Small Business,2023-11-10
11174,Customer_11174,Male,69,West,Enterprise,2025-06-27
11175,Customer_11175,Female,54,South,Enterprise,2023-05-17
11176,Customer_11176,Female,53,North,Enterprise,2025-05-01
11177,Customer_11177,Female,53,North,Consumer,2024-02-29
11178,Customer_11178,Male,21,East,Consumer,2024-01-20
11179,Customer_11179,Female,53,West,Consumer,2024-01-12
11180,Customer_11180,Female,69,South,Small Business,2022-06-14
11181,Customer_11181,Other,35,West,Small Business,2024-01-25
11182,Customer_11182,Male,67,West,Small Business,2022-03-31
11183,Customer_11183,Female,33,West,Consumer,2024-09-13
11184,Customer_11184,Female,58,East,Small Business,2024-12-17
11185,Customer_11185,Male,35,Central,Consumer,2025-07-10
11186,Customer_11186,Female,39,East,Consumer,2023-10-10
11187,Customer_11187,Female,19,East,Small Business,2024-01-20
11188,Customer_11188,Male,38,North,Consumer,2024-03-29
11189,Customer_11189,Male,53,South,Enterprise,2022-08-31
11190,Customer_11190,Female,61,North,Consumer,2023-10-25
11191,Customer_11191,Male,56,East,Small Business,2024-05-07
11192,Customer_11192,Female,64,South,Consumer,2022-08-07
11193,Customer_11193,Male,56,South,Small Business,2022-01-09
11194,Customer_11194,Female,46,West,Small Business,2023-03-06
11195,Customer_11195,Male,43,South,Enterprise,2022-01-13
11196,Customer_11196,Female,38,South,Consumer,2024-06-25
11197,Customer_11197,Unknown,34,North,Enterprise,2024-08-27
11198,Customer_11198,Other,33,West,Consumer,2025-06-02
11199,Customer_11199,Female,48,North,Consumer,2023-11-21
11200,Customer_11200,Male,68,East,Consumer,2024-12-26
11201,Customer_11201,Female,26,East,Small Business,2023-11-08
11202,Customer_11202,Male,48,West,Consumer,2022-07-03
11203,Customer_11203,Male,31,East,Small Business,2024-10-01
11204,Customer_11204,Male,66,West,Small Business,2022-07-27
11205,Customer_11205,Female,54,North,Consumer,2023-06-12
11206,Customer_11206,Female,19,South,Enterprise,2025-08-16
11207,Customer_11207,Female,69,South,Consumer,2024-03-28
11208,Customer_11208,Male,65,North,Small Business,2024-09-29
11209,Customer_11209,Male,63,South,Consumer,2025-06-18
11210,Customer_11210,Unknown,31,South,Consumer,2023-03-31
11211,Customer_11211,Male,50,East,Consumer,2024-06-20
11212,Customer_11212,Male,52,West,Consumer,2022-09-01
11213,Customer_11213,Male,56,South,Consumer,2024-02-10
11214,Customer_11214,Female,64,West,Consumer,2022-08-26
11215,Customer_11215,Female,68,South,Consumer,2025-06-23
11216,Customer_11216,Male,37,South,Consumer,2022-12-11
11217,Customer_11217,Male,19,East,Consumer,2022-11-06
11218,Customer_11218,Female,68,North,Small Business,2025-07-31
11219,Customer_11219,Female,58,North,Consumer,2022-02-07
11220,Customer_11220,Male,36,East,Small Business,2022-02-01
11221,Customer_11221,Other,54,Central,Consumer,2025-06-20
11222,Customer_11222,Male,35,West,Small Business,2022-10-19
11223,Customer_11223,Male,33,North,Small Business,2022-10-19
11224,Customer_11224,Other,21,West,Consumer,2024-01-28
11225,Customer_11225,Male,29,West,Small Business,2025-11-06
11226,Customer_11226,Female,46,East,Consumer,2023-08-01
11227,Customer_11227,Male,24,West,Small Business,2025-03-07
11228,Customer_11228,Male,31,East,Small Business,2025-05-08
11229,Customer_11229,Unknown,29,South,Consumer,2025-09-20
11230,Customer_11230,Male,52,East,Small Business,2023-08-28
11231,Customer_11231,Female,22,East,Consumer,2023-03-23
11232,Customer_11232,Male,34,East,Consumer,2025-10-03
11233,Customer_11233,Male,59,East,Consumer,2022-10-05
11234,Customer_11234,Male,49,Central,Small Business,2024-09-20
11235,Customer_11235,Female,27,Central,Small Business,2023-06-16
11236,Customer_11236,Male,60,Central,Small Business,2025-11-23
11237,Customer_11237,Female,34,West,Consumer,2025-11-15
11238,Customer_11238,Female,22,Central,Consumer,2024-09-10
11239,Customer_11239,Other,62,North,Small Business,2023-08-25
11240,Customer_11240,Male,59,South,Consumer,2023-07-16
11241,Customer_11241,Female,26,East,Consumer,2024-10-30
11242,Customer_11242,Female,66,West,Consumer,2023-08-14
11243,Customer_11243,Female,50,East,Consumer,2022-02-28
11244,Customer_11244,Female,53,West,Consumer,2025-01-16
11245,Customer_11245,Female,53,North,Small Business,2023-04-04
11246,Customer_11246,Female,35,South,Consumer,2022-04-14
11247,Customer_11247,Male,26,West,Consumer,2024-04-10
11248,Customer_11248,Male,46,North,Consumer,2024-02-28
11249,Customer_11249,Female,67,South,Consumer,2022-04-14
11250,Customer_11250,Female,31,South,Consumer,2025-07-01
11251,Customer_11251,Female,42,South,Consumer,2024-01-12
11252,Customer_11252,Female,32,West,Small Business,2025-09-20
11253,Customer_11253,Male,23,South,Consumer,2022-10-28
11254,Customer_11254,Male,59,East,Small Business,2023-10-16
11255,Customer_11255,Female,46,North,Small Business,2023-07-09
11256,Customer_11256,Male,32,West,Consumer,2023-09-20
11257,Customer_11257,Male,46,South,Consumer,2025-09-26
11258,Customer_11258,Female,21,East,Small Business,2025-01-12
11259,Customer_11259,Male,35,West,Consumer,2024-07-17
11260,Customer_11260,Female,67,South,Consumer,2025-07-06
11261,Customer_11261,Male,66,Central,Consumer,2022-12-26
11262,Customer_11262,Female,61,East,Consumer,2022-03-28
11263,Customer_11263,Male,56,East,Consumer,2023-03-04
11264,Customer_11264,Male,33,North,Enterprise,2023-01-02
11265,Customer_11265,Male,28,Central,Small Business,2022-12-09
11266,Customer_11266,Male,31,West,Consumer,2022-12-13
11267,Customer_11267,Male,20,South,Consumer,2022-04-06
11268,Customer_11268,Female,68,South,Consumer,2025-07-02
11269,Customer_11269,Female,67,West,Consumer,2025-03-05
11270,Customer_11270,Male,59,West,Consumer,2025-06-25
11271,Customer_11271,Female,55,West,Consumer,2024-06-02
11272,Customer_11272,Female,62,East,Consumer,2023-05-01
11273,Customer_11273,Female,59,West,Consumer,2025-11-26
11274,Customer_11274,Male,35,South,Consumer,2023-08-27
11275,Customer_11275,Female,37,South,Enterprise,2023-02-16
11276,Customer_11276,Male,65,East,Consumer,2023-03-24
11277,Customer_11277,Male,42,Central,Enterprise,2022-09-04
11278,Customer_11278,Unknown,55,South,Consumer,2024-02-09
11279,Customer_11279,Male,30,East,Consumer,2023-11-30
11280,Customer_11280,Female,21,West,Consumer,2023-02-25
11281,Customer_11281,Female,31,East,Consumer,2022-05-04
11282,Customer_11282,Female,50,West,Consumer,2025-07-07
11283,Customer_11283,Female,45,West,Enterprise,2025-04-07
11284,Customer_11284,Male,69,North,Enterprise,2024-07-29
11285,Customer_11285,Male,54,Central,Consumer,2024-05-26
11286,Customer_11286,Female,25,West,Consumer,2025-02-08
11287,Customer_11287,Male,61,Central,Consumer,2025-08-06
11288,Customer_11288,Male,51,West,Consumer,2022-01-13
11289,Customer_11289,Male,61,Central,Consumer,2025-07-10
11290,Customer_11290,Male,22,North,Consumer,2024-03-10
11291,Customer_11291,Male,22,South,Consumer,2024-11-12
11292,Customer_11292,Male,48,Central,Consumer,2024-08-02
11293,Customer_11293,Female,62,South,Consumer,2022-07-19
11294,Customer_11294,Female,26,North,Consumer,2025-06-19
11295,Customer_11295,Female,59,West,Consumer,2025-06-16
11296,Customer_11296,Male,49,West,Enterprise,2022-10-30
11297,Customer_11297,Male,50,North,Consumer,2025-04-03
11298,Customer_11298,Male,20,Central,Small Business,2024-01-08
11299,Customer_11299,Female,47,West,Small Business,2022-06-25
11300,Customer_11300,Female,67,East,Enterprise,2024-11-18
11301,Customer_11301,Male,29,West,Small Business,2023-11-08
11302,Customer_11302,Female,46,East,Small Business,2023-06-19
11303,Customer_11303,Male,20,North,Small Business,2025-08-10
11304,Customer_11304,Female,43,South,Consumer,2023-04-22
11305,Customer_11305,Female,47,East,Consumer,2023-01-18
11306,Customer_11306,Female,26,East,Enterprise,2023-07-10
11307,Customer_11307,Female,43,West,Small Business,2025-08-12
11308,Customer_11308,Female,19,West,Enterprise,2022-11-30
11309,Customer_11309,Male,20,East,Small Business,2025-06-25
11310,Customer_11310,Female,63,West,Small Business,2025-06-18
11311,Customer_11311,Male,21,North,Small Business,2025-02-03
11312,Customer_11312,Female,42,North,Small Business,2024-06-16
11313,Customer_11313,Female,68,Central,Consumer,2024-07-19
11314,Customer_11314,Female,30,North,Enterprise,2023-11-16
11315,Customer_11315,Male,56,South,Small Business,2023-07-15
11316,Customer_11316,Female,61,West,Small Business,2022-05-03
11317,Customer_11317,Female,52,East,Small Business,2024-11-24
11318,Customer_11318,Female,40,Central,Consumer,2023-09-10
11319,Customer_11319,Male,26,South,Consumer,2024-09-14
11320,Customer_11320,Male,19,North,Enterprise,2024-04-19
11321,Customer_11321,Male,58,South,Consumer,2023-02-20
11322,Customer_11322,Male,61,East,Consumer,2023-12-09
11323,Customer_11323,Female,48,South,Consumer,2023-09-29
11324,Customer_11324,Male,61,East,Small Business,2025-09-12
11325,Customer_11325,Unknown,64,Central,Small Business,2025-08-11
11326,Customer_11326,Male,19,Central,Small Business,2025-12-26
11327,Customer_11327,Male,49,South,Consumer,2022-12-13
11328,Customer_11328,Female,35,East,Consumer,2022-02-06
11329,Customer_11329,Female,30,East,Consumer,2023-05-27
11330,Customer_11330,Female,63,Central,Consumer,2024-04-28
11331,Customer_11331,Female,22,Central,Small Business,2023-06-19
11332,Customer_11332,Female,59,South,Consumer,2024-06-28
11333,Customer_11333,Male,61,West,Consumer,2024-02-12
11334,Customer_11334,Unknown,27,South,Consumer,2023-10-26
11335,Customer_11335,Unknown,60,North,Consumer,2024-11-07
11336,Customer_11336,Female,42,North,Enterprise,2022-01-27
11337,Customer_11337,Male,51,East,Consumer,2023-06-20
11338,Customer_11338,Female,54,East,Small Business,2024-11-18
11339,Customer_11339,Male,47,North,Consumer,2024-10-04
11340,Customer_11340,Male,24,West,Consumer,2023-10-20
11341,Customer_11341,Male,23,South,Consumer,2023-10-02
11342,Customer_11342,Male,20,East,Consumer,2025-02-14
11343,Customer_11343,Female,30,South,Small Business,2025-03-01
11344,Customer_11344,Female,20,North,Consumer,2025-08-05
11345,Customer_11345,Female,43,East,Consumer,2025-06-13
11346,Customer_11346,Male,41,South,Consumer,2022-02-11
11347,Customer_11347,Male,23,East,Consumer,2025-03-29
11348,Customer_11348,Male,60,North,Small Business,2025-02-22
11349,Customer_11349,Unknown,66,East,Consumer,2025-07-07
11350,Customer_11350,Male,59,North,Consumer,2025-07-23
11351,Customer_11351,Female,29,West,Small Business,2022-08-01
11352,Customer_11352,Female,66,West,Consumer,2024-04-15
11353,Customer_11353,Male,53,North,Consumer,2023-12-03
11354,Customer_11354,Female,19,East,Consumer,2025-12-25
11355,Customer_11355,Female,28,North,Consumer,2022-03-21
11356,Customer_11356,Female,56,East,Small Business,2024-08-12
11357,Customer_11357,Female,51,South,Consumer,2025-06-05
11358,Customer_11358,Male,43,East,Enterprise,2024-06-20
11359,Customer_11359,Male,35,East,Consumer,2025-01-23
11360,Customer_11360,Female,38,Central,Enterprise,2023-02-28
11361,Customer_11361,Female,53,East,Consumer,2024-07-07
11362,Customer_11362,Male,57,East,Small Business,2023-05-31
11363,Customer_11363,Female,69,East,Consumer,2022-06-14
11364,Customer_11364,Female,63,Central,Consumer,2025-12-20
11365,Customer_11365,Female,61,West,Small Business,2024-09-23
11366,Customer_11366,Male,39,South,Small Business,2024-09-19
11367,Customer_11367,Female,47,West,Consumer,2024-06-11
11368,Customer_11368,Female,67,East,Consumer,2024-10-12
11369,Customer_11369,Male,60,West,Consumer,2024-12-01
11370,Customer_11370,Male,47,West,Enterprise,2024-01-11
11371,Customer_11371,Unknown,25,North,Small Business,2025-11-27
11372,Customer_11372,Male,51,West,Consumer,2024-01-25
11373,Customer_11373,Female,64,South,Small Business,2023-02-20
11374,Customer_11374,Female,26,South,Enterprise,2025-08-16
11375,Customer_11375,Male,68,South,Consumer,2024-12-14
11376,Customer_11376,Female,37,West,Small Business,2022-12-02
11377,Customer_11377,Male,57,South,Consumer,2024-05-30
11378,Customer_11378,Female,42,North,Small Business,2025-12-24
11379,Customer_11379,Male,36,West,Consumer,2024-08-29
11380,Customer_11380,Female,22,North,Consumer,2023-11-16
11381,Customer_11381,Male,28,North,Consumer,2025-09-19
11382,Customer_11382,Male,32,South,Consumer,2024-01-11
11383,Customer_11383,Other,25,South,Small Business,2025-11-30
11384,Customer_11384,Male,36,East,Consumer,2022-01-30
11385,Customer_11385,Female,40,North,Consumer,2023-07-29
11386,Customer_11386,Male,44,Central,Small Business,2022-08-09
11387,Customer_11387,Female,57,West,Consumer,2024-04-06
11388,Customer_11388,Male,49,South,Consumer,2023-08-17
11389,Customer_11389,Other,43,South,Enterprise,2024-01-24
11390,Customer_11390,Male,44,East,Small Business,2025-06-30
11391,Customer_11391,Male,36,East,Consumer,2025-09-06
11392,Customer_11392,Male,67,North,Consumer,2024-11-28
11393,Customer_11393,Male,59,North,Enterprise,2024-10-17
11394,Customer_11394,Female,46,Central,Consumer,2025-12-05
11395,Customer_11395,Male,56,South,Consumer,2025-12-06
11396,Customer_11396,Female,58,South,Consumer,2023-05-07
11397,Customer_11397,Male,50,Central,Consumer,2023-03-14
11398,Customer_11398,Male,36,West,Small Business,2023-04-24
11399,Customer_11399,Female,54,South,Small Business,2024-02-22
11400,Customer_11400,Female,36,West,Enterprise,2024-08-06
11401,Customer_11401,Male,50,North,Small Business,2024-10-04
11402,Customer_11402,Male,64,West,Consumer,2022-03-13
11403,Customer_11403,Male,33,East,Consumer,2023-08-05
11404,Customer_11404,Female,40,West,Enterprise,2022-08-08
11405,Customer_11405,Female,24,Central,Consumer,2024-10-24
11406,Customer_11406,Female,43,Central,Consumer,2024-09-29
11407,Customer_11407,Female,49,Central,Enterprise,2022-10-17
11408,Customer_11408,Female,29,East,Consumer,2023-01-15
11409,Customer_11409,Female,25,South,Consumer,2024-03-14
11410,Customer_11410,Female,22,East,Small Business,2025-10-10
11411,Customer_11411,Male,59,West,Enterprise,2024-01-13
11412,Customer_11412,Male,45,Central,Consumer,2022-03-21
11413,Customer_11413,Male,22,South,Small Business,2022-03-07
11414,Customer_11414,Male,66,Central,Consumer,2022-05-16
11415,Customer_11415,Female,43,West,Consumer,2023-02-03
11416,Customer_11416,Female,22,Central,Enterprise,2022-12-13
11417,Customer_11417,Male,39,Central,Enterprise,2022-02-28
11418,Customer_11418,Male,32,South,Consumer,2024-02-17
11419,Customer_11419,Male,30,North,Consumer,2023-06-03
11420,Customer_11420,Female,45,North,Consumer,2023-12-15
11421,Customer_11421,Male,50,South,Consumer,2024-09-03
11422,Customer_11422,Female,60,East,Consumer,2025-06-14
11423,Customer_11423,Male,40,West,Consumer,2022-03-20
11424,Customer_11424,Male,50,Central,Consumer,2022-04-25
11425,Customer_11425,Unknown,60,East,Consumer,2024-09-12
11426,Customer_11426,Other,35,North,Consumer,2022-05-06
11427,Customer_11427,Male,67,North,Small Business,2023-07-27
11428,Customer_11428,Other,47,North,Consumer,2024-08-22
11429,Customer_11429,Female,43,South,Consumer,2023-05-15
11430,Customer_11430,Female,33,East,Small Business,2024-04-08
11431,Customer_11431,Male,30,North,Small Business,2025-01-30
11432,Customer_11432,Female,56,South,Consumer,2023-09-18
11433,Customer_11433,Female,50,North,Consumer,2025-04-12
11434,Customer_11434,Female,43,East,Small Business,2023-03-28
11435,Customer_11435,Male,65,East,Consumer,2025-01-20
11436,Customer_11436,Male,18,East,Small Business,2023-01-20
11437,Customer_11437,Male,66,East,Consumer,2025-05-13
11438,Customer_11438,Female,55,Central,Consumer,2022-12-29
11439,Customer_11439,Male,19,South,Consumer,2023-05-13
11440,Customer_11440,Female,66,East,Small Business,2023-06-21
11441,Customer_11441,Other,23,West,Enterprise,2025-06-11
11442,Customer_11442,Male,63,East,Consumer,2022-01-16
11443,Customer_11443,Female,67,Central,Consumer,2024-09-07
11444,Customer_11444,Male,55,South,Consumer,2025-03-10
11445,Customer_11445,Female,59,East,Consumer,2023-09-12
11446,Customer_11446,Male,41,North,Small Business,2025-12-14
11447,Customer_11447,Female,35,East,Consumer,2022-10-27
11448,Customer_11448,Female,44,South,Enterprise,2022-12-05
11449,Customer_11449,Other,58,North,Consumer,2022-10-30
11450,Customer_11450,Female,25,East,Enterprise,2023-08-15
11451,Customer_11451,Female,45,East,Small Business,2022-03-17
11452,Customer_11452,Female,27,North,Consumer,2024-07-02
11453,Customer_11453,Female,34,West,Consumer,2024-02-19
11454,Customer_11454,Female,46,East,Consumer,2024-07-09
11455,Customer_11455,Male,23,North,Consumer,2025-09-01
11456,Customer_11456,Female,31,East,Consumer,2025-01-03
11457,Customer_11457,Female,39,West,Consumer,2023-01-01
11458,Customer_11458,Female,23,East,Enterprise,2023-10-15
11459,Customer_11459,Male,43,South,Consumer,2024-10-02
11460,Customer_11460,Female,56,South,Small Business,2023-01-31
11461,Customer_11461,Male,29,East,Enterprise,2025-06-08
11462,Customer_11462,Female,52,Central,Small Business,2024-03-14
11463,Customer_11463,Male,31,West,Consumer,2024-11-17
11464,Customer_11464,Female,39,North,Consumer,2025-08-11
11465,Customer_11465,Unknown,68,East,Consumer,2024-04-24
11466,Customer_11466,Male,40,Central,Consumer,2025-12-21
11467,Customer_11467,Unknown,65,North,Consumer,2024-05-21
11468,Customer_11468,Male,24,Central,Small Business,2025-01-19
11469,Customer_11469,Female,57,Central,Consumer,2022-04-25
11470,Customer_11470,Female,67,North,Consumer,2025-03-28
11471,Customer_11471,Female,42,Central,Enterprise,2025-07-05
11472,Customer_11472,Female,30,South,Consumer,2023-01-08
11473,Customer_11473,Female,38,West,Consumer,2024-04-29
11474,Customer_11474,Male,58,East,Small Business,2022-03-31
11475,Customer_11475,Male,27,East,Consumer,2024-01-27
11476,Customer_11476,Female,26,East,Consumer,2025-08-14
11477,Customer_11477,Female,32,West,Consumer,2022-01-31
11478,Customer_11478,Female,69,North,Small Business,2022-12-24
11479,Customer_11479,Female,19,East,Consumer,2023-04-15
11480,Customer_11480,Male,42,North,Consumer,2025-02-25
11481,Customer_11481,Female,30,South,Consumer,2022-09-27
11482,Customer_11482,Male,51,South,Consumer,2025-12-07
11483,Customer_11483,Female,68,East,Consumer,2022-07-28
11484,Customer_11484,Male,51,South,Consumer,2023-11-21
11485,Customer_11485,Male,52,North,Consumer,2025-08-22
11486,Customer_11486,Male,55,North,Consumer,2025-04-29
11487,Customer_11487,Male,20,North,Consumer,2025-10-12
11488,Customer_11488,Female,59,East,Consumer,2023-04-02
11489,Customer_11489,Male,23,Central,Small Business,2023-03-25
11490,Customer_11490,Male,65,North,Consumer,2022-03-09
11491,Customer_11491,Male,66,Central,Consumer,2024-05-23
11492,Customer_11492,Male,36,West,Small Business,2023-04-12
11493,Customer_11493,Male,20,East,Small Business,2025-10-15
11494,Customer_11494,Male,35,East,Consumer,2025-11-11
11495,Customer_11495,Female,56,West,Consumer,2022-05-08
11496,Customer_11496,Female,26,North,Consumer,2024-01-03
11497,Customer_11497,Female,69,East,Consumer,2025-06-21
11498,Customer_11498,Male,29,West,Small Business,2024-11-08
11499,Customer_11499,Male,22,East,Consumer,2025-11-20
11500,Customer_11500,Female,20,West,Small Business,2025-06-06
11501,Customer_11501,Female,28,North,Consumer,2023-01-03
11502,Customer_11502,Female,47,West,Consumer,2022-02-27
11503,Customer_11503,Male,21,East,Small Business,2025-07-28
11504,Customer_11504,Male,22,South,Consumer,2023-07-11
11505,Customer_11505,Male,18,South,Consumer,2025-01-30
11506,Customer_11506,Male,44,East,Enterprise,2022-02-17
11507,Customer_11507,Female,45,Central,Small Business,2023-07-16
11508,Customer_11508,Female,46,East,Small Business,2023-08-16
11509,Customer_11509,Female,35,West,Consumer,2024-03-22
11510,Customer_11510,Female,29,East,Consumer,2022-02-28
11511,Customer_11511,Female,30,North,Enterprise,2022-06-10
11512,Customer_11512,Female,58,North,Consumer,2022-04-13
11513,Customer_11513,Other,19,North,Small Business,2024-04-25
11514,Customer_11514,Male,54,South,Consumer,2023-02-16
11515,Customer_11515,Male,62,South,Consumer,2024-02-25
11516,Customer_11516,Male,33,West,Enterprise,2022-07-02
11517,Customer_11517,Female,65,West,Consumer,2023-02-21
11518,Customer_11518,Female,41,North,Consumer,2025-02-13
11519,Customer_11519,Male,52,South,Consumer,2023-02-03
11520,Customer_11520,Female,39,South,Consumer,2024-08-14
11521,Customer_11521,Male,53,East,Consumer,2024-02-18
11522,Customer_11522,Female,28,North,Consumer,2023-10-17
11523,Customer_11523,Male,63,North,Consumer,2023-03-13
11524,Customer_11524,Male,46,Central,Small Business,2022-11-14
11525,Customer_11525,Female,52,West,Consumer,2023-08-29
11526,Customer_11526,Male,65,North,Enterprise,2025-06-27
11527,Customer_11527,Male,32,East,Consumer,2024-06-29
11528,Customer_11528,Male,48,South,Consumer,2023-05-12
11529,Customer_11529,Female,59,West,Consumer,2025-09-28
11530,Customer_11530,Female,58,East,Small Business,2023-03-03
11531,Customer_11531,Male,60,North,Enterprise,2024-03-28
11532,Customer_11532,Female,33,West,Small Business,2024-10-19
11533,Customer_11533,Female,27,South,Consumer,2022-08-28
11534,Customer_11534,Male,66,South,Consumer,2024-12-18
11535,Customer_11535,Male,49,South,Small Business,2024-03-07
11536,Customer_11536,Male,68,East,Enterprise,2022-07-22
11537,Customer_11537,Male,19,South,Enterprise,2025-08-12
11538,Customer_11538,Female,41,South,Consumer,2022-10-14
11539,Customer_11539,Male,40,South,Enterprise,2022-03-14
11540,Customer_11540,Female,19,North,Consumer,2023-12-27
11541,Customer_11541,Female,55,West,Consumer,2022-12-03
11542,Customer_11542,Male,48,North,Consumer,2025-09-03
11543,Customer_11543,Female,68,North,Consumer,2022-07-22
11544,Customer_11544,Male,57,West,Small Business,2022-08-19
11545,Customer_11545,Other,43,West,Small Business,2024-06-22
11546,Customer_11546,Female,46,West,Small Business,2024-12-16
11547,Customer_11547,Female,20,East,Consumer,2023-10-06
11548,Customer_11548,Female,31,South,Consumer,2025-12-14
11549,Customer_11549,Male,42,West,Small Business,2024-07-03
11550,Customer_11550,Female,65,West,Consumer,2022-10-07
11551,Customer_11551,Other,18,South,Small Business,2024-03-19
11552,Customer_11552,Female,20,Central,Small Business,2025-08-21
11553,Customer_11553,Female,43,North,Small Business,2023-04-11
11554,Customer_11554,Female,35,Central,Consumer,2024-01-07
11555,Customer_11555,Male,26,Central,Small Business,2025-04-12
11556,Customer_11556,Male,55,West,Consumer,2024-03-14
11557,Customer_11557,Female,40,Central,Consumer,2022-09-23
11558,Customer_11558,Male,38,West,Small Business,2022-09-04
11559,Customer_11559,Female,18,North,Consumer,2022-03-19
11560,Customer_11560,Female,38,East,Small Business,2024-05-03
11561,Customer_11561,Male,44,North,Consumer,2022-09-10
11562,Customer_11562,Male,59,South,Consumer,2023-04-20
11563,Customer_11563,Female,23,West,Small Business,2022-06-25
11564,Customer_11564,Male,61,South,Consumer,2025-12-15
11565,Customer_11565,Female,53,South,Consumer,2024-08-28
11566,Customer_11566,Male,45,East,Consumer,2022-09-11
11567,Customer_11567,Female,62,Central,Consumer,2024-06-21
11568,Customer_11568,Male,34,North,Small Business,2022-04-17
11569,Customer_11569,Female,57,South,Consumer,2025-04-09
11570,Customer_11570,Male,69,North,Small Business,2022-02-27
11571,Customer_11571,Female,20,West,Small Business,2025-09-22
11572,Customer_11572,Male,29,North,Consumer,2025-09-27
11573,Customer_11573,Female,56,West,Small Business,2024-07-30
11574,Customer_11574,Female,29,South,Consumer,2025-08-06
11575,Customer_11575,Male,19,North,Consumer,2022-03-25
11576,Customer_11576,Male,63,Central,Consumer,2025-02-14
11577,Customer_11577,Male,39,North,Consumer,2023-12-13
11578,Customer_11578,Female,40,East,Small Business,2025-05-27
11579,Customer_11579,Female,47,North,Consumer,2024-06-19
11580,Customer_11580,Female,22,East,Consumer,2025-01-30
11581,Customer_11581,Male,26,East,Small Business,2023-10-19
11582,Customer_11582,Male,38,South,Small Business,2023-04-01
11583,Customer_11583,Female,28,North,Consumer,2023-10-21
11584,Customer_11584,Female,22,South,Small Business,2024-02-12
11585,Customer_11585,Unknown,52,West,Consumer,2024-03-01
11586,Customer_11586,Male,44,West,Small Business,2024-04-30
11587,Customer_11587,Female,66,East,Consumer,2023-06-10
11588,Customer_11588,Male,19,East,Small Business,2022-09-23
11589,Customer_11589,Male,41,South,Consumer,2025-08-03
11590,Customer_11590,Female,48,South,Consumer,2022-05-21
11591,Customer_11591,Female,50,North,Consumer,2024-06-13
11592,Customer_11592,Unknown,56,South,Consumer,2023-02-10
11593,Customer_11593,Male,47,South,Small Business,2022-10-20
11594,Customer_11594,Male,63,East,Consumer,2024-11-20
11595,Customer_11595,Female,54,East,Small Business,2025-04-09
11596,Customer_11596,Female,68,Central,Small Business,2022-12-21
11597,Customer_11597,Male,45,North,Small Business,2022-07-24
11598,Customer_11598,Male,48,East,Consumer,2024-09-20
11599,Customer_11599,Male,28,West,Enterprise,2022-10-18
11600,Customer_11600,Female,40,East,Small Business,2022-04-21
11601,Customer_11601,Male,19,South,Small Business,2024-12-27
11602,Customer_11602,Male,57,South,Consumer,2023-01-08
11603,Customer_11603,Male,58,North,Consumer,2022-07-15
11604,Customer_11604,Male,44,South,Consumer,2022-05-06
11605,Customer_11605,Male,52,West,Consumer,2022-09-19
11606,Customer_11606,Female,19,North,Consumer,2024-06-05
11607,Customer_11607,Male,56,South,Consumer,2024-07-12
11608,Customer_11608,Female,54,West,Consumer,2022-06-04
11609,Customer_11609,Male,38,West,Consumer,2022-04-18
11610,Customer_11610,Female,22,East,Consumer,2025-12-17
11611,Customer_11611,Female,69,West,Small Business,2022-02-04
11612,Customer_11612,Female,62,South,Consumer,2024-12-03
11613,Customer_11613,Female,38,North,Small Business,2023-10-17
11614,Customer_11614,Male,46,South,Consumer,2023-12-24
11615,Customer_11615,Male,37,East,Consumer,2024-09-24
11616,Customer_11616,Female,55,Central,Consumer,2023-02-20
11617,Customer_11617,Unknown,37,North,Small Business,2024-09-26
11618,Customer_11618,Female,67,East,Consumer,2022-10-12
11619,Customer_11619,Female,42,South,Small Business,2023-06-02
11620,Customer_11620,Female,19,East,Consumer,2022-01-27
11621,Customer_11621,Male,49,North,Consumer,2022-08-15
11622,Customer_11622,Male,43,South,Small Business,2025-12-19
11623,Customer_11623,Female,23,West,Consumer,2025-10-23
11624,Customer_11624,Other,58,East,Small Business,2025-08-26
11625,Customer_11625,Male,20,East,Consumer,2024-04-27
11626,Customer_11626,Female,50,South,Consumer,2025-02-02
11627,Customer_11627,Male,18,South,Small Business,2022-01-18
11628,Customer_11628,Female,68,South,Enterprise,2025-05-13
11629,Customer_11629,Male,22,West,Consumer,2022-02-12
11630,Customer_11630,Male,30,Central,Small Business,2022-03-30
11631,Customer_11631,Female,36,East,Consumer,2023-08-09
11632,Customer_11632,Male,29,South,Small Business,2022-06-06
11633,Customer_11633,Female,65,West,Small Business,2025-07-13
11634,Customer_11634,Female,42,East,Consumer,2022-05-14
11635,Customer_11635,Female,68,East,Consumer,2023-04-09
11636,Customer_11636,Male,52,South,Consumer,2025-03-01
11637,Customer_11637,Male,29,West,Consumer,2024-01-11
11638,Customer_11638,Male,47,East,Consumer,2024-11-23
11639,Customer_11639,Unknown,22,West,Consumer,2022-03-24
11640,Customer_11640,Female,51,West,Enterprise,2024-07-17
11641,Customer_11641,Female,39,South,Consumer,2025-03-01
11642,Customer_11642,Female,56,West,Consumer,2025-12-22
11643,Customer_11643,Female,30,West,Consumer,2024-05-15
11644,Customer_11644,Female,64,South,Enterprise,2022-07-23
11645,Customer_11645,Male,20,North,Consumer,2025-09-21
11646,Customer_11646,Female,37,North,Consumer,2024-08-19
11647,Customer_11647,Male,48,East,Consumer,2023-05-12
11648,Customer_11648,Female,22,South,Consumer,2023-03-18
11649,Customer_11649,Female,41,East,Consumer,2024-04-07
11650,Customer_11650,Female,57,North,Consumer,2025-07-05
11651,Customer_11651,Male,50,Central,Consumer,2025-08-08
11652,Customer_11652,Male,25,South,Consumer,2025-02-22
11653,Customer_11653,Male,41,South,Consumer,2024-05-20
11654,Customer_11654,Male,67,East,Consumer,2025-04-13
11655,Customer_11655,Male,37,East,Consumer,2024-05-18
11656,Customer_11656,Female,33,South,Enterprise,2022-03-21
11657,Customer_11657,Female,67,South,Small Business,2024-03-22
11658,Customer_11658,Male,69,North,Consumer,2024-07-03
11659,Customer_11659,Male,29,West,Consumer,2025-08-21
11660,Customer_11660,Male,30,West,Consumer,2025-09-29
11661,Customer_11661,Female,62,East,Consumer,2023-07-24
11662,Customer_11662,Female,59,West,Consumer,2025-01-19
11663,Customer_11663,Female,56,West,Consumer,2024-05-11
11664,Customer_11664,Female,42,North,Enterprise,2022-06-18
11665,Customer_11665,Unknown,63,Central,Small Business,2025-09-19
11666,Customer_11666,Female,49,West,Consumer,2024-10-08
11667,Customer_11667,Male,41,South,Consumer,2022-08-24
11668,Customer_11668,Female,65,North,Enterprise,2023-02-03
11669,Customer_11669,Male,64,North,Enterprise,2023-08-11
11670,Customer_11670,Female,61,North,Enterprise,2024-03-31
11671,Customer_11671,Male,26,West,Consumer,2024-10-09
11672,Customer_11672,Female,57,East,Consumer,2023-04-22
11673,Customer_11673,Female,67,West,Small Business,2024-04-24
11674,Customer_11674,Female,40,West,Consumer,2023-08-08
11675,Customer_11675,Female,67,East,Consumer,2025-01-16
11676,Customer_11676,Male,30,West,Consumer,2023-09-07
11677,Customer_11677,Male,49,North,Small Business,2023-08-29
11678,Customer_11678,Male,67,South,Small Business,2024-08-18
11679,Customer_11679,Male,32,East,Consumer,2024-02-17
11680,Customer_11680,Female,53,North,Small Business,2025-06-30
11681,Customer_11681,Male,66,North,Consumer,2022-12-24
11682,Customer_11682,Unknown,22,Central,Small Business,2024-12-17
11683,Customer_11683,Female,39,West,Consumer,2025-11-23
11684,Customer_11684,Female,33,South,Consumer,2023-06-05
11685,Customer_11685,Male,58,West,Consumer,2023-06-09
11686,Customer_11686,Female,27,West,Consumer,2025-12-11
11687,Customer_11687,Female,41,South,Consumer,2023-01-28
11688,Customer_11688,Female,35,North,Consumer,2025-05-30
11689,Customer_11689,Female,66,Central,Enterprise,2025-09-14
11690,Customer_11690,Female,35,South,Consumer,2025-10-27
11691,Customer_11691,Male,24,North,Consumer,2022-06-02
11692,Customer_11692,Female,21,East,Consumer,2024-06-11
11693,Customer_11693,Male,43,West,Consumer,2024-09-10
11694,Customer_11694,Male,22,South,Consumer,2023-04-25
11695,Customer_11695,Male,33,South,Small Business,2023-08-06
11696,Customer_11696,Male,52,South,Consumer,2024-05-06
11697,Customer_11697,Male,43,Central,Consumer,2022-01-20
11698,Customer_11698,Male,35,North,Small Business,2023-08-16
11699,Customer_11699,Other,46,East,Consumer,2022-08-16
11700,Customer_11700,Female,40,Central,Consumer,2025-10-01
11701,Customer_11701,Other,31,North,Small Business,2022-01-19
11702,Customer_11702,Male,32,Central,Consumer,2023-03-20
11703,Customer_11703,Male,66,Central,Consumer,2023-01-03
11704,Customer_11704,Female,50,Central,Enterprise,2024-06-17
11705,Customer_11705,Male,42,South,Consumer,2024-06-07
11706,Customer_11706,Male,38,East,Consumer,2023-12-27
11707,Customer_11707,Female,34,West,Enterprise,2022-05-27
11708,Customer_11708,Male,40,Central,Consumer,2023-03-06
11709,Customer_11709,Female,60,North,Consumer,2024-04-27
11710,Customer_11710,Female,34,West,Small Business,2022-07-17
11711,Customer_11711,Male,31,South,Small Business,2024-09-23
11712,Customer_11712,Male,46,North,Consumer,2025-08-03
11713,Customer_11713,Female,37,East,Consumer,2023-07-19
11714,Customer_11714,Male,47,West,Small Business,2023-01-04
11715,Customer_11715,Male,36,East,Small Business,2025-06-17
11716,Customer_11716,Unknown,56,East,Consumer,2024-03-12
11717,Customer_11717,Male,30,Central,Consumer,2025-08-03
11718,Customer_11718,Female,35,South,Consumer,2023-12-01
11719,Customer_11719,Unknown,40,East,Small Business,2025-11-19
11720,Customer_11720,Male,63,South,Small Business,2024-09-22
11721,Customer_11721,Male,50,South,Enterprise,2023-06-02
11722,Customer_11722,Male,56,West,Small Business,2024-02-14
11723,Customer_11723,Male,57,Central,Consumer,2023-07-15
11724,Customer_11724,Male,35,East,Consumer,2022-03-01
11725,Customer_11725,Female,26,West,Small Business,2023-06-29
11726,Customer_11726,Male,50,North,Small Business,2024-10-13
11727,Customer_11727,Female,49,South,Consumer,2022-10-30
11728,Customer_11728,Unknown,34,East,Consumer,2025-06-21
11729,Customer_11729,Female,36,North,Enterprise,2025-05-15
11730,Customer_11730,Female,44,South,Consumer,2025-10-30
11731,Customer_11731,Male,23,East,Consumer,2022-10-10
11732,Customer_11732,Female,52,North,Consumer,2023-04-23
11733,Customer_11733,Female,54,South,Small Business,2024-11-11
11734,Customer_11734,Male,51,East,Consumer,2023-07-13
11735,Customer_11735,Male,37,East,Small Business,2022-12-15
11736,Customer_11736,Female,42,Central,Consumer,2023-11-01
11737,Customer_11737,Male,21,East,Consumer,2022-09-15
11738,Customer_11738,Male,27,East,Consumer,2023-10-17
11739,Customer_11739,Male,27,Central,Small Business,2024-12-06
11740,Customer_11740,Male,41,West,Enterprise,2024-11-16
11741,Customer_11741,Female,38,South,Small Business,2024-11-16
11742,Customer_11742,Female,28,North,Enterprise,2025-11-21
11743,Customer_11743,Female,44,West,Consumer,2022-05-25
11744,Customer_11744,Male,33,East,Consumer,2023-08-10
11745,Customer_11745,Male,43,West,Consumer,2023-06-06
11746,Customer_11746,Female,47,West,Consumer,2025-02-18
11747,Customer_11747,Male,66,East,Small Business,2024-03-11
11748,Customer_11748,Male,33,Central,Small Business,2023-01-17
11749,Customer_11749,Female,24,East,Enterprise,2024-02-15
11750,Customer_11750,Male,33,North,Consumer,2023-11-04
11751,Customer_11751,Female,52,West,Consumer,2025-12-12
11752,Customer_11752,Male,33,South,Consumer,2022-11-23
11753,Customer_11753,Male,57,West,Consumer,2025-11-15
11754,Customer_11754,Male,29,Central,Consumer,2025-08-13
11755,Customer_11755,Unknown,52,West,Consumer,2023-09-22
11756,Customer_11756,Female,66,East,Consumer,2022-03-25
11757,Customer_11757,Other,38,East,Consumer,2022-05-26
11758,Customer_11758,Female,67,South,Consumer,2025-04-09
11759,Customer_11759,Male,60,South,Consumer,2025-09-19
11760,Customer_11760,Female,53,East,Consumer,2023-02-28
11761,Customer_11761,Male,65,West,Consumer,2025-08-25
11762,Customer_11762,Female,34,West,Consumer,2023-10-23
11763,Customer_11763,Male,49,North,Consumer,2024-02-02
11764,Customer_11764,Female,58,East,Consumer,2023-07-23
11765,Customer_11765,Male,23,West,Consumer,2022-12-13
11766,Customer_11766,Male,41,East,Consumer,2025-08-18
11767,Customer_11767,Female,44,East,Small Business,2022-12-13
11768,Customer_11768,Female,37,West,Consumer,2023-02-12
11769,Customer_11769,Male,42,West,Small Business,2022-05-13
11770,Customer_11770,Male,19,East,Consumer,2023-09-06
11771,Customer_11771,Male,26,Central,Consumer,2024-09-14
11772,Customer_11772,Female,45,North,Small Business,2022-04-16
11773,Customer_11773,Female,55,Central,Consumer,2022-06-20
11774,Customer_11774,Other,20,North,Small Business,2023-10-02
11775,Customer_11775,Female,37,North,Consumer,2025-06-27
11776,Customer_11776,Male,23,Central,Consumer,2022-09-19
11777,Customer_11777,Female,56,South,Small Business,2023-05-09
11778,Customer_11778,Male,50,West,Consumer,2025-06-21
11779,Customer_11779,Male,18,West,Consumer,2024-06-21
11780,Customer_11780,Female,54,Central,Consumer,2022-10-17
11781,Customer_11781,Male,23,Central,Consumer,2025-07-10
11782,Customer_11782,Female,62,South,Consumer,2025-08-30
11783,Customer_11783,Male,51,West,Consumer,2022-03-26
11784,Customer_11784,Female,64,North,Small Business,2025-12-09
11785,Customer_11785,Female,32,East,Small Business,2025-09-14
11786,Customer_11786,Female,62,West,Consumer,2022-02-14
11787,Customer_11787,Female,43,South,Enterprise,2024-03-25
11788,Customer_11788,Female,31,East,Consumer,2022-11-29
11789,Customer_11789,Male,24,East,Consumer,2023-04-10
11790,Customer_11790,Female,63,East,Small Business,2022-07-19
11791,Customer_11791,Male,48,Central,Small Business,2025-05-09
11792,Customer_11792,Female,41,North,Small Business,2022-11-25
11793,Customer_11793,Female,48,East,Consumer,2022-08-28
11794,Customer_11794,Female,46,Central,Consumer,2024-03-08
11795,Customer_11795,Male,59,East,Small Business,2023-12-03
11796,Customer_11796,Male,49,North,Consumer,2023-08-06
11797,Customer_11797,Female,34,East,Small Business,2023-10-19
11798,Customer_11798,Male,31,South,Consumer,2025-10-14
11799,Customer_11799,Male,57,North,Small Business,2023-12-22
11800,Customer_11800,Male,53,West,Consumer,2022-12-26
11801,Customer_11801,Other,65,East,Consumer,2025-11-02
11802,Customer_11802,Female,41,Central,Consumer,2023-01-20
11803,Customer_11803,Male,62,West,Small Business,2025-05-30
11804,Customer_11804,Male,44,West,Small Business,2024-03-09
11805,Customer_11805,Male,42,North,Consumer,2022-12-31
11806,Customer_11806,Female,49,East,Small Business,2022-03-13
11807,Customer_11807,Female,69,North,Consumer,2025-06-17
11808,Customer_11808,Male,35,Central,Consumer,2023-05-19
11809,Customer_11809,Male,63,North,Consumer,2025-12-08
11810,Customer_11810,Male,35,South,Consumer,2022-05-07
11811,Customer_11811,Female,54,East,Consumer,2025-06-25
11812,Customer_11812,Female,43,South,Consumer,2023-04-27
11813,Customer_11813,Male,26,South,Small Business,2025-08-28
11814,Customer_11814,Male,52,East,Small Business,2022-10-10
11815,Customer_11815,Male,25,North,Consumer,2024-10-22
11816,Customer_11816,Other,37,North,Consumer,2022-03-15
11817,Customer_11817,Male,59,South,Enterprise,2024-12-23
11818,Customer_11818,Female,39,West,Small Business,2024-02-12
11819,Customer_11819,Female,36,East,Consumer,2022-12-13
11820,Customer_11820,Male,47,East,Small Business,2022-11-20
11821,Customer_11821,Male,45,East,Consumer,2022-08-27
11822,Customer_11822,Male,52,South,Consumer,2025-11-21
11823,Customer_11823,Female,60,Central,Consumer,2022-12-03
11824,Customer_11824,Female,28,North,Consumer,2022-12-07
11825,Customer_11825,Female,48,West,Small Business,2025-07-26
11826,Customer_11826,Female,66,Central,Consumer,2025-10-08
11827,Customer_11827,Male,65,West,Consumer,2024-08-03
11828,Customer_11828,Other,56,North,Enterprise,2024-06-10
11829,Customer_11829,Female,53,South,Enterprise,2023-04-07
11830,Customer_11830,Male,47,West,Small Business,2025-08-09
11831,Customer_11831,Unknown,40,North,Consumer,2024-03-08
11832,Customer_11832,Female,36,West,Consumer,2024-01-03
11833,Customer_11833,Female,29,West,Small Business,2025-12-01
11834,Customer_11834,Female,32,West,Consumer,2022-06-11
11835,Customer_11835,Female,48,North,Consumer,2023-03-24
11836,Customer_11836,Female,60,West,Consumer,2022-09-22
11837,Customer_11837,Male,54,West,Consumer,2024-10-06
11838,Customer_11838,Male,54,West,Consumer,2022-05-12
11839,Customer_11839,Female,32,North,Consumer,2022-04-30
11840,Customer_11840,Male,46,North,Consumer,2025-05-27
11841,Customer_11841,Male,67,South,Consumer,2025-12-11
11842,Customer_11842,Male,60,North,Consumer,2023-11-03
11843,Customer_11843,Male,43,East,Consumer,2023-05-20
11844,Customer_11844,Female,61,Central,Small Business,2025-08-16
11845,Customer_11845,Other,19,South,Small Business,2022-04-19
11846,Customer_11846,Male,37,West,Consumer,2025-06-15
11847,Customer_11847,Male,32,North,Consumer,2022-10-20
11848,Customer_11848,Male,69,North,Consumer,2024-09-14
11849,Customer_11849,Female,21,North,Consumer,2024-04-07
11850,Customer_11850,Female,39,South,Consumer,2022-07-06
11851,Customer_11851,Male,67,Central,Consumer,2024-11-25
11852,Customer_11852,Female,55,North,Small Business,2022-09-13
11853,Customer_11853,Female,40,East,Consumer,2025-12-29
11854,Customer_11854,Female,43,East,Consumer,2024-10-28
11855,Customer_11855,Female,68,Central,Consumer,2024-01-18
11856,Customer_11856,Male,28,North,Small Business,2025-04-16
11857,Customer_11857,Female,45,South,Consumer,2025-06-19
11858,Customer_11858,Male,19,North,Small Business,2022-02-10
11859,Customer_11859,Female,25,East,Consumer,2025-10-12
11860,Customer_11860,Female,46,South,Small Business,2024-01-27
11861,Customer_11861,Female,28,Central,Enterprise,2022-04-23
11862,Customer_11862,Female,54,East,Enterprise,2024-02-07
11863,Customer_11863,Male,35,East,Consumer,2025-04-04
11864,Customer_11864,Female,67,East,Consumer,2024-05-03
11865,Customer_11865,Unknown,31,North,Consumer,2022-03-19
11866,Customer_11866,Female,27,East,Enterprise,2023-12-20
11867,Customer_11867,Male,52,Central,Consumer,2024-05-27
11868,Customer_11868,Male,26,West,Consumer,2025-05-04
11869,Customer_11869,Male,52,Central,Consumer,2023-02-06
11870,Customer_11870,Female,28,West,Consumer,2024-04-12
11871,Customer_11871,Female,61,North,Consumer,2022-03-05
11872,Customer_11872,Male,29,South,Consumer,2023-10-14
11873,Customer_11873,Female,20,North,Consumer,2024-06-04
11874,Customer_11874,Female,56,South,Consumer,2025-12-19
11875,Customer_11875,Female,31,North,Enterprise,2024-12-01
11876,Customer_11876,Female,45,East,Small Business,2023-01-08
11877,Customer_11877,Female,28,West,Small Business,2022-11-02
11878,Customer_11878,Female,56,Central,Consumer,2022-07-28
11879,Customer_11879,Male,42,West,Small Business,2023-04-12
11880,Customer_11880,Female,38,Central,Consumer,2024-07-20
11881,Customer_11881,Female,27,North,Consumer,2025-08-20
11882,Customer_11882,Female,60,North,Consumer,2025-11-16
11883,Customer_11883,Female,32,West,Consumer,2025-03-22
11884,Customer_11884,Female,36,South,Consumer,2023-10-09
11885,Customer_11885,Male,65,South,Enterprise,2022-12-28
11886,Customer_11886,Male,39,South,Consumer,2025-07-11
11887,Customer_11887,Male,38,South,Consumer,2025-05-24
11888,Customer_11888,Male,69,East,Consumer,2023-12-22
11889,Customer_11889,Female,61,East,Consumer,2023-12-17
11890,Customer_11890,Unknown,49,East,Consumer,2023-06-27
11891,Customer_11891,Male,67,West,Consumer,2022-07-13
11892,Customer_11892,Male,40,South,Small Business,2023-10-14
11893,Customer_11893,Female,30,South,Consumer,2024-11-16
11894,Customer_11894,Male,22,North,Consumer,2024-12-05
11895,Customer_11895,Female,21,South,Small Business,2023-10-09
11896,Customer_11896,Female,45,West,Small Business,2024-08-11
11897,Customer_11897,Female,31,West,Small Business,2024-12-17
11898,Customer_11898,Male,25,West,Consumer,2024-11-02
11899,Customer_11899,Male,26,South,Consumer,2024-08-06
11900,Customer_11900,Female,68,East,Consumer,2024-08-18
11901,Customer_11901,Female,52,East,Small Business,2022-02-18
11902,Customer_11902,Male,54,East,Small Business,2024-03-13
11903,Customer_11903,Female,38,East,Consumer,2025-01-22
11904,Customer_11904,Male,35,East,Consumer,2023-08-30
11905,Customer_11905,Female,50,East,Small Business,2025-11-03
11906,Customer_11906,Male,25,West,Consumer,2022-01-10
11907,Customer_11907,Other,68,North,Consumer,2023-11-05
11908,Customer_11908,Male,66,West,Consumer,2023-12-27
11909,Customer_11909,Male,34,North,Consumer,2023-05-31
11910,Customer_11910,Male,60,North,Enterprise,2022-08-12
11911,Customer_11911,Male,48,Central,Consumer,2025-11-05
11912,Customer_11912,Female,51,Central,Consumer,2025-08-18
11913,Customer_11913,Unknown,23,North,Consumer,2022-07-22
11914,Customer_11914,Male,39,East,Consumer,2024-07-30
11915,Customer_11915,Male,31,North,Consumer,2023-08-12
11916,Customer_11916,Female,20,East,Consumer,2023-07-25
11917,Customer_11917,Female,29,West,Consumer,2024-08-14
11918,Customer_11918,Female,53,Central,Small Business,2022-07-15
11919,Customer_11919,Male,29,East,Small Business,2025-09-07
11920,Customer_11920,Male,62,South,Consumer,2023-02-22
11921,Customer_11921,Female,19,East,Consumer,2025-09-27
11922,Customer_11922,Male,19,South,Enterprise,2025-11-13
11923,Customer_11923,Female,32,Central,Consumer,2022-01-09
11924,Customer_11924,Male,40,Central,Small Business,2023-06-16
11925,Customer_11925,Female,46,East,Consumer,2022-05-29
11926,Customer_11926,Male,34,South,Small Business,2023-01-18
11927,Customer_11927,Female,49,South,Small Business,2024-11-01
11928,Customer_11928,Female,24,North,Small Business,2023-04-21
11929,Customer_11929,Female,47,West,Small Business,2023-08-02
11930,Customer_11930,Male,45,East,Enterprise,2024-12-12
11931,Customer_11931,Female,31,South,Consumer,2025-12-30
11932,Customer_11932,Female,61,East,Consumer,2022-07-25
11933,Customer_11933,Female,47,West,Consumer,2024-09-12
11934,Customer_11934,Female,34,North,Small Business,2024-07-03
11935,Customer_11935,Female,49,Central,Small Business,2024-01-15
11936,Customer_11936,Female,63,Central,Consumer,2024-07-01
11937,Customer_11937,Male,23,Central,Consumer,2022-02-23
11938,Customer_11938,Female,68,South,Small Business,2024-09-28
11939,Customer_11939,Female,41,South,Consumer,2022-12-10
11940,Customer_11940,Male,23,South,Consumer,2025-04-07
11941,Customer_11941,Male,44,South,Small Business,2025-03-30
11942,Customer_11942,Male,35,North,Consumer,2023-12-04
11943,Customer_11943,Female,41,East,Consumer,2023-06-11
11944,Customer_11944,Female,54,East,Consumer,2025-08-03
11945,Customer_11945,Female,41,Central,Consumer,2023-02-16
11946,Customer_11946,Female,55,North,Consumer,2023-07-23
11947,Customer_11947,Male,51,East,Consumer,2022-07-18
11948,Customer_11948,Male,57,West,Consumer,2025-03-30
11949,Customer_11949,Male,64,West,Consumer,2024-02-14
11950,Customer_11950,Male,32,Central,Consumer,2023-01-24
11951,Customer_11951,Male,28,West,Consumer,2023-04-19
11952,Customer_11952,Male,39,Central,Enterprise,2025-11-05
11953,Customer_11953,Female,41,South,Consumer,2024-02-04
11954,Customer_11954,Female,18,East,Small Business,2023-08-15
11955,Customer_11955,Unknown,35,North,Small Business,2025-02-21
11956,Customer_11956,Female,61,North,Consumer,2024-12-31
11957,Customer_11957,Female,29,South,Small Business,2024-09-08
11958,Customer_11958,Male,60,North,Consumer,2024-09-20
11959,Customer_11959,Female,45,South,Small Business,2022-06-17
11960,Customer_11960,Female,57,North,Consumer,2022-10-11
11961,Customer_11961,Male,24,North,Small Business,2024-11-25
11962,Customer_11962,Male,40,Central,Consumer,2024-04-03
11963,Customer_11963,Female,38,North,Small Business,2025-04-13
11964,Customer_11964,Male,51,West,Consumer,2025-05-07
11965,Customer_11965,Female,28,North,Small Business,2025-02-13
11966,Customer_11966,Female,39,Central,Consumer,2025-08-31
11967,Customer_11967,Male,59,Central,Small Business,2025-05-28
11968,Customer_11968,Male,52,West,Consumer,2024-06-09
11969,Customer_11969,Male,69,West,Consumer,2022-05-14
11970,Customer_11970,Male,46,North,Consumer,2022-05-02
11971,Customer_11971,Male,59,Central,Enterprise,2024-04-12
11972,Customer_11972,Female,45,Central,Consumer,2024-10-18
11973,Customer_11973,Male,35,Central,Enterprise,2025-12-15
11974,Customer_11974,Female,31,West,Consumer,2024-06-13
11975,Customer_11975,Male,35,South,Small Business,2022-10-16
11976,Customer_11976,Other,45,Central,Consumer,2024-12-12
11977,Customer_11977,Male,41,South,Consumer,2025-05-13
11978,Customer_11978,Male,25,East,Small Business,2025-10-03
11979,Customer_11979,Female,59,North,Consumer,2024-12-10
11980,Customer_11980,Female,62,Central,Consumer,2024-04-18
11981,Customer_11981,Male,25,North,Consumer,2024-06-30
11982,Customer_11982,Female,21,South,Consumer,2022-02-09
11983,Customer_11983,Male,44,East,Consumer,2022-09-07
11984,Customer_11984,Female,53,West,Small Business,2022-08-06
11985,Customer_11985,Male,22,East,Consumer,2022-06-28
11986,Customer_11986,Male,50,South,Consumer,2022-07-02
11987,Customer_11987,Female,66,North,Consumer,2025-04-02
11988,Customer_11988,Female,51,West,Consumer,2025-11-01
11989,Customer_11989,Male,47,Central,Consumer,2023-12-06
11990,Customer_11990,Female,25,West,Small Business,2023-05-12
11991,Customer_11991,Female,56,East,Small Business,2023-08-20
11992,Customer_11992,Male,64,Central,Consumer,2023-04-06
11993,Customer_11993,Female,43,East,Small Business,2023-04-19
11994,Customer_11994,Male,54,East,Consumer,2023-11-16
11995,Customer_11995,Female,51,East,Small Business,2024-11-26
11996,Customer_11996,Female,24,East,Consumer,2022-11-15
11997,Customer_11997,Other,57,West,Small Business,2025-12-06
11998,Customer_11998,Male,45,East,Consumer,2022-12-22
11999,Customer_11999,Male,56,South,Consumer,2023-09-09
12000,Customer_12000,Male,56,South,Consumer,2022-08-17
12001,Customer_12001,Male,45,North,Consumer,2023-12-30
12002,Customer_12002,Male,31,East,Consumer,2025-07-11
12003,Customer_12003,Female,67,South,Consumer,2023-07-15
12004,Customer_12004,Male,55,North,Consumer,2025-10-07
12005,Customer_12005,Male,21,West,Small Business,2023-09-27
12006,Customer_12006,Female,59,West,Consumer,2023-04-04
12007,Customer_12007,Male,35,West,Consumer,2022-01-25
12008,Customer_12008,Female,61,East,Consumer,2025-02-28
12009,Customer_12009,Male,65,Central,Enterprise,2023-01-05
12010,Customer_12010,Female,42,Central,Enterprise,2025-12-30
12011,Customer_12011,Male,24,West,Consumer,2025-06-01
12012,Customer_12012,Male,55,East,Consumer,2024-10-08
12013,Customer_12013,Female,45,South,Consumer,2023-09-03
12014,Customer_12014,Male,22,Central,Enterprise,2025-10-07
12015,Customer_12015,Female,20,South,Consumer,2025-05-05
12016,Customer_12016,Male,61,South,Consumer,2022-04-19
12017,Customer_12017,Male,48,East,Consumer,2025-05-28
12018,Customer_12018,Female,64,North,Consumer,2023-12-21
12019,Customer_12019,Male,59,Central,Consumer,2025-09-04
12020,Customer_12020,Female,37,East,Small Business,2025-01-10
12021,Customer_12021,Other,36,East,Consumer,2023-03-08
12022,Customer_12022,Female,65,West,Consumer,2024-10-28
12023,Customer_12023,Female,28,East,Consumer,2023-09-28
12024,Customer_12024,Male,57,North,Consumer,2025-03-18
12025,Customer_12025,Male,20,East,Consumer,2025-01-26
12026,Customer_12026,Male,40,West,Small Business,2025-01-29
12027,Customer_12027,Female,24,East,Consumer,2023-01-02
12028,Customer_12028,Unknown,40,West,Consumer,2024-07-13
12029,Customer_12029,Male,24,South,Consumer,2023-02-18
12030,Customer_12030,Female,63,South,Consumer,2025-07-06
12031,Customer_12031,Male,51,North,Consumer,2022-12-22
12032,Customer_12032,Female,59,South,Consumer,2022-01-11
12033,Customer_12033,Male,36,West,Consumer,2025-12-10
12034,Customer_12034,Unknown,26,West,Consumer,2025-06-27
12035,Customer_12035,Female,65,South,Consumer,2025-02-19
12036,Customer_12036,Male,68,East,Consumer,2022-03-06
12037,Customer_12037,Male,35,West,Consumer,2025-08-18
12038,Customer_12038,Male,58,South,Small Business,2022-05-05
12039,Customer_12039,Male,65,North,Consumer,2022-11-08
12040,Customer_12040,Male,62,Central,Consumer,2025-04-29
12041,Customer_12041,Female,59,East,Consumer,2024-02-14
12042,Customer_12042,Female,42,Central,Consumer,2024-09-28
12043,Customer_12043,Female,69,South,Consumer,2024-05-22
12044,Customer_12044,Male,31,West,Small Business,2023-11-25
12045,Customer_12045,Female,61,South,Small Business,2025-03-28
12046,Customer_12046,Female,42,South,Consumer,2025-10-08
12047,Customer_12047,Male,36,East,Consumer,2024-09-16
12048,Customer_12048,Female,56,South,Consumer,2024-03-09
12049,Customer_12049,Female,32,North,Consumer,2023-11-05
12050,Customer_12050,Male,33,South,Small Business,2025-07-10
12051,Customer_12051,Male,44,North,Small Business,2024-06-30
12052,Customer_12052,Female,57,West,Enterprise,2023-02-10
12053,Customer_12053,Male,27,East,Consumer,2024-09-22
12054,Customer_12054,Other,21,North,Consumer,2024-11-06
12055,Customer_12055,Female,68,North,Small Business,2023-09-29
12056,Customer_12056,Female,36,North,Small Business,2025-07-07
12057,Customer_12057,Male,45,East,Small Business,2024-06-08
12058,Customer_12058,Male,38,North,Consumer,2025-10-10
12059,Customer_12059,Female,64,West,Consumer,2023-05-04
12060,Customer_12060,Female,31,North,Consumer,2025-05-22
12061,Customer_12061,Male,50,South,Consumer,2022-08-27
12062,Customer_12062,Female,65,Central,Consumer,2022-06-29
12063,Customer_12063,Female,27,West,Consumer,2025-12-13
12064,Customer_12064,Male,36,North,Consumer,2025-03-12
12065,Customer_12065,Male,47,West,Consumer,2022-11-13
12066,Customer_12066,Female,39,East,Consumer,2025-06-21
12067,Customer_12067,Male,20,West,Consumer,2022-08-20
12068,Customer_12068,Male,54,East,Small Business,2025-08-19
12069,Customer_12069,Male,58,West,Consumer,2022-11-27
12070,Customer_12070,Male,35,Central,Consumer,2023-07-15
12071,Customer_12071,Female,28,South,Enterprise,2024-08-06
12072,Customer_12072,Female,65,East,Enterprise,2022-09-05
12073,Customer_12073,Male,19,East,Consumer,2022-10-10
12074,Customer_12074,Female,29,North,Small Business,2025-08-03
12075,Customer_12075,Female,23,North,Consumer,2024-07-28
12076,Customer_12076,Female,60,North,Consumer,2022-02-01
12077,Customer_12077,Male,57,East,Consumer,2023-06-14
12078,Customer_12078,Male,61,East,Consumer,2023-01-16
12079,Customer_12079,Unknown,46,East,Small Business,2022-03-04
12080,Customer_12080,Female,47,North,Small Business,2022-05-08
12081,Customer_12081,Male,19,East,Enterprise,2022-06-12
12082,Customer_12082,Male,26,Central,Small Business,2024-08-15
12083,Customer_12083,Male,64,South,Consumer,2025-06-28
12084,Customer_12084,Female,19,East,Small Business,2022-10-22
12085,Customer_12085,Female,46,West,Enterprise,2022-06-28
12086,Customer_12086,Female,50,West,Small Business,2022-08-17
12087,Customer_12087,Male,27,East,Small Business,2024-06-01
12088,Customer_12088,Female,51,Central,Enterprise,2023-01-29
12089,Customer_12089,Female,61,South,Consumer,2023-11-23
12090,Customer_12090,Male,25,Central,Small Business,2025-11-20
12091,Customer_12091,Female,54,South,Small Business,2022-03-13
12092,Customer_12092,Other,50,South,Enterprise,2022-11-14
12093,Customer_12093,Male,64,North,Consumer,2023-08-18
12094,Customer_12094,Female,23,West,Consumer,2023-01-14
12095,Customer_12095,Male,61,East,Small Business,2024-06-25
12096,Customer_12096,Female,57,South,Consumer,2022-05-16
12097,Customer_12097,Female,62,South,Consumer,2023-12-31
12098,Customer_12098,Female,36,Central,Consumer,2025-11-02
12099,Customer_12099,Female,49,West,Consumer,2025-02-16
12100,Customer_12100,Male,44,East,Consumer,2024-06-24
12101,Customer_12101,Female,18,East,Consumer,2023-06-14
12102,Customer_12102,Female,60,East,Consumer,2024-07-23
12103,Customer_12103,Male,69,South,Consumer,2023-10-28
12104,Customer_12104,Female,50,Central,Consumer,2023-06-07
12105,Customer_12105,Female,57,North,Consumer,2023-01-22
12106,Customer_12106,Male,49,East,Consumer,2023-07-28
12107,Customer_12107,Female,22,South,Consumer,2023-08-06
12108,Customer_12108,Female,34,East,Consumer,2023-07-27
12109,Customer_12109,Male,25,East,Small Business,2023-10-06
12110,Customer_12110,Unknown,59,East,Consumer,2023-07-27
12111,Customer_12111,Male,51,North,Consumer,2024-05-19
12112,Customer_12112,Male,26,East,Small Business,2025-07-16
12113,Customer_12113,Male,40,South,Consumer,2023-07-01
12114,Customer_12114,Female,52,North,Enterprise,2023-03-14
12115,Customer_12115,Female,67,North,Small Business,2023-07-09
12116,Customer_12116,Male,24,West,Consumer,2022-04-21
12117,Customer_12117,Male,32,East,Consumer,2025-09-07
12118,Customer_12118,Female,37,East,Consumer,2023-06-11
12119,Customer_12119,Male,67,West,Consumer,2022-06-26
12120,Customer_12120,Female,42,West,Consumer,2023-11-05
12121,Customer_12121,Female,20,East,Consumer,2023-09-16
12122,Customer_12122,Female,63,South,Small Business,2024-08-01
12123,Customer_12123,Other,41,South,Consumer,2023-04-18
12124,Customer_12124,Male,51,East,Consumer,2024-09-20
12125,Customer_12125,Unknown,63,East,Small Business,2024-05-28
12126,Customer_12126,Female,39,West,Consumer,2025-11-12
12127,Customer_12127,Female,28,Central,Consumer,2025-01-26
12128,Customer_12128,Male,65,North,Consumer,2025-12-05
12129,Customer_12129,Female,25,North,Consumer,2025-10-30
12130,Customer_12130,Male,56,East,Enterprise,2022-06-19
12131,Customer_12131,Male,60,South,Consumer,2024-10-10
12132,Customer_12132,Male,52,North,Consumer,2022-02-25
12133,Customer_12133,Female,66,Central,Consumer,2022-11-21
12134,Customer_12134,Female,63,South,Consumer,2023-10-20
12135,Customer_12135,Female,55,Central,Consumer,2024-08-14
12136,Customer_12136,Female,25,West,Small Business,2022-09-17
12137,Customer_12137,Male,54,West,Enterprise,2023-10-03
12138,Customer_12138,Female,44,South,Consumer,2023-07-16
12139,Customer_12139,Male,45,South,Consumer,2022-12-06
12140,Customer_12140,Female,57,East,Consumer,2023-02-08
12141,Customer_12141,Female,51,North,Consumer,2023-06-16
12142,Customer_12142,Female,49,South,Consumer,2025-04-12
12143,Customer_12143,Female,32,South,Consumer,2024-03-05
12144,Customer_12144,Male,61,North,Consumer,2025-03-29
12145,Customer_12145,Female,34,South,Consumer,2024-10-30
12146,Customer_12146,Female,50,West,Small Business,2023-08-17
12147,Customer_12147,Male,64,North,Small Business,2025-07-03
12148,Customer_12148,Male,63,North,Consumer,2023-09-09
12149,Customer_12149,Female,69,East,Consumer,2023-10-14
12150,Customer_12150,Female,33,Central,Enterprise,2023-12-15
12151,Customer_12151,Male,46,South,Consumer,2022-12-10
12152,Customer_12152,Male,26,North,Small Business,2025-10-28
12153,Customer_12153,Female,50,East,Consumer,2025-12-29
12154,Customer_12154,Female,66,Central,Consumer,2022-02-15
12155,Customer_12155,Male,46,West,Consumer,2024-06-22
12156,Customer_12156,Male,30,East,Small Business,2022-02-24
12157,Customer_12157,Male,38,South,Consumer,2025-01-06
12158,Customer_12158,Male,38,East,Consumer,2024-05-05
12159,Customer_12159,Male,22,North,Consumer,2025-07-19
12160,Customer_12160,Female,27,West,Small Business,2023-10-22
12161,Customer_12161,Female,23,West,Enterprise,2022-04-21
12162,Customer_12162,Female,68,Central,Enterprise,2024-11-04
12163,Customer_12163,Male,30,South,Enterprise,2022-03-19
12164,Customer_12164,Female,18,North,Consumer,2023-05-16
12165,Customer_12165,Female,37,East,Consumer,2023-08-11
12166,Customer_12166,Unknown,64,West,Consumer,2023-02-22
12167,Customer_12167,Female,63,West,Consumer,2022-10-02
12168,Customer_12168,Male,25,North,Small Business,2025-05-05
12169,Customer_12169,Female,27,South,Small Business,2025-10-31
12170,Customer_12170,Male,26,East,Consumer,2024-12-22
12171,Customer_12171,Female,66,South,Consumer,2025-10-16
12172,Customer_12172,Male,58,Central,Enterprise,2024-08-30
12173,Customer_12173,Male,20,East,Consumer,2024-09-17
12174,Customer_12174,Female,28,West,Consumer,2025-02-07
12175,Customer_12175,Male,29,East,Consumer,2022-07-13
12176,Customer_12176,Female,27,West,Consumer,2024-05-04
12177,Customer_12177,Male,42,South,Consumer,2024-03-09
12178,Customer_12178,Female,66,West,Consumer,2022-10-28
12179,Customer_12179,Female,66,South,Consumer,2024-08-25
12180,Customer_12180,Female,42,East,Enterprise,2023-07-22
12181,Customer_12181,Male,28,South,Consumer,2023-11-03
12182,Customer_12182,Male,53,East,Consumer,2022-05-29
12183,Customer_12183,Male,56,South,Enterprise,2024-02-08
12184,Customer_12184,Male,43,South,Consumer,2022-05-19
12185,Customer_12185,Female,31,Central,Consumer,2024-05-10
12186,Customer_12186,Female,56,North,Small Business,2022-10-19
12187,Customer_12187,Female,57,West,Consumer,2022-12-01
12188,Customer_12188,Female,18,Central,Small Business,2023-11-30
12189,Customer_12189,Female,21,North,Consumer,2025-04-22
12190,Customer_12190,Female,47,West,Consumer,2022-11-03
12191,Customer_12191,Male,29,South,Consumer,2024-07-13
12192,Customer_12192,Female,52,North,Consumer,2024-09-07
12193,Customer_12193,Female,30,East,Small Business,2024-06-16
12194,Customer_12194,Female,69,Central,Consumer,2025-07-09
12195,Customer_12195,Male,48,North,Enterprise,2024-07-15
12196,Customer_12196,Male,55,East,Small Business,2025-08-26
12197,Customer_12197,Male,60,East,Consumer,2022-12-10
12198,Customer_12198,Female,40,Central,Small Business,2025-12-18
12199,Customer_12199,Female,21,North,Consumer,2023-10-19
12200,Customer_12200,Male,69,West,Small Business,2022-09-18
12201,Customer_12201,Unknown,33,West,Small Business,2025-10-17
12202,Customer_12202,Male,24,West,Consumer,2022-06-18
12203,Customer_12203,Male,39,Central,Consumer,2023-10-22
12204,Customer_12204,Male,46,West,Consumer,2022-07-19
12205,Customer_12205,Female,28,North,Consumer,2025-11-09
12206,Customer_12206,Female,50,East,Consumer,2025-08-28
12207,Customer_12207,Male,46,South,Consumer,2023-08-05
12208,Customer_12208,Female,56,South,Consumer,2025-08-28
12209,Customer_12209,Male,29,East,Consumer,2023-07-20
12210,Customer_12210,Female,24,South,Consumer,2023-01-30
12211,Customer_12211,Female,56,East,Consumer,2022-12-17
12212,Customer_12212,Female,59,Central,Consumer,2022-01-28
12213,Customer_12213,Male,65,North,Small Business,2023-09-24
12214,Customer_12214,Other,43,Central,Consumer,2025-03-02
12215,Customer_12215,Female,57,East,Consumer,2023-01-15
12216,Customer_12216,Male,26,East,Consumer,2023-06-12
12217,Customer_12217,Female,58,West,Small Business,2025-08-03
12218,Customer_12218,Male,51,South,Consumer,2025-07-31
12219,Customer_12219,Female,62,East,Enterprise,2024-06-21
12220,Customer_12220,Male,30,East,Enterprise,2024-03-17
12221,Customer_12221,Female,53,South,Small Business,2022-08-15
12222,Customer_12222,Female,42,Central,Enterprise,2025-12-21
12223,Customer_12223,Male,41,West,Consumer,2022-01-27
12224,Customer_12224,Male,61,North,Consumer,2025-09-17
12225,Customer_12225,Male,34,North,Small Business,2025-02-14
12226,Customer_12226,Male,19,East,Small Business,2022-03-30
12227,Customer_12227,Male,30,North,Small Business,2023-09-11
12228,Customer_12228,Female,48,East,Small Business,2022-05-02
12229,Customer_12229,Male,46,North,Enterprise,2024-05-15
12230,Customer_12230,Male,67,East,Consumer,2022-02-02
12231,Customer_12231,Female,45,North,Small Business,2023-08-26
12232,Customer_12232,Male,44,South,Small Business,2023-11-27
12233,Customer_12233,Female,32,West,Small Business,2024-06-06
12234,Customer_12234,Female,48,East,Consumer,2025-11-22
12235,Customer_12235,Female,57,Central,Small Business,2023-06-09
12236,Customer_12236,Female,32,Central,Enterprise,2024-11-13
12237,Customer_12237,Female,50,South,Consumer,2025-09-10
12238,Customer_12238,Male,37,North,Consumer,2022-02-03
12239,Customer_12239,Male,59,West,Consumer,2022-09-04
12240,Customer_12240,Male,29,Central,Enterprise,2024-11-08
12241,Customer_12241,Female,54,West,Consumer,2024-11-19
12242,Customer_12242,Male,26,North,Consumer,2022-02-18
12243,Customer_12243,Female,40,Central,Consumer,2024-06-30
12244,Customer_12244,Unknown,25,South,Small Business,2022-06-29
12245,Customer_12245,Female,49,West,Consumer,2025-10-25
12246,Customer_12246,Female,65,Central,Consumer,2024-01-08
12247,Customer_12247,Male,31,South,Enterprise,2025-11-19
12248,Customer_12248,Female,44,Central,Small Business,2023-08-13
12249,Customer_12249,Female,42,South,Consumer,2023-05-11
12250,Customer_12250,Male,30,Central,Enterprise,2023-03-07
12251,Customer_12251,Male,38,South,Small Business,2025-05-15
12252,Customer_12252,Female,62,Central,Consumer,2024-11-24
12253,Customer_12253,Female,48,North,Consumer,2025-12-07
12254,Customer_12254,Female,54,West,Consumer,2022-12-30
12255,Customer_12255,Female,65,East,Small Business,2022-11-06
12256,Customer_12256,Female,60,East,Consumer,2024-09-08
12257,Customer_12257,Female,22,South,Consumer,2025-07-26
12258,Customer_12258,Male,30,West,Small Business,2025-03-21
12259,Customer_12259,Male,45,North,Consumer,2022-08-15
12260,Customer_12260,Male,60,East,Small Business,2025-06-20
12261,Customer_12261,Female,42,South,Small Business,2022-01-10
12262,Customer_12262,Female,68,Central,Consumer,2025-11-16
12263,Customer_12263,Female,52,North,Small Business,2022-02-17
12264,Customer_12264,Male,64,North,Consumer,2022-07-23
12265,Customer_12265,Female,56,South,Consumer,2024-09-15
12266,Customer_12266,Female,24,East,Consumer,2024-06-12
12267,Customer_12267,Female,55,South,Consumer,2022-06-06
12268,Customer_12268,Female,49,East,Enterprise,2024-05-04
12269,Customer_12269,Male,20,Central,Consumer,2022-01-26
12270,Customer_12270,Female,62,West,Consumer,2023-02-25
12271,Customer_12271,Male,56,East,Enterprise,2024-01-31
12272,Customer_12272,Male,54,North,Consumer,2024-02-13
12273,Customer_12273,Female,67,West,Small Business,2022-09-21
12274,Customer_12274,Female,39,North,Consumer,2023-08-11
12275,Customer_12275,Other,25,West,Small Business,2024-08-15
12276,Customer_12276,Female,34,South,Consumer,2023-04-15
12277,Customer_12277,Female,69,East,Consumer,2022-09-11
12278,Customer_12278,Female,44,South,Consumer,2025-03-16
12279,Customer_12279,Female,50,Central,Consumer,2025-09-11
12280,Customer_12280,Male,63,North,Small Business,2025-09-23
12281,Customer_12281,Male,34,East,Consumer,2024-01-10
12282,Customer_12282,Male,59,North,Consumer,2022-04-28
12283,Customer_12283,Female,29,West,Consumer,2025-04-03
12284,Customer_12284,Male,65,Central,Small Business,2023-07-04
12285,Customer_12285,Male,63,East,Small Business,2024-06-29
12286,Customer_12286,Male,44,East,Consumer,2024-05-19
12287,Customer_12287,Unknown,65,Central,Consumer,2024-03-18
12288,Customer_12288,Male,25,East,Consumer,2024-03-31
12289,Customer_12289,Female,40,East,Consumer,2025-05-06
12290,Customer_12290,Male,59,East,Consumer,2025-10-29
12291,Customer_12291,Female,66,West,Consumer,2023-07-18
12292,Customer_12292,Male,46,North,Consumer,2025-02-26
12293,Customer_12293,Male,67,West,Enterprise,2023-02-18
12294,Customer_12294,Female,37,East,Consumer,2025-11-04
12295,Customer_12295,Male,33,North,Small Business,2024-05-29
12296,Customer_12296,Male,34,West,Consumer,2024-09-19
12297,Customer_12297,Male,33,South,Enterprise,2022-01-01
12298,Customer_12298,Male,36,North,Consumer,2022-06-16
12299,Customer_12299,Male,25,East,Consumer,2022-01-16
12300,Customer_12300,Male,55,Central,Small Business,2023-10-19
12301,Customer_12301,Female,55,Central,Consumer,2022-04-22
12302,Customer_12302,Female,46,Central,Consumer,2025-10-23
12303,Customer_12303,Female,58,Central,Consumer,2025-01-30
12304,Customer_12304,Male,53,North,Small Business,2023-08-17
12305,Customer_12305,Female,43,South,Consumer,2025-11-30
12306,Customer_12306,Male,48,West,Small Business,2023-05-22
12307,Customer_12307,Male,61,South,Consumer,2023-11-02
12308,Customer_12308,Female,29,East,Consumer,2024-11-29
12309,Customer_12309,Male,34,East,Consumer,2025-11-05
12310,Customer_12310,Male,32,South,Consumer,2024-01-29
12311,Customer_12311,Female,26,Central,Consumer,2023-05-12
12312,Customer_12312,Female,56,East,Small Business,2024-08-22
12313,Customer_12313,Female,59,East,Consumer,2022-10-08
12314,Customer_12314,Female,65,Central,Consumer,2022-12-17
12315,Customer_12315,Unknown,29,East,Small Business,2022-11-30
12316,Customer_12316,Male,49,North,Small Business,2024-01-31
12317,Customer_12317,Male,42,East,Small Business,2025-07-30
12318,Customer_12318,Male,56,West,Small Business,2023-12-29
12319,Customer_12319,Male,35,West,Consumer,2025-09-04
12320,Customer_12320,Male,32,West,Small Business,2024-04-02
12321,Customer_12321,Female,49,West,Consumer,2025-12-08
12322,Customer_12322,Female,23,South,Consumer,2022-01-14
12323,Customer_12323,Female,61,Central,Small Business,2024-12-15
12324,Customer_12324,Male,60,Central,Enterprise,2025-11-27
12325,Customer_12325,Female,69,North,Small Business,2022-12-08
12326,Customer_12326,Other,52,North,Consumer,2022-07-18
12327,Customer_12327,Female,51,Central,Consumer,2023-11-09
12328,Customer_12328,Male,55,Central,Consumer,2025-08-08
12329,Customer_12329,Female,22,Central,Small Business,2023-10-20
12330,Customer_12330,Male,35,Central,Consumer,2022-03-19
12331,Customer_12331,Male,33,East,Small Business,2022-04-22
12332,Customer_12332,Male,25,East,Consumer,2023-06-19
12333,Customer_12333,Female,42,East,Small Business,2025-10-30
12334,Customer_12334,Female,49,North,Enterprise,2025-02-13
12335,Customer_12335,Male,43,West,Consumer,2025-03-11
12336,Customer_12336,Male,69,East,Consumer,2024-09-18
12337,Customer_12337,Male,39,East,Small Business,2025-05-05
12338,Customer_12338,Male,48,East,Consumer,2024-02-29
12339,Customer_12339,Male,60,East,Small Business,2025-08-15
12340,Customer_12340,Male,27,North,Consumer,2025-01-04
12341,Customer_12341,Female,29,South,Consumer,2023-06-14
12342,Customer_12342,Male,45,North,Small Business,2022-04-10
12343,Customer_12343,Male,23,North,Consumer,2024-08-30
12344,Customer_12344,Male,37,Central,Enterprise,2025-08-08
12345,Customer_12345,Other,22,North,Consumer,2024-10-11
12346,Customer_12346,Female,40,South,Small Business,2022-05-05
12347,Customer_12347,Female,26,East,Consumer,2024-10-11
12348,Customer_12348,Male,46,East,Consumer,2023-06-03
12349,Customer_12349,Female,33,North,Consumer,2022-01-23
12350,Customer_12350,Male,63,West,Small Business,2022-06-11
12351,Customer_12351,Female,39,West,Consumer,2023-09-21
12352,Customer_12352,Female,25,South,Small Business,2023-05-21
12353,Customer_12353,Female,37,South,Consumer,2024-05-31
12354,Customer_12354,Female,68,Central,Small Business,2024-11-10
12355,Customer_12355,Female,31,West,Small Business,2023-04-28
12356,Customer_12356,Male,56,West,Consumer,2022-11-05
12357,Customer_12357,Female,54,North,Consumer,2024-05-23
12358,Customer_12358,Male,67,East,Consumer,2022-07-22
12359,Customer_12359,Female,51,East,Consumer,2025-12-10
12360,Customer_12360,Male,28,North,Consumer,2023-10-02
12361,Customer_12361,Male,57,East,Small Business,2022-05-22
12362,Customer_12362,Male,50,East,Consumer,2024-09-30
12363,Customer_12363,Male,48,South,Small Business,2023-09-07
12364,Customer_12364,Female,61,West,Enterprise,2022-04-17
12365,Customer_12365,Female,51,West,Consumer,2023-06-13
12366,Customer_12366,Male,67,South,Consumer,2023-07-30
12367,Customer_12367,Male,24,West,Consumer,2024-08-26
12368,Customer_12368,Female,66,North,Small Business,2023-11-19
12369,Customer_12369,Male,40,West,Consumer,2022-10-18
12370,Customer_12370,Female,63,North,Consumer,2024-03-15
12371,Customer_12371,Female,24,North,Enterprise,2025-08-27
12372,Customer_12372,Female,42,East,Consumer,2023-10-30
12373,Customer_12373,Female,20,East,Small Business,2023-01-20
12374,Customer_12374,Male,55,Central,Consumer,2024-12-12
12375,Customer_12375,Female,37,South,Consumer,2025-04-21
12376,Customer_12376,Male,51,South,Small Business,2025-10-24
12377,Customer_12377,Male,66,East,Consumer,2023-12-02
12378,Customer_12378,Female,61,East,Small Business,2022-01-13
12379,Customer_12379,Male,61,South,Consumer,2024-08-17
12380,Customer_12380,Female,47,West,Small Business,2022-06-09
12381,Customer_12381,Female,34,West,Consumer,2025-07-31
12382,Customer_12382,Female,27,Central,Consumer,2023-07-19
12383,Customer_12383,Female,52,Central,Consumer,2025-08-03
12384,Customer_12384,Male,37,South,Consumer,2022-01-08
12385,Customer_12385,Male,35,West,Consumer,2022-03-13
12386,Customer_12386,Female,62,South,Consumer,2024-06-10
12387,Customer_12387,Male,61,West,Consumer,2022-04-08
12388,Customer_12388,Female,44,East,Consumer,2022-03-28
12389,Customer_12389,Female,66,Central,Consumer,2022-04-11
12390,Customer_12390,Female,53,West,Consumer,2022-10-08
12391,Customer_12391,Male,40,Central,Consumer,2024-06-01
12392,Customer_12392,Male,49,West,Enterprise,2025-08-05
12393,Customer_12393,Male,27,Central,Consumer,2024-01-19
12394,Customer_12394,Male,28,West,Consumer,2022-07-15
12395,Customer_12395,Female,55,East,Consumer,2023-01-26
12396,Customer_12396,Male,23,South,Small Business,2023-09-01
12397,Customer_12397,Male,58,South,Consumer,2023-03-26
12398,Customer_12398,Male,64,North,Small Business,2025-10-23
12399,Customer_12399,Female,51,East,Consumer,2025-12-24
12400,Customer_12400,Female,53,East,Consumer,2025-01-24
12401,Customer_12401,Male,54,East,Small Business,2025-07-08
12402,Customer_12402,Male,34,Central,Consumer,2022-05-01
12403,Customer_12403,Male,57,Central,Consumer,2025-10-21
12404,Customer_12404,Male,57,North,Small Business,2022-11-28
12405,Customer_12405,Female,29,South,Consumer,2024-12-11
12406,Customer_12406,Female,38,East,Small Business,2025-11-20
12407,Customer_12407,Male,57,South,Consumer,2022-11-14
12408,Customer_12408,Male,36,West,Small Business,2023-11-06
12409,Customer_12409,Unknown,20,East,Small Business,2023-12-03
12410,Customer_12410,Male,35,East,Consumer,2025-07-24
12411,Customer_12411,Female,68,Central,Small Business,2025-05-02
12412,Customer_12412,Male,36,West,Consumer,2023-11-24
12413,Customer_12413,Female,64,North,Consumer,2024-10-13
12414,Customer_12414,Male,23,West,Consumer,2022-01-21
12415,Customer_12415,Female,33,East,Consumer,2023-02-03
12416,Customer_12416,Other,25,South,Small Business,2022-07-21
12417,Customer_12417,Male,65,North,Consumer,2023-04-11
12418,Customer_12418,Male,35,East,Enterprise,2025-03-20
12419,Customer_12419,Male,69,South,Consumer,2024-06-14
12420,Customer_12420,Male,65,South,Consumer,2025-03-28
12421,Customer_12421,Male,60,West,Consumer,2022-11-06
12422,Customer_12422,Male,56,West,Consumer,2023-05-19
12423,Customer_12423,Female,66,South,Small Business,2022-01-26
12424,Customer_12424,Male,66,North,Small Business,2022-03-07
12425,Customer_12425,Male,29,West,Small Business,2022-09-20
12426,Customer_12426,Female,62,North,Small Business,2023-04-17
12427,Customer_12427,Male,27,Central,Consumer,2022-06-16
12428,Customer_12428,Other,24,East,Consumer,2024-03-10
12429,Customer_12429,Male,63,South,Small Business,2025-03-23
12430,Customer_12430,Female,18,South,Consumer,2022-12-09
12431,Customer_12431,Female,66,North,Consumer,2023-12-19
12432,Customer_12432,Female,53,South,Consumer,2023-02-17
12433,Customer_12433,Unknown,38,North,Consumer,2025-04-22
12434,Customer_12434,Male,54,East,Consumer,2025-05-02
12435,Customer_12435,Other,69,North,Small Business,2024-10-22
12436,Customer_12436,Male,41,East,Consumer,2025-05-23
12437,Customer_12437,Male,42,East,Consumer,2023-11-18
12438,Customer_12438,Male,24,South,Consumer,2024-03-07
12439,Customer_12439,Female,59,North,Small Business,2023-04-28
12440,Customer_12440,Male,34,North,Enterprise,2024-11-21
12441,Customer_12441,Female,46,North,Small Business,2022-01-15
12442,Customer_12442,Female,47,West,Consumer,2025-09-03
12443,Customer_12443,Female,24,South,Enterprise,2025-06-20
12444,Customer_12444,Female,50,West,Small Business,2022-01-17
12445,Customer_12445,Male,24,East,Small Business,2023-06-18
12446,Customer_12446,Male,41,East,Small Business,2022-03-22
12447,Customer_12447,Male,28,East,Consumer,2023-10-18
12448,Customer_12448,Male,26,West,Consumer,2023-03-12
12449,Customer_12449,Male,29,South,Consumer,2024-10-28
12450,Customer_12450,Male,52,North,Consumer,2024-10-15
12451,Customer_12451,Male,21,East,Small Business,2023-11-10
12452,Customer_12452,Other,53,South,Small Business,2025-08-03
12453,Customer_12453,Female,45,East,Small Business,2024-02-19
12454,Customer_12454,Male,30,East,Consumer,2022-07-05
12455,Customer_12455,Female,40,East,Consumer,2023-02-26
12456,Customer_12456,Male,36,East,Consumer,2023-04-11
12457,Customer_12457,Male,59,East,Consumer,2022-03-24
12458,Customer_12458,Female,54,West,Consumer,2023-07-21
12459,Customer_12459,Female,56,West,Consumer,2023-10-05
12460,Customer_12460,Male,41,East,Consumer,2022-11-21
12461,Customer_12461,Unknown,33,West,Enterprise,2025-12-13
12462,Customer_12462,Female,50,Central,Consumer,2022-02-20
12463,Customer_12463,Female,29,East,Small Business,2024-11-16
12464,Customer_12464,Female,51,East,Consumer,2023-11-08
12465,Customer_12465,Female,24,West,Consumer,2024-09-07
12466,Customer_12466,Male,28,East,Small Business,2024-03-03
12467,Customer_12467,Male,48,North,Small Business,2024-12-21
12468,Customer_12468,Male,46,Central,Consumer,2023-10-19
12469,Customer_12469,Female,30,North,Consumer,2025-04-09
12470,Customer_12470,Female,48,West,Consumer,2025-08-02
12471,Customer_12471,Male,19,West,Small Business,2022-04-27
12472,Customer_12472,Other,56,Central,Enterprise,2024-10-24
12473,Customer_12473,Female,32,North,Consumer,2024-12-25
12474,Customer_12474,Female,28,East,Consumer,2024-12-19
12475,Customer_12475,Female,51,East,Enterprise,2024-06-23
12476,Customer_12476,Female,56,South,Consumer,2023-05-17
12477,Customer_12477,Male,21,North,Small Business,2024-03-09
12478,Customer_12478,Female,28,East,Consumer,2024-05-06
12479,Customer_12479,Male,46,East,Consumer,2025-06-06
12480,Customer_12480,Female,19,North,Consumer,2025-01-28
12481,Customer_12481,Male,33,East,Consumer,2025-02-16
12482,Customer_12482,Female,56,West,Consumer,2022-03-10
12483,Customer_12483,Other,30,West,Small Business,2023-10-26
12484,Customer_12484,Male,54,Central,Small Business,2024-03-02
12485,Customer_12485,Male,34,East,Small Business,2022-08-09
12486,Customer_12486,Unknown,38,Central,Consumer,2024-10-06
12487,Customer_12487,Female,61,Central,Consumer,2022-08-11
12488,Customer_12488,Female,36,South,Consumer,2023-11-08
12489,Customer_12489,Female,24,North,Small Business,2022-07-30
12490,Customer_12490,Male,55,East,Consumer,2024-07-19
12491,Customer_12491,Male,25,East,Consumer,2024-06-04
12492,Customer_12492,Male,30,East,Consumer,2024-05-31
12493,Customer_12493,Female,54,East,Consumer,2022-09-19
12494,Customer_12494,Male,19,West,Consumer,2023-06-02
12495,Customer_12495,Female,58,East,Small Business,2025-06-25
12496,Customer_12496,Female,28,North,Enterprise,2024-03-08
12497,Customer_12497,Female,41,Central,Small Business,2025-07-04
12498,Customer_12498,Female,23,South,Enterprise,2024-12-22
12499,Customer_12499,Unknown,43,Central,Enterprise,2025-11-16
12500,Customer_12500,Male,24,North,Consumer,2023-06-24
12501,Customer_12501,Female,56,Central,Consumer,2023-02-21
12502,Customer_12502,Female,36,North,Small Business,2022-02-22
12503,Customer_12503,Female,23,South,Consumer,2022-02-07
12504,Customer_12504,Other,60,North,Consumer,2022-11-04
12505,Customer_12505,Male,46,West,Consumer,2024-04-25
12506,Customer_12506,Male,60,Central,Consumer,2024-06-16
12507,Customer_12507,Female,56,East,Consumer,2022-02-22
12508,Customer_12508,Male,19,Central,Consumer,2023-08-29
12509,Customer_12509,Female,36,East,Consumer,2023-03-28
12510,Customer_12510,Female,21,East,Small Business,2023-04-06
12511,Customer_12511,Male,23,West,Consumer,2024-02-14
12512,Customer_12512,Female,66,South,Small Business,2025-03-06
12513,Customer_12513,Male,54,South,Consumer,2025-10-27
12514,Customer_12514,Female,45,Central,Consumer,2025-07-03
12515,Customer_12515,Female,47,Central,Consumer,2023-01-30
12516,Customer_12516,Female,24,Central,Consumer,2024-11-26
12517,Customer_12517,Male,26,Central,Small Business,2025-03-16
12518,Customer_12518,Female,42,North,Small Business,2024-10-28
12519,Customer_12519,Female,50,West,Small Business,2025-06-28
12520,Customer_12520,Female,18,East,Enterprise,2023-10-09
12521,Customer_12521,Female,68,Central,Consumer,2022-09-20
12522,Customer_12522,Male,23,East,Consumer,2023-09-24
12523,Customer_12523,Male,35,East,Consumer,2025-07-06
12524,Customer_12524,Male,27,East,Consumer,2025-09-08
12525,Customer_12525,Female,45,South,Consumer,2023-06-14
12526,Customer_12526,Male,28,North,Consumer,2022-10-28
12527,Customer_12527,Male,50,Central,Consumer,2023-04-30
12528,Customer_12528,Other,18,West,Consumer,2022-04-02
12529,Customer_12529,Male,30,North,Consumer,2025-04-02
12530,Customer_12530,Unknown,54,West,Small Business,2025-09-20
12531,Customer_12531,Female,37,East,Consumer,2022-11-11
12532,Customer_12532,Female,18,East,Small Business,2024-08-02
12533,Customer_12533,Male,69,South,Small Business,2022-08-26
12534,Customer_12534,Male,20,Central,Consumer,2022-03-24
12535,Customer_12535,Female,35,West,Consumer,2023-10-31
12536,Customer_12536,Female,58,East,Consumer,2025-02-06
12537,Customer_12537,Female,31,East,Small Business,2022-06-27
12538,Customer_12538,Male,48,North,Small Business,2022-09-07
12539,Customer_12539,Female,44,East,Consumer,2024-02-04
12540,Customer_12540,Female,34,North,Consumer,2023-10-29
12541,Customer_12541,Female,63,South,Enterprise,2024-06-21
12542,Customer_12542,Female,46,West,Consumer,2022-04-01
12543,Customer_12543,Female,53,Central,Small Business,2022-12-05
12544,Customer_12544,Female,54,East,Consumer,2022-06-18
12545,Customer_12545,Male,43,South,Consumer,2025-03-08
12546,Customer_12546,Female,34,East,Small Business,2023-08-01
12547,Customer_12547,Male,39,Central,Small Business,2025-04-22
12548,Customer_12548,Male,42,West,Small Business,2024-02-19
12549,Customer_12549,Male,19,Central,Consumer,2022-06-19
12550,Customer_12550,Male,39,East,Consumer,2022-12-28
12551,Customer_12551,Male,22,West,Small Business,2022-09-01
12552,Customer_12552,Male,21,North,Consumer,2022-05-18
12553,Customer_12553,Female,53,South,Consumer,2024-11-17
12554,Customer_12554,Other,23,South,Small Business,2023-06-03
12555,Customer_12555,Male,69,East,Consumer,2025-11-22
12556,Customer_12556,Other,38,Central,Consumer,2022-11-29
12557,Customer_12557,Female,30,Central,Small Business,2024-08-22
12558,Customer_12558,Male,54,North,Enterprise,2025-09-02
12559,Customer_12559,Male,42,North,Consumer,2023-07-17
12560,Customer_12560,Female,43,South,Consumer,2023-03-02
12561,Customer_12561,Female,56,South,Small Business,2025-03-05
12562,Customer_12562,Female,37,East,Small Business,2023-10-03
12563,Customer_12563,Male,50,Central,Small Business,2023-12-10
12564,Customer_12564,Male,31,Central,Consumer,2025-07-14
12565,Customer_12565,Male,53,West,Consumer,2022-04-17
12566,Customer_12566,Male,34,West,Consumer,2023-07-14
12567,Customer_12567,Male,38,East,Small Business,2022-05-18
12568,Customer_12568,Male,63,South,Small Business,2023-09-07
12569,Customer_12569,Female,33,East,Consumer,2022-02-16
12570,Customer_12570,Female,63,East,Consumer,2023-01-03
12571,Customer_12571,Male,33,West,Consumer,2022-01-06
12572,Customer_12572,Female,37,South,Enterprise,2023-06-07
12573,Customer_12573,Male,46,South,Small Business,2023-06-13
12574,Customer_12574,Female,45,South,Consumer,2025-07-19
12575,Customer_12575,Male,25,Central,Consumer,2022-03-07
12576,Customer_12576,Female,41,East,Consumer,2023-02-24
12577,Customer_12577,Unknown,20,West,Consumer,2025-09-24
12578,Customer_12578,Female,42,West,Small Business,2024-07-22
12579,Customer_12579,Male,36,South,Small Business,2023-05-13
12580,Customer_12580,Female,50,East,Consumer,2022-11-27
12581,Customer_12581,Male,19,Central,Consumer,2024-02-07
12582,Customer_12582,Female,32,East,Small Business,2024-09-27
12583,Customer_12583,Female,39,Central,Consumer,2025-02-28
12584,Customer_12584,Male,27,South,Consumer,2023-06-14
12585,Customer_12585,Female,35,North,Enterprise,2022-08-31
12586,Customer_12586,Female,39,Central,Small Business,2022-12-16
12587,Customer_12587,Male,63,West,Small Business,2024-11-06
12588,Customer_12588,Female,66,Central,Consumer,2024-01-05
12589,Customer_12589,Male,44,West,Consumer,2024-05-31
12590,Customer_12590,Female,30,Central,Consumer,2022-12-29
12591,Customer_12591,Female,50,West,Consumer,2025-05-18
12592,Customer_12592,Female,22,West,Small Business,2024-10-11
12593,Customer_12593,Female,43,East,Consumer,2023-06-09
12594,Customer_12594,Female,30,South,Small Business,2024-04-10
12595,Customer_12595,Male,44,Central,Consumer,2024-02-21
12596,Customer_12596,Female,31,East,Consumer,2023-02-24
12597,Customer_12597,Male,41,East,Enterprise,2024-02-25
12598,Customer_12598,Female,20,East,Consumer,2022-05-13
12599,Customer_12599,Male,64,East,Consumer,2022-01-14
12600,Customer_12600,Male,68,East,Consumer,2024-12-03
12601,Customer_12601,Female,66,North,Consumer,2025-11-01
12602,Customer_12602,Male,47,Central,Consumer,2022-10-22
12603,Customer_12603,Female,52,East,Consumer,2025-11-20
12604,Customer_12604,Male,65,East,Small Business,2025-02-01
12605,Customer_12605,Male,31,North,Small Business,2023-03-21
12606,Customer_12606,Female,29,North,Consumer,2024-12-21
12607,Customer_12607,Male,45,South,Consumer,2023-02-16
12608,Customer_12608,Male,61,West,Consumer,2023-09-22
12609,Customer_12609,Female,46,North,Consumer,2022-11-17
12610,Customer_12610,Male,60,Central,Consumer,2025-02-28
12611,Customer_12611,Female,34,South,Small Business,2024-03-28
12612,Customer_12612,Male,57,South,Consumer,2025-05-07
12613,Customer_12613,Male,66,North,Small Business,2024-06-23
12614,Customer_12614,Female,38,North,Enterprise,2022-02-05
12615,Customer_12615,Male,40,West,Small Business,2024-03-01
12616,Customer_12616,Male,37,Central,Consumer,2025-05-24
12617,Customer_12617,Male,28,East,Consumer,2023-08-09
12618,Customer_12618,Male,51,North,Enterprise,2022-11-02
12619,Customer_12619,Female,27,South,Consumer,2024-10-04
12620,Customer_12620,Male,27,East,Small Business,2024-06-11
12621,Customer_12621,Female,60,Central,Consumer,2022-01-12
12622,Customer_12622,Female,23,South,Consumer,2022-03-24
12623,Customer_12623,Male,53,West,Small Business,2024-11-21
12624,Customer_12624,Female,41,East,Small Business,2025-12-02
12625,Customer_12625,Male,29,South,Small Business,2025-01-14
12626,Customer_12626,Other,60,East,Enterprise,2025-12-05
12627,Customer_12627,Male,40,North,Consumer,2024-08-14
12628,Customer_12628,Female,44,West,Consumer,2023-12-14
12629,Customer_12629,Female,62,South,Enterprise,2025-07-03
12630,Customer_12630,Male,54,West,Consumer,2022-08-29
12631,Customer_12631,Female,23,North,Small Business,2024-06-16
12632,Customer_12632,Female,18,Central,Consumer,2024-06-14
12633,Customer_12633,Male,23,North,Consumer,2024-06-25
12634,Customer_12634,Male,67,Central,Consumer,2024-01-26
12635,Customer_12635,Female,39,West,Consumer,2024-10-21
12636,Customer_12636,Female,58,Central,Small Business,2023-08-24
12637,Customer_12637,Other,41,East,Small Business,2022-10-09
12638,Customer_12638,Female,42,West,Consumer,2023-10-13
12639,Customer_12639,Other,32,South,Consumer,2023-08-22
12640,Customer_12640,Female,43,North,Consumer,2024-09-05
12641,Customer_12641,Male,25,East,Consumer,2025-02-16
12642,Customer_12642,Male,68,North,Consumer,2024-10-08
12643,Customer_12643,Female,41,Central,Consumer,2024-06-18
12644,Customer_12644,Female,65,North,Consumer,2025-01-08
12645,Customer_12645,Male,55,East,Consumer,2024-06-12
12646,Customer_12646,Male,23,East,Consumer,2024-08-14
12647,Customer_12647,Other,52,East,Consumer,2022-08-07
12648,Customer_12648,Female,59,West,Consumer,2023-12-28
12649,Customer_12649,Male,18,North,Consumer,2024-10-05
12650,Customer_12650,Male,63,East,Consumer,2023-06-02
12651,Customer_12651,Male,53,South,Enterprise,2024-03-22
12652,Customer_12652,Male,29,Central,Consumer,2023-05-17
12653,Customer_12653,Male,55,West,Small Business,2022-02-27
12654,Customer_12654,Male,28,Central,Consumer,2025-09-22
12655,Customer_12655,Female,29,North,Small Business,2024-03-24
12656,Customer_12656,Male,59,South,Consumer,2023-09-06
12657,Customer_12657,Female,67,North,Small Business,2023-03-02
12658,Customer_12658,Female,56,North,Consumer,2025-10-25
12659,Customer_12659,Male,24,South,Small Business,2025-12-05
12660,Customer_12660,Female,28,West,Consumer,2024-06-01
12661,Customer_12661,Female,53,South,Consumer,2023-03-08
12662,Customer_12662,Female,69,East,Small Business,2025-05-04
12663,Customer_12663,Male,48,Central,Consumer,2025-11-01
12664,Customer_12664,Female,50,West,Enterprise,2024-08-05
12665,Customer_12665,Female,30,South,Consumer,2025-10-20
12666,Customer_12666,Male,35,South,Consumer,2024-07-23
12667,Customer_12667,Male,58,East,Small Business,2023-02-09
12668,Customer_12668,Female,41,North,Consumer,2023-05-07
12669,Customer_12669,Female,26,East,Consumer,2022-03-07
12670,Customer_12670,Male,48,South,Small Business,2024-06-30
12671,Customer_12671,Female,58,Central,Small Business,2023-01-26
12672,Customer_12672,Male,27,West,Enterprise,2022-03-24
12673,Customer_12673,Female,19,East,Consumer,2024-09-29
12674,Customer_12674,Male,55,South,Consumer,2023-04-26
12675,Customer_12675,Female,32,South,Consumer,2024-02-16
12676,Customer_12676,Male,20,West,Consumer,2025-06-06
12677,Customer_12677,Male,60,East,Small Business,2024-02-24
12678,Customer_12678,Male,48,South,Consumer,2025-06-02
12679,Customer_12679,Male,23,North,Consumer,2025-02-10
12680,Customer_12680,Female,20,North,Consumer,2023-10-14
12681,Customer_12681,Male,28,West,Small Business,2025-04-23
12682,Customer_12682,Female,32,South,Enterprise,2025-04-11
12683,Customer_12683,Male,62,East,Small Business,2023-06-07
12684,Customer_12684,Male,69,East,Consumer,2022-07-24
12685,Customer_12685,Male,45,East,Small Business,2024-01-12
12686,Customer_12686,Male,27,Central,Consumer,2022-11-15
12687,Customer_12687,Male,55,Central,Consumer,2025-03-28
12688,Customer_12688,Male,64,East,Consumer,2022-10-05
12689,Customer_12689,Female,67,North,Consumer,2024-06-20
12690,Customer_12690,Male,67,East,Consumer,2022-05-28
12691,Customer_12691,Female,24,East,Small Business,2024-02-17
12692,Customer_12692,Female,32,East,Consumer,2025-01-11
12693,Customer_12693,Male,35,West,Consumer,2023-02-23
12694,Customer_12694,Male,35,North,Enterprise,2023-06-22
12695,Customer_12695,Other,69,East,Small Business,2023-01-27
12696,Customer_12696,Female,58,North,Small Business,2025-03-02
12697,Customer_12697,Female,41,West,Consumer,2024-07-28
12698,Customer_12698,Male,19,South,Consumer,2022-08-30
12699,Customer_12699,Female,57,West,Consumer,2024-09-25
12700,Customer_12700,Female,37,North,Consumer,2025-05-08
12701,Customer_12701,Female,51,East,Consumer,2025-02-14
12702,Customer_12702,Unknown,60,West,Consumer,2025-05-27
12703,Customer_12703,Male,43,South,Consumer,2025-08-21
12704,Customer_12704,Male,24,West,Consumer,2022-08-31
12705,Customer_12705,Female,55,East,Consumer,2025-08-08
12706,Customer_12706,Female,47,East,Consumer,2024-09-02
12707,Customer_12707,Male,59,South,Consumer,2025-08-17
12708,Customer_12708,Male,22,East,Consumer,2023-11-15
12709,Customer_12709,Male,28,East,Consumer,2025-11-12
12710,Customer_12710,Male,18,East,Consumer,2023-08-11
12711,Customer_12711,Female,51,West,Consumer,2025-05-17
12712,Customer_12712,Female,18,East,Consumer,2025-08-30
12713,Customer_12713,Male,36,South,Small Business,2023-09-09
12714,Customer_12714,Male,19,South,Enterprise,2022-01-26
12715,Customer_12715,Male,38,North,Consumer,2024-05-12
12716,Customer_12716,Male,37,South,Enterprise,2022-03-20
12717,Customer_12717,Female,40,West,Consumer,2024-10-08
12718,Customer_12718,Unknown,38,West,Consumer,2022-05-08
12719,Customer_12719,Female,41,South,Enterprise,2023-02-17
12720,Customer_12720,Male,21,Central,Consumer,2022-05-17
12721,Customer_12721,Female,29,East,Small Business,2025-09-19
12722,Customer_12722,Female,39,Central,Consumer,2023-07-02
12723,Customer_12723,Female,37,West,Consumer,2023-01-23
12724,Customer_12724,Male,35,West,Consumer,2023-07-25
12725,Customer_12725,Male,18,North,Consumer,2025-06-07
12726,Customer_12726,Male,47,South,Consumer,2024-10-12
12727,Customer_12727,Male,50,North,Consumer,2023-02-25
12728,Customer_12728,Male,41,West,Consumer,2025-02-21
12729,Customer_12729,Male,31,South,Enterprise,2025-01-16
12730,Customer_12730,Female,53,West,Small Business,2022-05-21
12731,Customer_12731,Female,22,South,Consumer,2022-02-20
12732,Customer_12732,Female,28,West,Consumer,2024-09-13
12733,Customer_12733,Male,41,North,Small Business,2024-07-17
12734,Customer_12734,Other,48,North,Consumer,2025-11-29
12735,Customer_12735,Other,30,South,Consumer,2025-09-22
12736,Customer_12736,Female,33,East,Consumer,2023-10-24
12737,Customer_12737,Unknown,41,South,Small Business,2023-01-01
12738,Customer_12738,Female,30,West,Consumer,2024-06-26
12739,Customer_12739,Other,41,North,Consumer,2024-09-24
12740,Customer_12740,Male,43,South,Consumer,2024-05-03
12741,Customer_12741,Male,19,West,Consumer,2022-09-15
12742,Customer_12742,Male,33,North,Consumer,2025-11-12
12743,Customer_12743,Male,55,Central,Consumer,2022-02-14
12744,Customer_12744,Male,63,Central,Consumer,2022-09-26
12745,Customer_12745,Female,18,North,Consumer,2025-08-27
12746,Customer_12746,Female,66,South,Consumer,2023-11-03
12747,Customer_12747,Female,28,South,Small Business,2024-10-15
12748,Customer_12748,Male,68,West,Small Business,2025-07-25
12749,Customer_12749,Female,52,East,Consumer,2024-05-06
12750,Customer_12750,Female,60,East,Consumer,2022-05-25
12751,Customer_12751,Male,46,West,Consumer,2022-08-23
12752,Customer_12752,Female,54,North,Consumer,2023-11-22
12753,Customer_12753,Male,34,West,Small Business,2023-12-21
12754,Customer_12754,Male,56,West,Consumer,2025-03-05
12755,Customer_12755,Female,59,East,Small Business,2022-12-19
12756,Customer_12756,Male,45,Central,Small Business,2025-11-18
12757,Customer_12757,Male,46,West,Enterprise,2024-09-20
12758,Customer_12758,Female,60,South,Consumer,2022-10-02
12759,Customer_12759,Female,20,East,Consumer,2025-11-08
12760,Customer_12760,Male,69,East,Consumer,2024-06-28
12761,Customer_12761,Male,27,North,Small Business,2025-09-08
12762,Customer_12762,Male,59,Central,Small Business,2025-04-21
12763,Customer_12763,Female,31,North,Consumer,2023-03-16
12764,Customer_12764,Male,29,West,Consumer,2024-12-22
12765,Customer_12765,Male,64,East,Consumer,2024-05-21
12766,Customer_12766,Other,59,North,Consumer,2023-10-13
12767,Customer_12767,Female,47,Central,Consumer,2024-07-31
12768,Customer_12768,Male,49,Central,Consumer,2022-02-03
12769,Customer_12769,Female,49,East,Consumer,2023-12-06
12770,Customer_12770,Female,59,South,Small Business,2024-05-16
12771,Customer_12771,Male,49,North,Consumer,2024-09-11
12772,Customer_12772,Male,43,South,Consumer,2024-04-11
12773,Customer_12773,Female,68,South,Consumer,2025-01-15
12774,Customer_12774,Male,18,East,Small Business,2025-05-18
12775,Customer_12775,Female,59,Central,Consumer,2023-04-07
12776,Customer_12776,Male,19,East,Enterprise,2022-03-22
12777,Customer_12777,Male,34,Central,Consumer,2022-11-18
12778,Customer_12778,Male,47,West,Enterprise,2023-02-19
12779,Customer_12779,Male,56,East,Small Business,2024-09-18
12780,Customer_12780,Male,24,Central,Consumer,2022-07-09
12781,Customer_12781,Male,69,East,Enterprise,2025-06-10
12782,Customer_12782,Female,44,Central,Consumer,2023-01-27
12783,Customer_12783,Unknown,26,South,Consumer,2025-04-07
12784,Customer_12784,Female,39,North,Consumer,2022-06-17
12785,Customer_12785,Female,51,Central,Consumer,2025-06-08
12786,Customer_12786,Male,63,East,Small Business,2025-03-19
12787,Customer_12787,Other,66,Central,Small Business,2023-10-26
12788,Customer_12788,Male,18,Central,Consumer,2025-11-10
12789,Customer_12789,Other,26,North,Consumer,2023-01-16
12790,Customer_12790,Unknown,37,East,Consumer,2025-07-22
12791,Customer_12791,Female,36,South,Small Business,2024-06-16
12792,Customer_12792,Unknown,53,East,Consumer,2024-05-13
12793,Customer_12793,Female,57,West,Enterprise,2022-03-03
12794,Customer_12794,Male,62,South,Consumer,2023-06-12
12795,Customer_12795,Male,21,East,Consumer,2024-05-11
12796,Customer_12796,Female,26,West,Small Business,2022-05-30
12797,Customer_12797,Male,58,North,Consumer,2025-03-11
12798,Customer_12798,Female,39,West,Consumer,2022-04-26
12799,Customer_12799,Unknown,35,East,Consumer,2024-04-03
12800,Customer_12800,Male,29,Central,Consumer,2022-03-06
12801,Customer_12801,Female,59,South,Enterprise,2025-12-23
12802,Customer_12802,Female,60,North,Consumer,2022-11-06
12803,Customer_12803,Other,56,East,Consumer,2023-12-07
12804,Customer_12804,Other,26,North,Consumer,2024-05-03
12805,Customer_12805,Female,23,Central,Consumer,2025-12-24
12806,Customer_12806,Unknown,36,North,Small Business,2024-10-20
12807,Customer_12807,Female,65,West,Enterprise,2025-03-30
12808,Customer_12808,Male,64,East,Small Business,2022-11-02
12809,Customer_12809,Female,24,South,Consumer,2025-10-16
12810,Customer_12810,Female,33,North,Consumer,2025-07-25
12811,Customer_12811,Male,22,East,Consumer,2025-08-12
12812,Customer_12812,Female,33,East,Small Business,2024-05-22
12813,Customer_12813,Female,18,South,Consumer,2022-06-18
12814,Customer_12814,Male,68,Central,Consumer,2024-10-27
12815,Customer_12815,Female,54,South,Enterprise,2025-03-01
12816,Customer_12816,Female,56,East,Consumer,2023-08-11
12817,Customer_12817,Female,36,East,Consumer,2024-02-01
12818,Customer_12818,Male,54,North,Consumer,2022-12-13
12819,Customer_12819,Male,34,Central,Consumer,2024-08-12
12820,Customer_12820,Male,43,South,Consumer,2024-01-05
12821,Customer_12821,Female,39,North,Consumer,2025-06-30
12822,Customer_12822,Male,25,South,Consumer,2023-02-14
12823,Customer_12823,Female,50,East,Consumer,2023-06-27
12824,Customer_12824,Male,19,East,Small Business,2022-12-21
12825,Customer_12825,Male,47,West,Consumer,2023-12-14
12826,Customer_12826,Female,64,North,Small Business,2025-10-23
12827,Customer_12827,Female,37,South,Consumer,2023-08-07
12828,Customer_12828,Male,35,West,Consumer,2023-05-26
12829,Customer_12829,Male,60,North,Enterprise,2023-06-17
12830,Customer_12830,Male,27,Central,Consumer,2023-06-12
12831,Customer_12831,Female,41,North,Consumer,2024-08-04
12832,Customer_12832,Female,21,West,Small Business,2025-11-26
12833,Customer_12833,Male,54,South,Consumer,2025-04-13
12834,Customer_12834,Male,21,East,Consumer,2024-04-03
12835,Customer_12835,Male,30,North,Consumer,2022-03-19
12836,Customer_12836,Female,42,North,Small Business,2023-03-16
12837,Customer_12837,Unknown,30,South,Small Business,2023-07-03
12838,Customer_12838,Male,35,North,Consumer,2025-06-09
12839,Customer_12839,Female,41,South,Consumer,2023-02-04
12840,Customer_12840,Male,19,East,Consumer,2025-05-21
12841,Customer_12841,Male,65,East,Consumer,2025-05-01
12842,Customer_12842,Female,50,West,Consumer,2023-12-02
12843,Customer_12843,Female,36,West,Consumer,2025-07-14
12844,Customer_12844,Other,26,East,Consumer,2022-05-06
12845,Customer_12845,Female,45,East,Consumer,2024-04-13
12846,Customer_12846,Male,52,East,Enterprise,2025-11-06
12847,Customer_12847,Female,56,East,Consumer,2023-06-28
12848,Customer_12848,Male,27,West,Consumer,2023-05-17
12849,Customer_12849,Female,18,South,Consumer,2025-11-27
12850,Customer_12850,Male,59,North,Enterprise,2024-04-03
12851,Customer_12851,Female,38,West,Small Business,2025-07-08
12852,Customer_12852,Male,26,South,Small Business,2023-01-22
12853,Customer_12853,Male,64,Central,Consumer,2023-02-16
12854,Customer_12854,Female,32,Central,Small Business,2025-10-01
12855,Customer_12855,Male,52,North,Consumer,2025-01-22
12856,Customer_12856,Female,22,North,Consumer,2022-11-24
12857,Customer_12857,Male,58,East,Consumer,2022-04-10
12858,Customer_12858,Male,39,East,Small Business,2023-04-06
12859,Customer_12859,Male,58,South,Small Business,2025-08-31
12860,Customer_12860,Male,40,West,Small Business,2022-01-25
12861,Customer_12861,Female,24,East,Enterprise,2023-05-09
12862,Customer_12862,Male,40,South,Consumer,2022-12-19
12863,Customer_12863,Other,61,North,Consumer,2024-05-18
12864,Customer_12864,Female,42,West,Consumer,2025-02-14
12865,Customer_12865,Male,44,South,Small Business,2022-07-18
12866,Customer_12866,Female,58,West,Consumer,2025-07-26
12867,Customer_12867,Female,23,East,Small Business,2024-04-26
12868,Customer_12868,Female,51,East,Consumer,2025-01-07
12869,Customer_12869,Male,26,Central,Consumer,2025-12-18
12870,Customer_12870,Male,66,Central,Consumer,2025-10-09
12871,Customer_12871,Female,50,South,Consumer,2023-06-10
12872,Customer_12872,Other,68,South,Small Business,2023-06-25
12873,Customer_12873,Female,23,West,Consumer,2023-04-22
12874,Customer_12874,Male,54,East,Consumer,2022-01-10
12875,Customer_12875,Female,48,North,Consumer,2025-07-07
12876,Customer_12876,Female,51,Central,Consumer,2023-06-08
12877,Customer_12877,Female,58,North,Consumer,2024-03-20
12878,Customer_12878,Male,46,North,Consumer,2024-02-11
12879,Customer_12879,Female,31,North,Small Business,2024-05-09
12880,Customer_12880,Male,53,East,Consumer,2024-10-26
12881,Customer_12881,Male,53,West,Consumer,2024-11-24
12882,Customer_12882,Female,32,South,Consumer,2022-06-24
12883,Customer_12883,Male,25,South,Consumer,2023-03-18
12884,Customer_12884,Male,43,South,Consumer,2025-03-16
12885,Customer_12885,Male,53,West,Consumer,2025-05-01
12886,Customer_12886,Other,65,North,Consumer,2024-11-02
12887,Customer_12887,Female,38,Central,Small Business,2022-09-03
12888,Customer_12888,Male,45,South,Consumer,2023-11-06
12889,Customer_12889,Female,21,Central,Small Business,2022-04-24
12890,Customer_12890,Female,33,North,Enterprise,2024-10-08
12891,Customer_12891,Male,39,West,Consumer,2024-03-04
12892,Customer_12892,Female,29,South,Consumer,2022-08-21
12893,Customer_12893,Female,33,North,Consumer,2024-09-06
12894,Customer_12894,Female,68,Central,Consumer,2025-09-07
12895,Customer_12895,Male,57,Central,Small Business,2022-05-06
12896,Customer_12896,Female,55,East,Small Business,2025-08-29
12897,Customer_12897,Female,59,West,Consumer,2023-05-26
12898,Customer_12898,Male,54,East,Consumer,2022-10-08
12899,Customer_12899,Male,46,Central,Consumer,2024-03-08
12900,Customer_12900,Male,35,South,Consumer,2024-09-04
12901,Customer_12901,Male,27,East,Small Business,2024-06-21
12902,Customer_12902,Female,59,East,Consumer,2025-07-30
12903,Customer_12903,Male,56,South,Consumer,2023-10-13
12904,Customer_12904,Male,35,Central,Small Business,2023-01-27
12905,Customer_12905,Female,18,North,Consumer,2023-01-17
12906,Customer_12906,Male,56,North,Consumer,2022-08-04
12907,Customer_12907,Unknown,38,East,Consumer,2023-06-26
12908,Customer_12908,Male,18,West,Consumer,2023-08-29
12909,Customer_12909,Male,32,North,Small Business,2022-04-26
12910,Customer_12910,Male,21,South,Small Business,2023-05-24
12911,Customer_12911,Male,37,Central,Consumer,2022-09-28
12912,Customer_12912,Male,27,South,Enterprise,2025-08-07
12913,Customer_12913,Female,40,West,Consumer,2024-11-28
12914,Customer_12914,Other,58,West,Small Business,2024-11-13
12915,Customer_12915,Male,51,East,Small Business,2024-02-15
12916,Customer_12916,Female,63,Central,Consumer,2024-12-02
12917,Customer_12917,Female,65,West,Small Business,2025-04-08
12918,Customer_12918,Female,50,East,Consumer,2022-12-06
12919,Customer_12919,Male,51,East,Consumer,2022-06-18
12920,Customer_12920,Male,56,West,Small Business,2023-10-24
12921,Customer_12921,Male,27,East,Small Business,2022-05-23
12922,Customer_12922,Female,37,Central,Small Business,2025-01-29
12923,Customer_12923,Female,18,South,Consumer,2023-07-29
12924,Customer_12924,Male,30,South,Consumer,2023-04-20
12925,Customer_12925,Male,18,South,Consumer,2022-11-07
12926,Customer_12926,Female,22,North,Enterprise,2024-12-19
12927,Customer_12927,Female,33,North,Consumer,2024-11-18
12928,Customer_12928,Unknown,32,Central,Small Business,2023-06-15
12929,Customer_12929,Female,66,West,Consumer,2024-09-17
12930,Customer_12930,Male,45,West,Consumer,2022-03-14
12931,Customer_12931,Female,48,East,Consumer,2025-11-18
12932,Customer_12932,Female,40,West,Enterprise,2024-05-18
12933,Customer_12933,Male,65,East,Consumer,2023-01-29
12934,Customer_12934,Female,62,Central,Enterprise,2023-04-26
12935,Customer_12935,Female,60,South,Consumer,2023-04-18
12936,Customer_12936,Male,34,Central,Consumer,2022-11-09
12937,Customer_12937,Female,66,West,Small Business,2024-08-09
12938,Customer_12938,Female,51,South,Small Business,2022-11-20
12939,Customer_12939,Other,30,East,Enterprise,2024-10-09
12940,Customer_12940,Male,31,East,Consumer,2024-08-22
12941,Customer_12941,Male,28,North,Consumer,2022-03-28
12942,Customer_12942,Female,45,East,Consumer,2022-12-25
12943,Customer_12943,Male,59,South,Consumer,2023-11-26
12944,Customer_12944,Female,49,North,Enterprise,2022-07-16
12945,Customer_12945,Female,52,Central,Consumer,2024-01-26
12946,Customer_12946,Male,48,East,Consumer,2024-09-03
12947,Customer_12947,Female,34,Central,Consumer,2025-11-09
12948,Customer_12948,Female,64,West,Consumer,2025-02-15
12949,Customer_12949,Male,26,South,Consumer,2023-05-13
12950,Customer_12950,Female,27,East,Consumer,2024-06-26
12951,Customer_12951,Female,25,West,Consumer,2024-07-19
12952,Customer_12952,Female,38,Central,Consumer,2023-04-07
12953,Customer_12953,Female,30,South,Enterprise,2024-08-27
12954,Customer_12954,Male,67,Central,Consumer,2025-06-24
12955,Customer_12955,Female,22,Central,Consumer,2022-08-22
12956,Customer_12956,Female,23,West,Enterprise,2023-02-21
12957,Customer_12957,Female,47,Central,Small Business,2025-10-20
12958,Customer_12958,Female,48,South,Enterprise,2022-06-02
12959,Customer_12959,Male,34,Central,Enterprise,2022-09-29
12960,Customer_12960,Female,28,West,Consumer,2023-01-27
12961,Customer_12961,Male,37,North,Small Business,2023-07-01
12962,Customer_12962,Male,65,Central,Consumer,2023-12-26
12963,Customer_12963,Male,26,East,Consumer,2025-12-24
12964,Customer_12964,Unknown,19,East,Small Business,2022-07-08
12965,Customer_12965,Female,54,East,Consumer,2024-03-22
12966,Customer_12966,Female,18,North,Small Business,2025-06-29
12967,Customer_12967,Female,21,East,Small Business,2023-01-30
12968,Customer_12968,Female,53,West,Consumer,2023-10-24
12969,Customer_12969,Other,42,North,Small Business,2024-05-02
12970,Customer_12970,Female,20,South,Consumer,2025-05-27
12971,Customer_12971,Male,26,North,Consumer,2023-08-17
12972,Customer_12972,Male,39,East,Small Business,2022-07-09
12973,Customer_12973,Female,40,West,Consumer,2022-08-22
12974,Customer_12974,Female,29,West,Small Business,2022-08-20
12975,Customer_12975,Male,27,Central,Consumer,2022-12-24
12976,Customer_12976,Male,51,East,Consumer,2023-04-23
12977,Customer_12977,Female,60,South,Small Business,2025-12-23
12978,Customer_12978,Male,27,Central,Consumer,2022-08-25
12979,Customer_12979,Female,47,West,Consumer,2024-11-22
12980,Customer_12980,Unknown,39,East,Consumer,2022-08-01
12981,Customer_12981,Male,23,West,Small Business,2023-01-14
12982,Customer_12982,Male,67,Central,Consumer,2024-10-22
12983,Customer_12983,Female,19,West,Small Business,2024-06-27
12984,Customer_12984,Female,47,South,Consumer,2023-03-26
12985,Customer_12985,Female,19,West,Consumer,2023-07-23
12986,Customer_12986,Other,49,North,Enterprise,2025-12-21
12987,Customer_12987,Male,59,South,Consumer,2024-03-23
12988,Customer_12988,Female,33,East,Consumer,2022-10-06
12989,Customer_12989,Female,29,North,Small Business,2022-08-02
12990,Customer_12990,Female,18,North,Small Business,2025-08-01
12991,Customer_12991,Male,25,North,Consumer,2023-12-19
12992,Customer_12992,Female,65,West,Consumer,2024-08-27
12993,Customer_12993,Female,67,West,Small Business,2025-07-21
12994,Customer_12994,Male,30,Central,Small Business,2024-10-31
12995,Customer_12995,Male,32,South,Small Business,2024-05-20
12996,Customer_12996,Female,61,East,Consumer,2024-12-06
12997,Customer_12997,Male,25,Central,Enterprise,2023-03-14
12998,Customer_12998,Male,27,North,Consumer,2023-11-02
12999,Customer_12999,Male,63,West,Consumer,2024-06-22
13000,Customer_13000,Female,22,West,Consumer,2025-12-21
13001,Customer_13001,Female,67,North,Consumer,2025-12-26
13002,Customer_13002,Female,36,Central,Consumer,2025-02-27
13003,Customer_13003,Male,64,West,Consumer,2024-11-11
13004,Customer_13004,Female,55,North,Consumer,2024-06-10
13005,Customer_13005,Female,28,North,Small Business,2023-01-24
13006,Customer_13006,Female,60,North,Consumer,2022-05-15
13007,Customer_13007,Female,37,South,Consumer,2023-06-16
13008,Customer_13008,Male,37,East,Consumer,2022-08-08
13009,Customer_13009,Female,38,East,Consumer,2022-11-29
13010,Customer_13010,Male,35,South,Consumer,2025-02-27
13011,Customer_13011,Female,67,Central,Consumer,2024-11-21
13012,Customer_13012,Male,27,South,Enterprise,2025-12-19
13013,Customer_13013,Male,51,North,Small Business,2025-08-14
13014,Customer_13014,Male,43,South,Small Business,2022-12-23
13015,Customer_13015,Female,47,East,Consumer,2023-02-05
13016,Customer_13016,Male,26,East,Consumer,2024-06-14
13017,Customer_13017,Female,63,South,Consumer,2024-09-16
13018,Customer_13018,Male,68,North,Small Business,2023-12-10
13019,Customer_13019,Male,48,West,Consumer,2024-11-23
13020,Customer_13020,Female,59,Central,Consumer,2022-09-05
13021,Customer_13021,Male,21,South,Consumer,2024-08-03
13022,Customer_13022,Male,23,South,Consumer,2022-02-11
13023,Customer_13023,Female,31,East,Enterprise,2024-03-11
13024,Customer_13024,Male,21,West,Small Business,2022-05-03
13025,Customer_13025,Male,43,South,Small Business,2022-01-27
13026,Customer_13026,Male,64,Central,Consumer,2023-07-25
13027,Customer_13027,Other,65,East,Small Business,2025-03-16
13028,Customer_13028,Female,56,East,Consumer,2023-05-11
13029,Customer_13029,Female,34,East,Enterprise,2023-05-01
13030,Customer_13030,Female,36,Central,Consumer,2024-06-17
13031,Customer_13031,Male,68,West,Consumer,2023-12-12
13032,Customer_13032,Male,66,North,Small Business,2025-02-25
13033,Customer_13033,Female,23,South,Consumer,2023-01-11
13034,Customer_13034,Male,46,East,Small Business,2023-10-27
13035,Customer_13035,Male,28,South,Enterprise,2024-02-22
13036,Customer_13036,Male,33,West,Consumer,2024-04-30
13037,Customer_13037,Male,47,West,Consumer,2025-01-11
13038,Customer_13038,Unknown,42,West,Consumer,2023-11-05
13039,Customer_13039,Male,57,Central,Small Business,2025-01-31
13040,Customer_13040,Female,28,South,Consumer,2022-12-28
13041,Customer_13041,Male,24,Central,Consumer,2023-11-15
13042,Customer_13042,Unknown,43,West,Consumer,2025-07-03
13043,Customer_13043,Male,39,South,Consumer,2022-09-04
13044,Customer_13044,Male,42,West,Small Business,2025-04-30
13045,Customer_13045,Female,36,North,Consumer,2023-06-19
13046,Customer_13046,Female,48,West,Consumer,2022-11-10
13047,Customer_13047,Male,43,East,Small Business,2025-07-23
13048,Customer_13048,Male,59,South,Consumer,2025-10-28
13049,Customer_13049,Male,58,West,Consumer,2023-03-20
13050,Customer_13050,Male,53,East,Consumer,2024-05-18
13051,Customer_13051,Male,40,South,Consumer,2025-05-03
13052,Customer_13052,Female,64,North,Consumer,2025-07-05
13053,Customer_13053,Male,30,East,Enterprise,2023-08-05
13054,Customer_13054,Male,42,East,Small Business,2024-05-20
13055,Customer_13055,Female,19,Central,Small Business,2025-10-15
13056,Customer_13056,Other,19,Central,Enterprise,2023-07-02
13057,Customer_13057,Female,33,East,Consumer,2025-02-05
13058,Customer_13058,Male,26,West,Consumer,2024-11-13
13059,Customer_13059,Male,45,East,Consumer,2023-04-10
13060,Customer_13060,Other,30,West,Small Business,2024-11-11
13061,Customer_13061,Male,52,South,Small Business,2023-05-17
13062,Customer_13062,Male,58,South,Consumer,2024-04-30
13063,Customer_13063,Female,30,East,Consumer,2023-12-17
13064,Customer_13064,Female,48,North,Consumer,2024-06-10
13065,Customer_13065,Female,38,West,Consumer,2023-05-16
13066,Customer_13066,Male,49,West,Small Business,2024-01-05
13067,Customer_13067,Male,51,South,Consumer,2023-08-16
13068,Customer_13068,Other,25,East,Enterprise,2023-02-11
13069,Customer_13069,Male,58,Central,Consumer,2025-09-15
13070,Customer_13070,Female,65,West,Small Business,2023-12-04
13071,Customer_13071,Female,19,South,Enterprise,2022-10-13
13072,Customer_13072,Female,55,South,Enterprise,2022-05-27
13073,Customer_13073,Male,49,West,Consumer,2024-03-04
13074,Customer_13074,Male,57,East,Consumer,2023-01-19
13075,Customer_13075,Female,45,North,Consumer,2022-01-11
13076,Customer_13076,Female,54,South,Consumer,2022-10-03
13077,Customer_13077,Other,58,Central,Consumer,2024-06-04
13078,Customer_13078,Male,18,West,Enterprise,2024-08-21
13079,Customer_13079,Male,58,Central,Consumer,2022-10-30
13080,Customer_13080,Other,27,West,Consumer,2022-07-23
13081,Customer_13081,Female,21,Central,Consumer,2022-12-11
13082,Customer_13082,Female,52,South,Small Business,2024-04-05
13083,Customer_13083,Male,27,West,Enterprise,2025-07-13
13084,Customer_13084,Female,64,North,Consumer,2022-01-22
13085,Customer_13085,Female,28,West,Consumer,2024-04-18
13086,Customer_13086,Female,31,East,Small Business,2023-06-20
13087,Customer_13087,Male,55,South,Small Business,2025-01-24
13088,Customer_13088,Male,29,Central,Consumer,2024-09-07
13089,Customer_13089,Female,62,Central,Small Business,2022-09-20
13090,Customer_13090,Male,34,North,Enterprise,2023-08-07
13091,Customer_13091,Male,33,East,Consumer,2024-10-09
13092,Customer_13092,Other,52,South,Consumer,2023-01-18
13093,Customer_13093,Male,19,East,Consumer,2024-07-05
13094,Customer_13094,Female,28,West,Consumer,2023-01-27
13095,Customer_13095,Male,58,South,Consumer,2024-06-07
13096,Customer_13096,Female,20,Central,Consumer,2023-06-24
13097,Customer_13097,Unknown,46,North,Consumer,2025-01-20
13098,Customer_13098,Male,35,West,Consumer,2023-07-20
13099,Customer_13099,Male,37,West,Consumer,2025-03-28
13100,Customer_13100,Male,64,South,Consumer,2024-06-02
13101,Customer_13101,Male,31,South,Consumer,2022-08-16
13102,Customer_13102,Female,51,West,Consumer,2023-04-18
13103,Customer_13103,Female,66,West,Consumer,2023-01-07
13104,Customer_13104,Male,48,South,Consumer,2025-10-31
13105,Customer_13105,Male,57,East,Small Business,2022-02-06
13106,Customer_13106,Male,59,North,Consumer,2023-11-22
13107,Customer_13107,Female,35,South,Enterprise,2024-04-23
13108,Customer_13108,Male,47,East,Consumer,2024-11-26
13109,Customer_13109,Female,42,North,Consumer,2022-04-11
13110,Customer_13110,Female,36,West,Consumer,2025-04-28
13111,Customer_13111,Female,25,West,Small Business,2023-10-20
13112,Customer_13112,Male,45,Central,Small Business,2022-03-31
13113,Customer_13113,Female,25,West,Enterprise,2024-10-26
13114,Customer_13114,Male,48,Central,Enterprise,2024-06-23
13115,Customer_13115,Male,20,East,Consumer,2025-03-08
13116,Customer_13116,Female,20,East,Consumer,2022-04-05
13117,Customer_13117,Female,61,Central,Consumer,2023-09-24
13118,Customer_13118,Male,39,East,Consumer,2025-11-10
13119,Customer_13119,Male,34,North,Consumer,2022-05-03
13120,Customer_13120,Male,53,West,Small Business,2025-08-01
13121,Customer_13121,Male,34,Central,Enterprise,2023-01-01
13122,Customer_13122,Male,31,West,Consumer,2023-11-22
13123,Customer_13123,Male,68,East,Consumer,2022-11-21
13124,Customer_13124,Male,26,West,Consumer,2023-02-11
13125,Customer_13125,Female,47,Central,Small Business,2024-09-22
13126,Customer_13126,Female,38,North,Consumer,2023-06-03
13127,Customer_13127,Female,29,West,Enterprise,2024-06-14
13128,Customer_13128,Male,54,South,Small Business,2022-03-18
13129,Customer_13129,Other,49,East,Consumer,2022-08-22
13130,Customer_13130,Female,28,East,Consumer,2024-04-09
13131,Customer_13131,Female,37,North,Consumer,2023-08-09
13132,Customer_13132,Female,52,South,Enterprise,2023-04-29
13133,Customer_13133,Female,64,East,Consumer,2022-09-28
13134,Customer_13134,Female,63,North,Enterprise,2024-07-27
13135,Customer_13135,Male,28,South,Consumer,2023-04-14
13136,Customer_13136,Female,69,West,Small Business,2023-09-24
13137,Customer_13137,Female,25,South,Consumer,2023-07-01
13138,Customer_13138,Female,21,East,Consumer,2023-12-20
13139,Customer_13139,Female,44,Central,Small Business,2024-10-04
13140,Customer_13140,Male,61,South,Small Business,2022-09-27
13141,Customer_13141,Male,57,South,Small Business,2023-08-28
13142,Customer_13142,Female,55,East,Consumer,2024-08-22
13143,Customer_13143,Female,64,West,Enterprise,2023-01-13
13144,Customer_13144,Female,47,Central,Enterprise,2022-06-26
13145,Customer_13145,Male,61,Central,Consumer,2022-10-01
13146,Customer_13146,Male,65,West,Enterprise,2023-09-29
13147,Customer_13147,Female,65,South,Consumer,2022-01-27
13148,Customer_13148,Female,44,North,Small Business,2023-07-30
13149,Customer_13149,Female,38,South,Consumer,2022-03-01
13150,Customer_13150,Male,69,North,Enterprise,2024-01-01
13151,Customer_13151,Female,37,West,Consumer,2025-05-25
13152,Customer_13152,Male,21,West,Consumer,2023-10-23
13153,Customer_13153,Female,28,North,Consumer,2022-09-27
13154,Customer_13154,Male,30,West,Consumer,2025-02-13
13155,Customer_13155,Male,26,South,Consumer,2022-09-02
13156,Customer_13156,Female,21,East,Consumer,2023-10-22
13157,Customer_13157,Female,29,West,Small Business,2022-03-26
13158,Customer_13158,Male,26,East,Enterprise,2024-06-25
13159,Customer_13159,Female,30,East,Small Business,2023-06-20
13160,Customer_13160,Male,65,North,Small Business,2022-03-30
13161,Customer_13161,Male,43,East,Consumer,2023-07-03
13162,Customer_13162,Male,55,West,Consumer,2024-05-03
13163,Customer_13163,Male,59,Central,Consumer,2024-06-13
13164,Customer_13164,Female,30,East,Consumer,2023-05-22
13165,Customer_13165,Male,56,East,Enterprise,2023-02-12
13166,Customer_13166,Female,45,West,Consumer,2025-07-18
13167,Customer_13167,Female,36,Central,Enterprise,2023-06-08
13168,Customer_13168,Male,41,South,Consumer,2023-08-30
13169,Customer_13169,Female,36,East,Small Business,2024-09-29
13170,Customer_13170,Male,66,West,Consumer,2023-03-24
13171,Customer_13171,Female,30,East,Consumer,2023-06-27
13172,Customer_13172,Male,30,North,Small Business,2024-08-06
13173,Customer_13173,Male,45,East,Consumer,2022-12-16
13174,Customer_13174,Male,19,North,Small Business,2024-05-01
13175,Customer_13175,Male,27,East,Consumer,2022-11-24
13176,Customer_13176,Male,39,East,Consumer,2025-08-02
13177,Customer_13177,Female,30,Central,Enterprise,2024-11-24
13178,Customer_13178,Female,26,East,Consumer,2023-09-15
13179,Customer_13179,Female,50,South,Small Business,2023-05-03
13180,Customer_13180,Female,31,South,Consumer,2023-05-02
13181,Customer_13181,Male,65,Central,Consumer,2022-05-25
13182,Customer_13182,Male,37,North,Consumer,2024-01-26
13183,Customer_13183,Male,32,East,Consumer,2022-05-26
13184,Customer_13184,Male,49,North,Consumer,2024-10-17
13185,Customer_13185,Female,50,West,Consumer,2024-04-07
13186,Customer_13186,Female,34,East,Consumer,2023-09-19
13187,Customer_13187,Male,41,South,Small Business,2025-07-19
13188,Customer_13188,Male,47,South,Small Business,2023-06-18
13189,Customer_13189,Female,30,Central,Consumer,2023-09-22
13190,Customer_13190,Female,64,East,Consumer,2024-05-30
13191,Customer_13191,Male,65,West,Consumer,2025-01-23
13192,Customer_13192,Female,33,Central,Consumer,2023-02-19
13193,Customer_13193,Other,19,Central,Consumer,2022-09-14
13194,Customer_13194,Male,34,South,Consumer,2025-07-09
13195,Customer_13195,Male,49,Central,Enterprise,2022-03-28
13196,Customer_13196,Female,60,North,Small Business,2024-06-23
13197,Customer_13197,Other,25,South,Consumer,2025-12-30
13198,Customer_13198,Female,69,Central,Consumer,2023-07-24
13199,Customer_13199,Male,20,South,Small Business,2024-01-12
13200,Customer_13200,Male,29,South,Consumer,2022-04-18
13201,Customer_13201,Female,37,South,Small Business,2024-11-08
13202,Customer_13202,Female,33,East,Enterprise,2025-10-20
13203,Customer_13203,Male,31,East,Consumer,2025-11-03
13204,Customer_13204,Female,33,West,Consumer,2022-06-09
13205,Customer_13205,Female,66,Central,Small Business,2022-04-10
13206,Customer_13206,Female,60,West,Enterprise,2022-09-22
13207,Customer_13207,Female,66,South,Consumer,2024-01-20
13208,Customer_13208,Female,68,Central,Small Business,2024-12-08
13209,Customer_13209,Male,50,South,Consumer,2023-11-08
13210,Customer_13210,Female,47,North,Consumer,2024-03-09
13211,Customer_13211,Male,29,North,Small Business,2025-12-09
13212,Customer_13212,Female,32,East,Enterprise,2024-12-18
13213,Customer_13213,Male,35,North,Consumer,2022-07-02
13214,Customer_13214,Female,45,North,Small Business,2023-10-21
13215,Customer_13215,Male,40,South,Consumer,2025-08-17
13216,Customer_13216,Male,31,South,Consumer,2023-08-31
13217,Customer_13217,Male,47,East,Consumer,2025-10-09
13218,Customer_13218,Male,50,West,Consumer,2025-05-21
13219,Customer_13219,Female,62,West,Consumer,2025-04-27
13220,Customer_13220,Female,32,South,Consumer,2023-10-05
13221,Customer_13221,Female,24,South,Small Business,2022-12-13
13222,Customer_13222,Male,32,Central,Small Business,2024-03-22
13223,Customer_13223,Male,69,North,Consumer,2024-03-11
13224,Customer_13224,Male,59,Central,Consumer,2025-03-06
13225,Customer_13225,Male,63,North,Consumer,2024-11-19
13226,Customer_13226,Female,55,Central,Enterprise,2022-05-26
13227,Customer_13227,Male,63,South,Consumer,2023-05-18
13228,Customer_13228,Male,61,East,Consumer,2024-03-09
13229,Customer_13229,Male,28,West,Consumer,2024-08-25
13230,Customer_13230,Male,46,East,Consumer,2025-04-29
13231,Customer_13231,Female,48,South,Consumer,2023-04-16
13232,Customer_13232,Female,42,East,Small Business,2023-11-21
13233,Customer_13233,Male,69,West,Small Business,2025-09-30
13234,Customer_13234,Male,41,North,Consumer,2022-01-01
13235,Customer_13235,Male,36,North,Consumer,2022-04-20
13236,Customer_13236,Male,19,East,Consumer,2024-06-12
13237,Customer_13237,Male,39,North,Enterprise,2024-12-23
13238,Customer_13238,Other,37,West,Consumer,2024-01-26
13239,Customer_13239,Female,50,South,Small Business,2022-02-22
13240,Customer_13240,Female,25,East,Consumer,2022-09-19
13241,Customer_13241,Male,42,North,Consumer,2025-08-18
13242,Customer_13242,Male,63,East,Consumer,2024-06-04
13243,Customer_13243,Female,26,North,Consumer,2022-08-22
13244,Customer_13244,Female,51,North,Consumer,2022-03-14
13245,Customer_13245,Female,40,North,Consumer,2025-10-12
13246,Customer_13246,Male,22,Central,Consumer,2024-08-08
13247,Customer_13247,Female,42,North,Consumer,2023-04-29
13248,Customer_13248,Male,25,West,Consumer,2024-10-26
13249,Customer_13249,Female,33,North,Consumer,2024-05-26
13250,Customer_13250,Female,65,North,Consumer,2024-05-08
13251,Customer_13251,Female,62,East,Enterprise,2022-05-17
13252,Customer_13252,Male,69,East,Consumer,2024-02-18
13253,Customer_13253,Female,32,Central,Consumer,2025-11-28
13254,Customer_13254,Male,18,Central,Consumer,2023-09-20
13255,Customer_13255,Male,39,West,Consumer,2023-07-09
13256,Customer_13256,Male,20,East,Consumer,2024-01-13
13257,Customer_13257,Female,55,East,Small Business,2023-07-24
13258,Customer_13258,Male,31,South,Consumer,2025-05-14
13259,Customer_13259,Male,53,Central,Consumer,2023-02-14
13260,Customer_13260,Female,35,East,Small Business,2024-11-25
13261,Customer_13261,Male,64,East,Enterprise,2022-08-18
13262,Customer_13262,Female,58,South,Enterprise,2025-06-04
13263,Customer_13263,Male,35,North,Small Business,2022-09-19
13264,Customer_13264,Male,20,Central,Enterprise,2025-02-28
13265,Customer_13265,Female,27,South,Consumer,2024-06-10
13266,Customer_13266,Male,66,East,Consumer,2023-03-24
13267,Customer_13267,Female,56,North,Consumer,2022-07-05
13268,Customer_13268,Female,64,West,Small Business,2025-04-24
13269,Customer_13269,Female,18,North,Enterprise,2025-07-21
13270,Customer_13270,Female,44,West,Consumer,2022-12-18
13271,Customer_13271,Male,44,North,Consumer,2025-12-07
13272,Customer_13272,Male,28,Central,Small Business,2025-03-20
13273,Customer_13273,Female,66,West,Enterprise,2023-01-19
13274,Customer_13274,Female,22,North,Consumer,2024-11-25
13275,Customer_13275,Female,24,East,Enterprise,2022-11-22
13276,Customer_13276,Female,36,South,Consumer,2023-04-10
13277,Customer_13277,Female,46,North,Consumer,2023-04-11
13278,Customer_13278,Female,32,Central,Consumer,2025-01-23
13279,Customer_13279,Male,52,East,Consumer,2025-03-03
13280,Customer_13280,Female,64,South,Consumer,2022-06-11
13281,Customer_13281,Male,54,North,Small Business,2023-07-10
13282,Customer_13282,Male,29,South,Small Business,2022-10-27
13283,Customer_13283,Female,47,Central,Small Business,2022-12-22
13284,Customer_13284,Female,37,South,Consumer,2025-06-17
13285,Customer_13285,Male,54,Central,Consumer,2023-07-18
13286,Customer_13286,Male,20,Central,Consumer,2024-03-03
13287,Customer_13287,Male,26,North,Consumer,2024-10-19
13288,Customer_13288,Female,58,North,Consumer,2023-08-09
13289,Customer_13289,Female,56,Central,Consumer,2024-01-20
13290,Customer_13290,Male,43,South,Consumer,2025-04-05
13291,Customer_13291,Male,19,North,Small Business,2022-05-20
13292,Customer_13292,Female,40,South,Consumer,2025-03-08
13293,Customer_13293,Male,40,East,Enterprise,2022-08-23
13294,Customer_13294,Female,38,West,Consumer,2024-10-23
13295,Customer_13295,Other,33,North,Enterprise,2022-09-13
13296,Customer_13296,Male,26,North,Consumer,2023-01-06
13297,Customer_13297,Female,30,Central,Consumer,2022-10-05
13298,Customer_13298,Male,45,West,Consumer,2023-05-31
13299,Customer_13299,Male,44,East,Small Business,2024-06-22
13300,Customer_13300,Female,68,West,Consumer,2025-05-20
13301,Customer_13301,Male,69,East,Consumer,2025-05-24
13302,Customer_13302,Unknown,34,West,Small Business,2022-09-27
13303,Customer_13303,Female,55,South,Consumer,2023-04-21
13304,Customer_13304,Male,53,South,Consumer,2024-07-16
13305,Customer_13305,Male,18,West,Consumer,2022-03-05
13306,Customer_13306,Male,35,East,Small Business,2023-04-05
13307,Customer_13307,Male,68,Central,Consumer,2024-11-05
13308,Customer_13308,Male,26,South,Consumer,2023-07-18
13309,Customer_13309,Male,30,Central,Consumer,2024-11-08
13310,Customer_13310,Male,57,Central,Consumer,2025-09-10
13311,Customer_13311,Female,62,South,Small Business,2024-06-26
13312,Customer_13312,Female,32,West,Consumer,2022-04-03
13313,Customer_13313,Female,60,East,Consumer,2024-02-12
13314,Customer_13314,Male,61,Central,Consumer,2024-03-20
13315,Customer_13315,Male,63,East,Consumer,2024-11-06
13316,Customer_13316,Female,21,West,Consumer,2024-04-19
13317,Customer_13317,Female,50,East,Consumer,2023-05-03
13318,Customer_13318,Male,41,South,Consumer,2025-01-22
13319,Customer_13319,Female,53,North,Enterprise,2024-10-30
13320,Customer_13320,Female,68,East,Consumer,2024-01-19
13321,Customer_13321,Female,58,West,Consumer,2023-06-12
13322,Customer_13322,Male,27,East,Consumer,2025-03-13
13323,Customer_13323,Female,53,West,Consumer,2023-07-08
13324,Customer_13324,Female,37,South,Small Business,2023-05-30
13325,Customer_13325,Female,58,East,Consumer,2023-01-12
13326,Customer_13326,Female,62,North,Consumer,2023-04-29
13327,Customer_13327,Female,61,West,Small Business,2023-03-28
13328,Customer_13328,Female,28,Central,Consumer,2024-02-26
13329,Customer_13329,Male,29,East,Consumer,2025-01-03
13330,Customer_13330,Female,35,North,Consumer,2024-11-29
13331,Customer_13331,Female,47,North,Consumer,2022-10-29
13332,Customer_13332,Female,61,West,Consumer,2024-12-21
13333,Customer_13333,Male,65,East,Consumer,2024-09-25
13334,Customer_13334,Male,54,West,Consumer,2025-06-22
13335,Customer_13335,Female,37,South,Consumer,2022-01-18
13336,Customer_13336,Female,42,West,Consumer,2023-02-02
13337,Customer_13337,Female,29,West,Enterprise,2024-10-03
13338,Customer_13338,Female,38,South,Consumer,2023-08-17
13339,Customer_13339,Female,42,East,Enterprise,2022-07-08
13340,Customer_13340,Female,28,North,Consumer,2022-04-14
13341,Customer_13341,Female,26,East,Small Business,2025-09-29
13342,Customer_13342,Female,67,Central,Consumer,2025-10-26
13343,Customer_13343,Female,42,East,Consumer,2022-02-02
13344,Customer_13344,Male,52,West,Small Business,2024-01-19
13345,Customer_13345,Female,69,East,Small Business,2023-01-09
13346,Customer_13346,Female,49,North,Consumer,2025-04-16
13347,Customer_13347,Male,66,East,Consumer,2024-11-01
13348,Customer_13348,Male,31,East,Consumer,2024-01-11
13349,Customer_13349,Male,18,South,Enterprise,2024-06-08
13350,Customer_13350,Male,34,North,Consumer,2023-04-01
13351,Customer_13351,Male,42,East,Small Business,2022-09-06
13352,Customer_13352,Male,25,North,Small Business,2023-03-24
13353,Customer_13353,Female,22,North,Small Business,2024-10-14
13354,Customer_13354,Female,22,East,Consumer,2024-09-06
13355,Customer_13355,Male,58,South,Consumer,2024-10-24
13356,Customer_13356,Male,52,Central,Enterprise,2025-06-13
13357,Customer_13357,Female,36,South,Consumer,2022-06-22
13358,Customer_13358,Male,40,West,Small Business,2025-09-07
13359,Customer_13359,Female,26,East,Consumer,2023-01-06
13360,Customer_13360,Female,47,West,Small Business,2024-03-01
13361,Customer_13361,Female,67,South,Consumer,2024-01-19
13362,Customer_13362,Male,33,Central,Consumer,2024-02-26
13363,Customer_13363,Female,50,East,Small Business,2025-08-12
13364,Customer_13364,Male,19,West,Consumer,2024-04-19
13365,Customer_13365,Female,31,South,Small Business,2023-02-04
13366,Customer_13366,Female,63,North,Consumer,2024-12-17
13367,Customer_13367,Male,18,West,Consumer,2023-07-02
13368,Customer_13368,Male,43,North,Consumer,2023-02-12
13369,Customer_13369,Male,42,East,Consumer,2023-10-03
13370,Customer_13370,Female,33,North,Consumer,2022-03-05
13371,Customer_13371,Male,32,East,Small Business,2023-07-28
13372,Customer_13372,Female,43,Central,Small Business,2023-02-24
13373,Customer_13373,Male,64,East,Consumer,2022-05-26
13374,Customer_13374,Female,61,West,Consumer,2025-07-19
13375,Customer_13375,Female,33,East,Small Business,2022-01-17
13376,Customer_13376,Female,31,East,Small Business,2022-04-08
13377,Customer_13377,Female,46,Central,Small Business,2023-03-28
13378,Customer_13378,Male,41,Central,Small Business,2024-09-01
13379,Customer_13379,Male,64,West,Consumer,2024-06-16
13380,Customer_13380,Female,32,South,Consumer,2024-10-12
13381,Customer_13381,Male,36,East,Consumer,2025-06-20
13382,Customer_13382,Male,25,South,Consumer,2023-04-24
13383,Customer_13383,Male,51,East,Small Business,2022-07-20
13384,Customer_13384,Male,19,East,Consumer,2022-06-28
13385,Customer_13385,Male,44,West,Enterprise,2023-05-23
13386,Customer_13386,Female,27,Central,Small Business,2023-03-29
13387,Customer_13387,Male,52,East,Small Business,2022-09-27
13388,Customer_13388,Female,40,North,Enterprise,2025-06-11
13389,Customer_13389,Male,66,Central,Consumer,2023-05-01
13390,Customer_13390,Female,25,North,Small Business,2023-08-01
13391,Customer_13391,Male,45,East,Consumer,2022-12-04
13392,Customer_13392,Female,40,North,Consumer,2024-05-10
13393,Customer_13393,Female,21,South,Small Business,2024-01-27
13394,Customer_13394,Male,31,Central,Consumer,2024-01-27
13395,Customer_13395,Female,59,North,Enterprise,2023-08-07
13396,Customer_13396,Unknown,46,East,Small Business,2025-10-12
13397,Customer_13397,Female,18,South,Small Business,2024-12-08
13398,Customer_13398,Female,21,Central,Consumer,2022-12-12
13399,Customer_13399,Male,49,Central,Small Business,2023-12-03
13400,Customer_13400,Female,50,South,Consumer,2022-10-20
13401,Customer_13401,Male,66,North,Small Business,2025-03-19
13402,Customer_13402,Male,43,East,Consumer,2024-03-06
13403,Customer_13403,Unknown,34,South,Small Business,2024-10-18
13404,Customer_13404,Male,56,West,Consumer,2025-07-07
13405,Customer_13405,Female,40,North,Consumer,2025-09-07
13406,Customer_13406,Female,49,North,Consumer,2022-03-18
13407,Customer_13407,Female,69,West,Consumer,2025-02-07
13408,Customer_13408,Unknown,32,South,Small Business,2024-03-27
13409,Customer_13409,Male,30,Central,Consumer,2024-06-14
13410,Customer_13410,Male,19,North,Consumer,2023-10-13
13411,Customer_13411,Male,36,South,Consumer,2023-07-01
13412,Customer_13412,Male,41,Central,Consumer,2025-12-17
13413,Customer_13413,Male,62,East,Consumer,2023-01-29
13414,Customer_13414,Male,41,West,Small Business,2025-06-12
13415,Customer_13415,Female,28,North,Consumer,2025-09-15
13416,Customer_13416,Female,39,East,Consumer,2022-11-21
13417,Customer_13417,Male,32,West,Consumer,2022-05-31
13418,Customer_13418,Female,27,South,Consumer,2024-05-28
13419,Customer_13419,Male,58,West,Consumer,2024-11-21
13420,Customer_13420,Male,44,East,Consumer,2022-09-29
13421,Customer_13421,Female,26,South,Small Business,2024-04-15
13422,Customer_13422,Female,69,East,Consumer,2023-01-03
13423,Customer_13423,Female,45,East,Consumer,2025-09-01
13424,Customer_13424,Male,18,North,Consumer,2023-08-13
13425,Customer_13425,Female,34,East,Consumer,2023-08-11
13426,Customer_13426,Female,48,South,Enterprise,2023-07-26
13427,Customer_13427,Female,61,East,Consumer,2025-10-23
13428,Customer_13428,Female,27,West,Enterprise,2022-03-21
13429,Customer_13429,Female,54,East,Consumer,2025-04-10
13430,Customer_13430,Female,46,Central,Consumer,2022-09-15
13431,Customer_13431,Female,35,South,Consumer,2022-10-06
13432,Customer_13432,Unknown,64,East,Consumer,2023-05-19
13433,Customer_13433,Female,55,West,Consumer,2023-07-12
13434,Customer_13434,Male,56,East,Consumer,2023-05-06
13435,Customer_13435,Female,66,East,Consumer,2023-07-20
13436,Customer_13436,Male,23,North,Consumer,2025-09-22
13437,Customer_13437,Male,57,South,Consumer,2023-06-05
13438,Customer_13438,Female,29,South,Consumer,2022-11-22
13439,Customer_13439,Female,31,Central,Small Business,2025-04-10
13440,Customer_13440,Female,61,South,Consumer,2022-03-25
13441,Customer_13441,Male,27,Central,Small Business,2024-04-20
13442,Customer_13442,Female,37,West,Consumer,2025-12-12
13443,Customer_13443,Male,32,South,Consumer,2025-09-24
13444,Customer_13444,Unknown,48,East,Consumer,2022-11-16
13445,Customer_13445,Unknown,24,West,Consumer,2022-10-31
13446,Customer_13446,Female,58,Central,Consumer,2025-07-19
13447,Customer_13447,Female,27,North,Consumer,2023-11-21
13448,Customer_13448,Female,27,South,Consumer,2025-02-11
13449,Customer_13449,Female,65,South,Consumer,2023-02-11
13450,Customer_13450,Male,56,North,Small Business,2024-11-15
13451,Customer_13451,Male,45,East,Consumer,2025-06-14
13452,Customer_13452,Female,47,Central,Consumer,2025-08-26
13453,Customer_13453,Female,54,South,Consumer,2023-11-15
13454,Customer_13454,Male,20,West,Small Business,2022-08-21
13455,Customer_13455,Other,67,East,Consumer,2024-10-18
13456,Customer_13456,Male,60,South,Consumer,2023-07-03
13457,Customer_13457,Female,32,North,Enterprise,2025-07-12
13458,Customer_13458,Female,38,West,Small Business,2024-11-02
13459,Customer_13459,Female,69,Central,Consumer,2023-05-11
13460,Customer_13460,Female,54,West,Consumer,2025-09-01
13461,Customer_13461,Male,29,North,Small Business,2023-09-10
13462,Customer_13462,Male,21,South,Small Business,2024-04-27
13463,Customer_13463,Female,64,North,Consumer,2024-10-02
13464,Customer_13464,Female,26,East,Consumer,2023-01-19
13465,Customer_13465,Male,56,West,Consumer,2024-10-13
13466,Customer_13466,Female,59,North,Consumer,2023-10-04
13467,Customer_13467,Male,45,West,Small Business,2022-11-12
13468,Customer_13468,Female,40,East,Consumer,2022-09-13
13469,Customer_13469,Female,62,West,Enterprise,2023-03-17
13470,Customer_13470,Male,57,Central,Small Business,2025-02-12
13471,Customer_13471,Male,61,North,Consumer,2022-10-26
13472,Customer_13472,Female,39,Central,Consumer,2024-07-03
13473,Customer_13473,Female,41,North,Consumer,2025-02-21
13474,Customer_13474,Female,68,South,Consumer,2022-09-13
13475,Customer_13475,Female,43,Central,Small Business,2023-10-13
13476,Customer_13476,Female,47,Central,Consumer,2022-02-16
13477,Customer_13477,Other,50,East,Consumer,2024-06-21
13478,Customer_13478,Female,33,East,Consumer,2023-04-08
13479,Customer_13479,Female,39,West,Small Business,2025-10-05
13480,Customer_13480,Male,66,West,Consumer,2025-02-20
13481,Customer_13481,Male,67,North,Consumer,2022-01-31
13482,Customer_13482,Female,60,West,Small Business,2022-02-24
13483,Customer_13483,Male,35,East,Consumer,2022-06-02
13484,Customer_13484,Female,24,East,Small Business,2023-04-01
13485,Customer_13485,Female,67,East,Consumer,2022-10-13
13486,Customer_13486,Female,43,East,Enterprise,2022-02-05
13487,Customer_13487,Male,25,Central,Consumer,2024-03-28
13488,Customer_13488,Male,23,East,Consumer,2022-09-13
13489,Customer_13489,Male,47,Central,Consumer,2022-06-27
13490,Customer_13490,Male,56,North,Consumer,2025-07-01
13491,Customer_13491,Male,40,West,Consumer,2023-05-23
13492,Customer_13492,Female,49,West,Consumer,2022-01-21
13493,Customer_13493,Female,39,West,Enterprise,2022-03-16
13494,Customer_13494,Female,59,East,Enterprise,2023-12-20
13495,Customer_13495,Female,60,East,Consumer,2023-04-05
13496,Customer_13496,Male,62,Central,Consumer,2025-04-16
13497,Customer_13497,Female,26,West,Consumer,2025-11-06
13498,Customer_13498,Female,48,North,Small Business,2024-11-26
13499,Customer_13499,Male,24,West,Consumer,2025-02-17
13500,Customer_13500,Female,26,East,Consumer,2023-09-22
13501,Customer_13501,Male,30,South,Small Business,2022-01-01
13502,Customer_13502,Female,20,Central,Small Business,2024-07-24
13503,Customer_13503,Unknown,52,East,Consumer,2022-11-07
13504,Customer_13504,Male,50,West,Enterprise,2025-05-16
13505,Customer_13505,Female,38,South,Enterprise,2025-03-23
13506,Customer_13506,Female,48,North,Consumer,2024-02-01
13507,Customer_13507,Unknown,69,East,Consumer,2023-11-14
13508,Customer_13508,Male,51,North,Enterprise,2022-11-11
13509,Customer_13509,Female,49,West,Consumer,2022-11-03
13510,Customer_13510,Male,52,South,Consumer,2023-09-11
13511,Customer_13511,Male,32,East,Consumer,2025-01-25
13512,Customer_13512,Male,49,North,Small Business,2022-01-07
13513,Customer_13513,Unknown,23,South,Small Business,2024-11-01
13514,Customer_13514,Female,62,West,Consumer,2023-05-29
13515,Customer_13515,Female,38,North,Enterprise,2022-12-15
13516,Customer_13516,Female,50,East,Small Business,2024-07-05
13517,Customer_13517,Male,49,Central,Small Business,2024-10-27
13518,Customer_13518,Male,69,West,Consumer,2023-05-15
13519,Customer_13519,Male,36,West,Consumer,2023-04-20
13520,Customer_13520,Male,50,North,Small Business,2023-06-08
13521,Customer_13521,Male,45,South,Consumer,2024-12-16
13522,Customer_13522,Male,48,Central,Small Business,2023-08-13
13523,Customer_13523,Male,38,West,Small Business,2022-08-21
13524,Customer_13524,Male,51,East,Consumer,2024-03-01
13525,Customer_13525,Male,32,West,Small Business,2024-11-19
13526,Customer_13526,Male,31,East,Consumer,2023-01-02
13527,Customer_13527,Unknown,36,North,Consumer,2022-02-25
13528,Customer_13528,Female,60,West,Consumer,2022-01-10
13529,Customer_13529,Other,32,West,Consumer,2022-05-27
13530,Customer_13530,Male,23,East,Consumer,2022-12-30
13531,Customer_13531,Male,69,Central,Small Business,2022-09-10
13532,Customer_13532,Female,26,South,Small Business,2024-07-28
13533,Customer_13533,Male,54,South,Consumer,2025-06-30
13534,Customer_13534,Male,37,Central,Small Business,2024-01-06
13535,Customer_13535,Male,51,West,Consumer,2022-12-06
13536,Customer_13536,Male,55,East,Consumer,2025-10-08
13537,Customer_13537,Male,43,North,Consumer,2023-09-16
13538,Customer_13538,Male,35,South,Consumer,2023-12-06
13539,Customer_13539,Female,45,West,Small Business,2022-11-19
13540,Customer_13540,Male,68,South,Consumer,2025-03-09
13541,Customer_13541,Male,26,West,Small Business,2024-05-10
13542,Customer_13542,Female,49,Central,Small Business,2022-04-05
13543,Customer_13543,Male,23,West,Enterprise,2023-07-07
13544,Customer_13544,Male,31,South,Consumer,2025-12-14
13545,Customer_13545,Female,45,West,Consumer,2024-02-29
13546,Customer_13546,Male,41,South,Consumer,2025-03-19
13547,Customer_13547,Male,30,North,Enterprise,2023-07-07
13548,Customer_13548,Female,60,North,Consumer,2025-10-06
13549,Customer_13549,Male,29,South,Consumer,2022-04-26
13550,Customer_13550,Female,68,Central,Consumer,2023-09-24
13551,Customer_13551,Female,36,South,Consumer,2025-06-14
13552,Customer_13552,Male,38,South,Consumer,2022-09-27
13553,Customer_13553,Female,44,Central,Consumer,2024-05-10
13554,Customer_13554,Female,36,North,Consumer,2022-10-18
13555,Customer_13555,Male,41,West,Consumer,2025-12-28
13556,Customer_13556,Female,43,South,Consumer,2022-01-09
13557,Customer_13557,Male,62,North,Consumer,2023-09-22
13558,Customer_13558,Female,45,Central,Consumer,2024-05-13
13559,Customer_13559,Male,63,North,Enterprise,2023-04-20
13560,Customer_13560,Male,35,East,Consumer,2023-06-21
13561,Customer_13561,Male,61,South,Small Business,2023-11-16
13562,Customer_13562,Female,53,North,Consumer,2024-10-31
13563,Customer_13563,Male,59,North,Enterprise,2023-09-05
13564,Customer_13564,Male,46,North,Consumer,2024-02-16
13565,Customer_13565,Male,34,North,Consumer,2025-09-12
13566,Customer_13566,Female,21,West,Consumer,2023-08-18
13567,Customer_13567,Female,61,East,Small Business,2022-10-03
13568,Customer_13568,Female,62,South,Consumer,2023-01-05
13569,Customer_13569,Female,46,East,Consumer,2022-12-11
13570,Customer_13570,Female,21,Central,Consumer,2023-01-03
13571,Customer_13571,Male,27,Central,Consumer,2025-08-27
13572,Customer_13572,Female,42,West,Consumer,2024-01-01
13573,Customer_13573,Female,48,Central,Consumer,2022-01-15
13574,Customer_13574,Unknown,20,South,Consumer,2024-01-28
13575,Customer_13575,Female,64,South,Consumer,2023-11-19
13576,Customer_13576,Male,19,East,Small Business,2022-01-04
13577,Customer_13577,Male,42,East,Consumer,2025-10-31
13578,Customer_13578,Female,66,East,Consumer,2025-10-24
13579,Customer_13579,Female,23,East,Small Business,2023-06-17
13580,Customer_13580,Female,43,Central,Consumer,2024-09-12
13581,Customer_13581,Female,25,West,Consumer,2025-03-06
13582,Customer_13582,Female,52,East,Small Business,2024-04-13
13583,Customer_13583,Male,44,West,Consumer,2022-12-29
13584,Customer_13584,Female,42,South,Consumer,2025-05-24
13585,Customer_13585,Male,35,North,Enterprise,2025-10-23
13586,Customer_13586,Male,18,South,Enterprise,2022-04-27
13587,Customer_13587,Male,65,East,Consumer,2025-04-17
13588,Customer_13588,Female,56,North,Consumer,2025-06-23
13589,Customer_13589,Male,20,West,Consumer,2022-05-08
13590,Customer_13590,Male,21,South,Consumer,2025-10-13
13591,Customer_13591,Other,58,East,Consumer,2022-03-19
13592,Customer_13592,Male,54,North,Consumer,2024-01-11
13593,Customer_13593,Female,68,North,Enterprise,2025-08-09
13594,Customer_13594,Female,32,Central,Small Business,2024-02-13
13595,Customer_13595,Female,25,East,Consumer,2022-03-23
13596,Customer_13596,Female,55,Central,Consumer,2022-12-08
13597,Customer_13597,Male,67,Central,Consumer,2025-09-23
13598,Customer_13598,Female,36,South,Consumer,2024-03-29
13599,Customer_13599,Male,64,South,Consumer,2023-08-01
13600,Customer_13600,Female,43,Central,Small Business,2022-04-06
13601,Customer_13601,Male,56,Central,Consumer,2025-03-14
13602,Customer_13602,Female,27,East,Small Business,2023-07-31
13603,Customer_13603,Male,55,West,Consumer,2023-06-05
13604,Customer_13604,Male,31,West,Consumer,2025-11-21
13605,Customer_13605,Male,66,South,Consumer,2024-09-22
13606,Customer_13606,Male,58,East,Consumer,2022-12-23
13607,Customer_13607,Female,36,West,Enterprise,2022-07-05
13608,Customer_13608,Male,47,West,Small Business,2023-06-27
13609,Customer_13609,Female,22,North,Consumer,2022-05-31
13610,Customer_13610,Other,48,South,Consumer,2025-09-04
13611,Customer_13611,Female,24,North,Consumer,2024-12-18
13612,Customer_13612,Male,36,South,Enterprise,2022-01-10
13613,Customer_13613,Male,48,Central,Small Business,2024-05-06
13614,Customer_13614,Female,69,North,Consumer,2025-02-21
13615,Customer_13615,Male,56,South,Consumer,2022-12-22
13616,Customer_13616,Male,41,South,Consumer,2025-10-01
13617,Customer_13617,Female,51,East,Consumer,2024-03-04
13618,Customer_13618,Female,40,East,Consumer,2022-08-25
13619,Customer_13619,Female,65,South,Consumer,2022-11-29
13620,Customer_13620,Male,62,North,Enterprise,2022-01-17
13621,Customer_13621,Female,57,South,Consumer,2025-12-18
13622,Customer_13622,Male,23,East,Consumer,2022-11-20
13623,Customer_13623,Male,55,South,Small Business,2022-01-23
13624,Customer_13624,Female,58,Central,Consumer,2024-07-19
13625,Customer_13625,Male,53,East,Consumer,2023-04-04
13626,Customer_13626,Male,44,North,Consumer,2023-06-05
13627,Customer_13627,Male,28,West,Consumer,2023-12-20
13628,Customer_13628,Female,22,South,Consumer,2023-07-11
13629,Customer_13629,Female,34,West,Consumer,2025-12-15
13630,Customer_13630,Female,69,South,Small Business,2023-02-07
13631,Customer_13631,Female,24,East,Consumer,2025-09-16
13632,Customer_13632,Male,44,West,Small Business,2023-04-02
13633,Customer_13633,Male,64,Central,Consumer,2024-11-16
13634,Customer_13634,Male,32,South,Small Business,2023-02-01
13635,Customer_13635,Male,63,South,Small Business,2025-04-26
13636,Customer_13636,Female,30,East,Small Business,2022-05-20
13637,Customer_13637,Female,28,Central,Consumer,2023-06-05
13638,Customer_13638,Male,62,Central,Small Business,2024-01-16
13639,Customer_13639,Male,43,North,Consumer,2022-04-02
13640,Customer_13640,Male,39,North,Small Business,2022-03-18
13641,Customer_13641,Male,45,East,Consumer,2024-05-01
13642,Customer_13642,Female,41,North,Consumer,2025-06-21
13643,Customer_13643,Male,46,South,Consumer,2024-04-24
13644,Customer_13644,Male,26,North,Small Business,2023-10-29
13645,Customer_13645,Female,59,East,Consumer,2024-08-16
13646,Customer_13646,Male,21,Central,Enterprise,2024-09-15
13647,Customer_13647,Female,66,Central,Enterprise,2024-03-07
13648,Customer_13648,Male,63,South,Consumer,2022-03-29
13649,Customer_13649,Female,35,East,Consumer,2024-07-03
13650,Customer_13650,Unknown,60,Central,Small Business,2025-08-10
13651,Customer_13651,Female,33,North,Consumer,2022-04-05
13652,Customer_13652,Male,50,West,Consumer,2025-06-30
13653,Customer_13653,Female,46,East,Enterprise,2023-07-05
13654,Customer_13654,Male,56,South,Enterprise,2023-02-03
13655,Customer_13655,Male,27,East,Enterprise,2024-02-06
13656,Customer_13656,Male,26,North,Consumer,2024-12-13
13657,Customer_13657,Male,48,West,Consumer,2022-08-31
13658,Customer_13658,Female,45,South,Consumer,2025-02-07
13659,Customer_13659,Female,20,South,Consumer,2023-09-16
13660,Customer_13660,Female,31,North,Consumer,2023-12-02
13661,Customer_13661,Female,42,Central,Consumer,2025-05-29
13662,Customer_13662,Female,32,East,Consumer,2023-07-18
13663,Customer_13663,Male,19,East,Small Business,2022-06-11
13664,Customer_13664,Male,41,East,Small Business,2022-02-04
13665,Customer_13665,Female,31,East,Small Business,2024-08-23
13666,Customer_13666,Male,65,North,Consumer,2022-02-06
13667,Customer_13667,Female,24,West,Consumer,2024-04-25
13668,Customer_13668,Male,53,North,Small Business,2024-04-08
13669,Customer_13669,Male,67,North,Consumer,2023-09-15
13670,Customer_13670,Male,41,West,Consumer,2025-10-25
13671,Customer_13671,Male,44,South,Consumer,2025-04-15
13672,Customer_13672,Male,54,South,Consumer,2023-06-05
13673,Customer_13673,Female,55,East,Consumer,2025-07-22
13674,Customer_13674,Male,47,East,Small Business,2022-04-15
13675,Customer_13675,Female,44,West,Enterprise,2022-06-05
13676,Customer_13676,Male,56,East,Consumer,2022-12-02
13677,Customer_13677,Male,32,East,Consumer,2024-11-15
13678,Customer_13678,Male,43,West,Small Business,2022-10-23
13679,Customer_13679,Female,18,South,Consumer,2025-10-10
13680,Customer_13680,Male,21,South,Consumer,2024-06-04
13681,Customer_13681,Female,46,East,Enterprise,2022-03-10
13682,Customer_13682,Male,18,South,Small Business,2025-09-12
13683,Customer_13683,Female,60,Central,Enterprise,2022-05-31
13684,Customer_13684,Male,67,West,Consumer,2024-05-06
13685,Customer_13685,Female,63,North,Consumer,2023-07-31
13686,Customer_13686,Female,39,North,Small Business,2023-10-24
13687,Customer_13687,Female,28,North,Consumer,2025-09-05
13688,Customer_13688,Male,27,South,Small Business,2024-01-27
13689,Customer_13689,Male,34,North,Consumer,2023-03-28
13690,Customer_13690,Male,53,East,Small Business,2023-07-24
13691,Customer_13691,Female,64,Central,Consumer,2025-02-09
13692,Customer_13692,Female,43,West,Consumer,2023-09-27
13693,Customer_13693,Female,65,South,Consumer,2022-12-28
13694,Customer_13694,Male,38,South,Small Business,2022-07-22
13695,Customer_13695,Male,30,East,Consumer,2023-05-02
13696,Customer_13696,Male,26,West,Consumer,2022-01-04
13697,Customer_13697,Other,28,West,Small Business,2025-02-26
13698,Customer_13698,Female,28,Central,Consumer,2024-11-15
13699,Customer_13699,Female,23,East,Consumer,2024-03-11
13700,Customer_13700,Male,18,West,Consumer,2024-09-03
13701,Customer_13701,Female,23,North,Enterprise,2022-01-27
13702,Customer_13702,Female,30,East,Consumer,2024-12-01
13703,Customer_13703,Male,39,South,Consumer,2024-08-22
13704,Customer_13704,Female,48,East,Small Business,2022-03-05
13705,Customer_13705,Other,39,East,Consumer,2024-11-14
13706,Customer_13706,Female,54,South,Consumer,2022-03-13
13707,Customer_13707,Female,64,North,Consumer,2024-06-18
13708,Customer_13708,Male,44,North,Small Business,2022-09-25
13709,Customer_13709,Male,67,North,Consumer,2022-04-05
13710,Customer_13710,Other,69,North,Small Business,2023-01-30
13711,Customer_13711,Male,31,North,Small Business,2024-05-18
13712,Customer_13712,Female,64,South,Consumer,2022-12-30
13713,Customer_13713,Female,22,South,Small Business,2025-08-31
13714,Customer_13714,Female,53,Central,Consumer,2022-04-27
13715,Customer_13715,Unknown,49,South,Consumer,2022-06-13
13716,Customer_13716,Male,51,North,Consumer,2024-05-26
13717,Customer_13717,Male,24,East,Enterprise,2024-02-29
13718,Customer_13718,Male,59,Central,Consumer,2023-07-31
13719,Customer_13719,Male,65,West,Consumer,2022-11-02
13720,Customer_13720,Male,27,South,Consumer,2024-02-11
13721,Customer_13721,Male,67,East,Consumer,2022-07-19
13722,Customer_13722,Female,34,West,Consumer,2022-06-29
13723,Customer_13723,Female,47,West,Consumer,2022-12-24
13724,Customer_13724,Male,38,West,Consumer,2024-01-10
13725,Customer_13725,Male,30,Central,Consumer,2025-06-29
13726,Customer_13726,Female,18,Central,Consumer,2025-08-15
13727,Customer_13727,Male,18,East,Consumer,2023-03-06
13728,Customer_13728,Male,64,East,Small Business,2024-10-24
13729,Customer_13729,Male,50,East,Enterprise,2023-10-15
13730,Customer_13730,Female,55,West,Consumer,2023-11-09
13731,Customer_13731,Male,42,North,Consumer,2022-09-11
13732,Customer_13732,Other,43,Central,Enterprise,2024-07-29
13733,Customer_13733,Male,30,North,Small Business,2025-01-24
13734,Customer_13734,Female,45,East,Consumer,2022-06-16
13735,Customer_13735,Male,50,Central,Consumer,2025-09-16
13736,Customer_13736,Female,54,South,Consumer,2024-08-22
13737,Customer_13737,Female,58,East,Consumer,2024-05-03
13738,Customer_13738,Female,47,North,Consumer,2024-12-21
13739,Customer_13739,Female,66,South,Enterprise,2022-06-23
13740,Customer_13740,Female,65,North,Consumer,2025-06-30
13741,Customer_13741,Female,25,South,Small Business,2023-09-16
13742,Customer_13742,Female,66,South,Small Business,2025-05-23
13743,Customer_13743,Female,64,Central,Small Business,2025-06-16
13744,Customer_13744,Male,18,Central,Small Business,2023-02-19
13745,Customer_13745,Male,29,North,Enterprise,2024-01-09
13746,Customer_13746,Male,22,West,Consumer,2023-11-06
13747,Customer_13747,Female,41,North,Enterprise,2022-05-06
13748,Customer_13748,Male,23,North,Small Business,2024-07-29
13749,Customer_13749,Male,42,North,Consumer,2022-09-10
13750,Customer_13750,Female,18,Central,Small Business,2022-07-16
13751,Customer_13751,Female,42,Central,Small Business,2023-02-17
13752,Customer_13752,Female,18,North,Enterprise,2024-02-15
13753,Customer_13753,Male,49,North,Consumer,2024-12-13
13754,Customer_13754,Female,59,South,Consumer,2025-09-24
13755,Customer_13755,Male,59,East,Consumer,2025-10-14
13756,Customer_13756,Male,20,East,Consumer,2025-03-20
13757,Customer_13757,Male,66,South,Consumer,2025-01-28
13758,Customer_13758,Male,36,West,Consumer,2022-08-22
13759,Customer_13759,Male,60,South,Small Business,2024-12-21
13760,Customer_13760,Female,46,Central,Consumer,2022-07-15
13761,Customer_13761,Male,67,West,Consumer,2023-06-26
13762,Customer_13762,Female,19,East,Consumer,2025-02-03
13763,Customer_13763,Female,26,West,Consumer,2022-10-22
13764,Customer_13764,Male,34,West,Consumer,2023-10-07
13765,Customer_13765,Female,63,South,Consumer,2022-06-05
13766,Customer_13766,Male,53,South,Consumer,2023-02-10
13767,Customer_13767,Female,34,Central,Consumer,2024-06-14
13768,Customer_13768,Male,66,North,Consumer,2023-12-27
13769,Customer_13769,Male,29,North,Consumer,2024-01-08
13770,Customer_13770,Male,37,East,Consumer,2024-03-07
13771,Customer_13771,Female,67,West,Consumer,2023-07-08
13772,Customer_13772,Female,20,West,Consumer,2023-01-10
13773,Customer_13773,Male,60,Central,Small Business,2023-03-31
13774,Customer_13774,Female,67,East,Small Business,2022-07-21
13775,Customer_13775,Female,21,North,Consumer,2025-04-25
13776,Customer_13776,Female,34,East,Consumer,2024-05-03
13777,Customer_13777,Female,67,West,Small Business,2023-12-25
13778,Customer_13778,Female,54,North,Consumer,2025-10-23
13779,Customer_13779,Female,63,North,Small Business,2022-12-06
13780,Customer_13780,Female,59,North,Enterprise,2022-09-19
13781,Customer_13781,Male,32,East,Small Business,2023-06-27
13782,Customer_13782,Male,50,Central,Small Business,2023-07-05
13783,Customer_13783,Male,33,West,Small Business,2025-08-22
13784,Customer_13784,Female,28,Central,Consumer,2023-09-30
13785,Customer_13785,Female,37,North,Small Business,2022-06-14
13786,Customer_13786,Male,55,Central,Small Business,2024-01-28
13787,Customer_13787,Female,41,West,Small Business,2023-09-13
13788,Customer_13788,Male,33,South,Consumer,2025-01-16
13789,Customer_13789,Male,47,Central,Consumer,2025-05-08
13790,Customer_13790,Unknown,51,South,Small Business,2025-07-18
13791,Customer_13791,Male,18,Central,Consumer,2022-02-20
13792,Customer_13792,Male,41,Central,Small Business,2023-05-04
13793,Customer_13793,Female,41,West,Enterprise,2022-07-17
13794,Customer_13794,Female,26,East,Small Business,2024-11-12
13795,Customer_13795,Male,39,North,Enterprise,2023-10-27
13796,Customer_13796,Female,29,East,Small Business,2025-05-31
13797,Customer_13797,Female,34,South,Consumer,2025-05-29
13798,Customer_13798,Male,42,West,Small Business,2023-10-25
13799,Customer_13799,Male,45,West,Consumer,2022-09-23
13800,Customer_13800,Female,32,Central,Consumer,2022-03-14
13801,Customer_13801,Male,47,North,Consumer,2022-03-18
13802,Customer_13802,Female,68,West,Consumer,2023-06-28
13803,Customer_13803,Female,44,Central,Consumer,2024-05-30
13804,Customer_13804,Unknown,39,West,Consumer,2023-03-11
13805,Customer_13805,Male,27,North,Consumer,2024-12-24
13806,Customer_13806,Other,48,North,Small Business,2022-12-23
13807,Customer_13807,Male,44,North,Consumer,2024-07-24
13808,Customer_13808,Male,29,East,Consumer,2022-01-18
13809,Customer_13809,Male,63,East,Small Business,2023-11-07
13810,Customer_13810,Male,48,Central,Small Business,2023-07-29
13811,Customer_13811,Female,49,South,Enterprise,2024-01-21
13812,Customer_13812,Male,49,South,Consumer,2025-12-30
13813,Customer_13813,Male,58,East,Small Business,2024-09-22
13814,Customer_13814,Female,62,West,Consumer,2024-10-29
13815,Customer_13815,Male,52,Central,Consumer,2023-09-24
13816,Customer_13816,Female,63,West,Consumer,2025-10-03
13817,Customer_13817,Male,38,East,Consumer,2023-01-07
13818,Customer_13818,Female,27,East,Consumer,2024-08-27
13819,Customer_13819,Female,33,Central,Consumer,2025-04-13
13820,Customer_13820,Female,24,East,Consumer,2025-02-27
13821,Customer_13821,Male,21,South,Small Business,2025-08-09
13822,Customer_13822,Male,44,North,Small Business,2022-12-19
13823,Customer_13823,Female,69,North,Consumer,2022-08-12
13824,Customer_13824,Male,42,West,Consumer,2024-08-11
13825,Customer_13825,Male,48,North,Consumer,2023-01-03
13826,Customer_13826,Male,28,South,Enterprise,2025-01-18
13827,Customer_13827,Male,65,South,Consumer,2023-10-18
13828,Customer_13828,Female,37,East,Consumer,2024-12-31
13829,Customer_13829,Female,53,South,Consumer,2023-03-09
13830,Customer_13830,Male,34,West,Consumer,2025-10-03
13831,Customer_13831,Male,62,North,Consumer,2025-07-10
13832,Customer_13832,Female,28,North,Consumer,2025-07-18
13833,Customer_13833,Female,47,East,Small Business,2023-05-24
13834,Customer_13834,Male,52,South,Small Business,2023-05-23
13835,Customer_13835,Male,58,South,Small Business,2023-09-09
13836,Customer_13836,Male,55,North,Consumer,2023-02-24
13837,Customer_13837,Female,39,Central,Consumer,2024-12-31
13838,Customer_13838,Male,60,West,Enterprise,2022-03-15
13839,Customer_13839,Female,65,North,Small Business,2023-07-28
13840,Customer_13840,Female,68,North,Consumer,2022-05-26
13841,Customer_13841,Female,44,Central,Consumer,2022-02-15
13842,Customer_13842,Male,54,West,Consumer,2025-02-02
13843,Customer_13843,Female,63,East,Consumer,2025-02-06
13844,Customer_13844,Male,66,West,Small Business,2025-09-02
13845,Customer_13845,Male,52,West,Enterprise,2022-05-01
13846,Customer_13846,Female,21,West,Consumer,2024-12-02
13847,Customer_13847,Unknown,33,East,Consumer,2022-04-09
13848,Customer_13848,Female,33,East,Small Business,2023-12-07
13849,Customer_13849,Female,38,North,Consumer,2022-11-07
13850,Customer_13850,Male,43,Central,Enterprise,2025-05-22
13851,Customer_13851,Male,53,East,Small Business,2023-02-27
13852,Customer_13852,Male,36,South,Enterprise,2025-11-13
13853,Customer_13853,Female,34,Central,Consumer,2025-02-09
13854,Customer_13854,Female,62,Central,Consumer,2022-09-29
13855,Customer_13855,Female,43,Central,Consumer,2024-04-04
13856,Customer_13856,Male,39,Central,Consumer,2025-01-30
13857,Customer_13857,Male,45,Central,Consumer,2022-07-29
13858,Customer_13858,Female,18,South,Enterprise,2024-01-09
13859,Customer_13859,Male,61,West,Small Business,2024-03-03
13860,Customer_13860,Female,53,West,Small Business,2024-11-11
13861,Customer_13861,Female,60,South,Consumer,2024-01-30
13862,Customer_13862,Female,54,North,Small Business,2022-06-08
13863,Customer_13863,Male,19,Central,Small Business,2024-01-11
13864,Customer_13864,Male,34,South,Consumer,2022-12-09
13865,Customer_13865,Male,57,Central,Enterprise,2025-11-24
13866,Customer_13866,Male,55,North,Consumer,2023-11-30
13867,Customer_13867,Male,38,North,Consumer,2025-03-12
13868,Customer_13868,Female,26,East,Consumer,2023-02-01
13869,Customer_13869,Female,30,South,Small Business,2023-06-20
13870,Customer_13870,Male,28,West,Consumer,2022-05-21
13871,Customer_13871,Male,33,East,Consumer,2024-08-18
13872,Customer_13872,Male,33,North,Consumer,2022-08-28
13873,Customer_13873,Male,19,North,Consumer,2022-10-19
13874,Customer_13874,Female,59,South,Consumer,2024-03-27
13875,Customer_13875,Male,61,North,Consumer,2022-03-23
13876,Customer_13876,Male,25,West,Consumer,2023-07-14
13877,Customer_13877,Male,60,East,Consumer,2024-05-19
13878,Customer_13878,Female,59,North,Small Business,2022-06-20
13879,Customer_13879,Female,30,East,Consumer,2024-09-03
13880,Customer_13880,Male,34,North,Small Business,2023-08-03
13881,Customer_13881,Female,56,North,Consumer,2023-06-10
13882,Customer_13882,Female,41,South,Consumer,2023-06-26
13883,Customer_13883,Other,20,Central,Consumer,2022-04-20
13884,Customer_13884,Male,47,Central,Consumer,2025-05-20
13885,Customer_13885,Female,69,West,Consumer,2022-11-18
13886,Customer_13886,Female,30,South,Small Business,2024-06-18
13887,Customer_13887,Female,36,South,Enterprise,2023-12-15
13888,Customer_13888,Female,24,East,Consumer,2022-03-25
13889,Customer_13889,Female,26,West,Consumer,2024-08-13
13890,Customer_13890,Male,36,Central,Enterprise,2023-01-11
13891,Customer_13891,Female,62,North,Consumer,2024-12-12
13892,Customer_13892,Female,57,North,Consumer,2025-07-03
13893,Customer_13893,Female,39,West,Enterprise,2023-08-09
13894,Customer_13894,Male,35,West,Enterprise,2025-05-28
13895,Customer_13895,Female,40,West,Consumer,2022-04-10
13896,Customer_13896,Female,19,West,Consumer,2022-05-09
13897,Customer_13897,Male,67,Central,Consumer,2024-07-06
13898,Customer_13898,Female,67,East,Small Business,2022-08-07
13899,Customer_13899,Female,28,Central,Enterprise,2023-04-22
13900,Customer_13900,Female,48,Central,Consumer,2022-01-22
13901,Customer_13901,Male,50,West,Small Business,2023-07-14
13902,Customer_13902,Male,31,South,Small Business,2023-09-21
13903,Customer_13903,Female,33,North,Small Business,2024-10-15
13904,Customer_13904,Male,28,East,Small Business,2025-09-14
13905,Customer_13905,Female,50,East,Small Business,2022-12-05
13906,Customer_13906,Female,24,Central,Consumer,2022-06-28
13907,Customer_13907,Female,48,North,Consumer,2023-02-25
13908,Customer_13908,Male,65,South,Small Business,2024-10-03
13909,Customer_13909,Female,63,West,Consumer,2022-02-18
13910,Customer_13910,Male,64,North,Consumer,2024-02-06
13911,Customer_13911,Male,31,South,Small Business,2022-01-30
13912,Customer_13912,Male,45,South,Small Business,2022-03-26
13913,Customer_13913,Male,60,East,Enterprise,2024-02-28
13914,Customer_13914,Unknown,33,North,Consumer,2022-11-25
13915,Customer_13915,Other,36,Central,Consumer,2023-09-02
13916,Customer_13916,Male,34,East,Consumer,2023-03-10
13917,Customer_13917,Female,43,Central,Enterprise,2023-08-11
13918,Customer_13918,Male,23,East,Consumer,2025-06-26
13919,Customer_13919,Female,60,South,Small Business,2025-03-03
13920,Customer_13920,Female,66,North,Small Business,2023-11-21
13921,Customer_13921,Other,26,North,Consumer,2025-10-20
13922,Customer_13922,Male,67,East,Enterprise,2023-03-01
13923,Customer_13923,Female,34,North,Small Business,2025-12-09
13924,Customer_13924,Male,48,South,Consumer,2024-02-09
13925,Customer_13925,Unknown,29,East,Consumer,2023-05-27
13926,Customer_13926,Male,40,South,Consumer,2025-11-09
13927,Customer_13927,Female,22,North,Consumer,2025-11-12
13928,Customer_13928,Female,60,West,Small Business,2024-10-08
13929,Customer_13929,Female,53,Central,Enterprise,2023-07-18
13930,Customer_13930,Male,53,North,Consumer,2022-10-30
13931,Customer_13931,Female,20,North,Consumer,2022-04-09
13932,Customer_13932,Male,41,Central,Consumer,2025-08-22
13933,Customer_13933,Female,34,North,Consumer,2023-07-11
13934,Customer_13934,Male,56,Central,Consumer,2022-02-11
13935,Customer_13935,Male,43,North,Consumer,2024-09-17
13936,Customer_13936,Female,21,Central,Consumer,2023-04-13
13937,Customer_13937,Male,62,South,Small Business,2023-03-16
13938,Customer_13938,Male,29,Central,Small Business,2022-11-23
13939,Customer_13939,Male,18,South,Consumer,2023-07-23
13940,Customer_13940,Male,38,West,Small Business,2022-02-02
13941,Customer_13941,Female,36,North,Small Business,2023-02-16
13942,Customer_13942,Female,38,South,Small Business,2024-03-22
13943,Customer_13943,Male,69,West,Consumer,2025-02-11
13944,Customer_13944,Male,35,East,Small Business,2023-05-23
13945,Customer_13945,Male,60,Central,Small Business,2022-02-25
13946,Customer_13946,Male,69,East,Consumer,2025-10-07
13947,Customer_13947,Female,20,Central,Consumer,2025-09-14
13948,Customer_13948,Female,66,East,Enterprise,2023-06-30
13949,Customer_13949,Male,61,Central,Small Business,2025-07-17
13950,Customer_13950,Male,49,Central,Enterprise,2022-07-15
13951,Customer_13951,Male,27,South,Small Business,2023-02-17
13952,Customer_13952,Female,57,Central,Consumer,2023-09-29
13953,Customer_13953,Unknown,32,West,Consumer,2025-01-07
13954,Customer_13954,Male,22,South,Consumer,2025-01-11
13955,Customer_13955,Male,21,East,Enterprise,2024-01-12
13956,Customer_13956,Female,45,North,Consumer,2022-05-17
13957,Customer_13957,Female,69,West,Consumer,2023-06-23
13958,Customer_13958,Male,68,North,Small Business,2023-11-20
13959,Customer_13959,Male,21,North,Small Business,2023-12-20
13960,Customer_13960,Male,32,East,Consumer,2024-07-21
13961,Customer_13961,Female,34,East,Consumer,2022-11-02
13962,Customer_13962,Male,61,Central,Consumer,2025-08-27
13963,Customer_13963,Male,20,Central,Consumer,2023-01-23
13964,Customer_13964,Female,27,East,Small Business,2023-12-26
13965,Customer_13965,Male,64,North,Consumer,2024-07-03
13966,Customer_13966,Female,59,West,Small Business,2023-07-03
13967,Customer_13967,Male,40,East,Small Business,2023-05-21
13968,Customer_13968,Male,35,East,Small Business,2023-01-23
13969,Customer_13969,Female,18,South,Consumer,2022-10-20
13970,Customer_13970,Male,52,East,Consumer,2022-06-28
13971,Customer_13971,Unknown,48,South,Consumer,2023-11-03
13972,Customer_13972,Female,61,West,Consumer,2025-12-23
13973,Customer_13973,Male,18,East,Small Business,2025-08-28
13974,Customer_13974,Female,20,Central,Consumer,2022-03-21
13975,Customer_13975,Male,20,East,Small Business,2024-11-03
13976,Customer_13976,Female,54,South,Consumer,2024-12-13
13977,Customer_13977,Male,36,Central,Consumer,2023-03-23
13978,Customer_13978,Female,46,East,Enterprise,2024-02-05
13979,Customer_13979,Male,42,South,Consumer,2024-12-24
13980,Customer_13980,Male,50,East,Consumer,2025-10-27
13981,Customer_13981,Female,53,South,Consumer,2023-05-18
13982,Customer_13982,Female,46,West,Consumer,2023-07-24
13983,Customer_13983,Male,43,East,Small Business,2022-04-06
13984,Customer_13984,Male,21,West,Consumer,2025-07-07
13985,Customer_13985,Female,66,North,Consumer,2023-08-08
13986,Customer_13986,Female,31,South,Consumer,2022-09-05
13987,Customer_13987,Male,67,Central,Enterprise,2022-05-07
13988,Customer_13988,Male,44,West,Consumer,2023-05-14
13989,Customer_13989,Male,50,North,Consumer,2022-02-15
13990,Customer_13990,Female,39,South,Consumer,2024-09-08
13991,Customer_13991,Male,65,South,Consumer,2022-09-25
13992,Customer_13992,Male,20,West,Consumer,2022-04-04
13993,Customer_13993,Female,40,West,Consumer,2024-01-06
13994,Customer_13994,Male,38,West,Consumer,2025-09-01
13995,Customer_13995,Female,58,East,Consumer,2023-09-04
13996,Customer_13996,Male,40,West,Consumer,2022-03-12
13997,Customer_13997,Male,21,East,Enterprise,2023-08-16
13998,Customer_13998,Male,38,North,Small Business,2023-03-25
13999,Customer_13999,Female,54,East,Consumer,2025-10-22
14000,Customer_14000,Male,60,Central,Consumer,2023-09-12
14001,Customer_14001,Female,48,West,Small Business,2023-09-06
14002,Customer_14002,Female,38,East,Small Business,2025-12-04
14003,Customer_14003,Female,43,East,Consumer,2022-04-01
14004,Customer_14004,Male,58,Central,Small Business,2024-05-26
14005,Customer_14005,Male,52,East,Consumer,2023-06-12
14006,Customer_14006,Male,55,South,Consumer,2025-02-07
14007,Customer_14007,Male,41,Central,Enterprise,2024-02-14
14008,Customer_14008,Male,28,Central,Small Business,2023-11-03
14009,Customer_14009,Female,58,South,Small Business,2024-02-04
14010,Customer_14010,Male,46,East,Consumer,2025-01-17
14011,Customer_14011,Male,64,East,Consumer,2025-07-19
14012,Customer_14012,Male,20,North,Consumer,2025-06-24
14013,Customer_14013,Female,18,Central,Consumer,2022-12-27
14014,Customer_14014,Male,69,East,Consumer,2023-01-13
14015,Customer_14015,Female,36,Central,Consumer,2025-05-14
14016,Customer_14016,Male,63,North,Consumer,2022-12-11
14017,Customer_14017,Female,66,East,Consumer,2024-03-08
14018,Customer_14018,Female,39,North,Small Business,2023-03-31
14019,Customer_14019,Male,31,West,Enterprise,2024-06-26
14020,Customer_14020,Male,66,East,Consumer,2022-03-08
14021,Customer_14021,Male,31,East,Consumer,2024-09-13
14022,Customer_14022,Male,61,North,Consumer,2024-09-05
14023,Customer_14023,Female,33,South,Enterprise,2022-02-12
14024,Customer_14024,Female,50,North,Consumer,2022-08-17
14025,Customer_14025,Female,30,South,Small Business,2022-08-22
14026,Customer_14026,Female,55,East,Small Business,2025-05-07
14027,Customer_14027,Male,66,East,Consumer,2023-05-12
14028,Customer_14028,Male,29,East,Consumer,2024-04-27
14029,Customer_14029,Female,68,East,Enterprise,2024-11-21
14030,Customer_14030,Male,55,South,Consumer,2025-07-11
14031,Customer_14031,Female,56,South,Small Business,2022-04-23
14032,Customer_14032,Male,50,North,Enterprise,2024-08-30
14033,Customer_14033,Male,50,West,Consumer,2023-04-04
14034,Customer_14034,Unknown,46,East,Small Business,2025-07-23
14035,Customer_14035,Male,22,North,Enterprise,2025-03-15
14036,Customer_14036,Unknown,23,North,Small Business,2025-10-12
14037,Customer_14037,Unknown,48,Central,Consumer,2022-01-06
14038,Customer_14038,Female,33,West,Consumer,2025-09-25
14039,Customer_14039,Female,48,West,Consumer,2024-09-18
14040,Customer_14040,Female,42,East,Small Business,2023-05-09
14041,Customer_14041,Female,65,South,Small Business,2025-02-05
14042,Customer_14042,Male,63,Central,Consumer,2022-03-12
14043,Customer_14043,Male,50,West,Consumer,2024-07-27
14044,Customer_14044,Female,30,South,Consumer,2025-09-25
14045,Customer_14045,Male,69,West,Small Business,2023-11-05
14046,Customer_14046,Male,27,West,Small Business,2025-01-28
14047,Customer_14047,Male,41,South,Enterprise,2025-09-12
14048,Customer_14048,Female,27,East,Small Business,2024-11-22
14049,Customer_14049,Female,58,North,Small Business,2022-05-23
14050,Customer_14050,Male,48,North,Small Business,2025-06-21
14051,Customer_14051,Female,30,West,Consumer,2024-01-06
14052,Customer_14052,Female,20,South,Consumer,2023-12-27
14053,Customer_14053,Female,67,West,Enterprise,2022-08-05
14054,Customer_14054,Female,69,Central,Small Business,2023-03-10
14055,Customer_14055,Female,51,North,Consumer,2024-04-13
14056,Customer_14056,Male,66,East,Consumer,2024-12-13
14057,Customer_14057,Female,45,West,Consumer,2023-12-21
14058,Customer_14058,Male,36,West,Consumer,2024-07-30
14059,Customer_14059,Female,40,West,Consumer,2024-06-25
14060,Customer_14060,Unknown,62,South,Consumer,2024-09-21
14061,Customer_14061,Male,49,East,Consumer,2025-03-20
14062,Customer_14062,Male,30,East,Consumer,2022-02-24
14063,Customer_14063,Female,50,Central,Small Business,2024-11-24
14064,Customer_14064,Male,51,South,Consumer,2024-05-10
14065,Customer_14065,Female,50,Central,Consumer,2024-10-03
14066,Customer_14066,Male,22,South,Consumer,2025-02-16
14067,Customer_14067,Male,20,Central,Consumer,2025-05-05
14068,Customer_14068,Unknown,24,West,Consumer,2023-07-20
14069,Customer_14069,Female,41,East,Small Business,2024-02-10
14070,Customer_14070,Female,39,East,Small Business,2024-05-27
14071,Customer_14071,Male,62,South,Consumer,2024-04-03
14072,Customer_14072,Female,40,South,Consumer,2023-05-29
14073,Customer_14073,Female,47,North,Consumer,2024-05-11
14074,Customer_14074,Female,35,North,Enterprise,2023-02-26
14075,Customer_14075,Female,49,South,Enterprise,2023-06-01
14076,Customer_14076,Female,24,West,Consumer,2025-03-08
14077,Customer_14077,Male,50,East,Small Business,2023-12-06
14078,Customer_14078,Male,22,North,Small Business,2024-03-19
14079,Customer_14079,Female,66,Central,Small Business,2022-02-13
14080,Customer_14080,Male,45,East,Small Business,2024-05-07
14081,Customer_14081,Female,25,Central,Enterprise,2024-03-11
14082,Customer_14082,Male,32,West,Consumer,2022-08-07
14083,Customer_14083,Female,69,North,Consumer,2023-07-22
14084,Customer_14084,Female,21,East,Small Business,2024-06-26
14085,Customer_14085,Male,51,East,Small Business,2022-09-15
14086,Customer_14086,Male,22,North,Small Business,2024-08-18
14087,Customer_14087,Male,50,North,Consumer,2025-11-01
14088,Customer_14088,Female,22,North,Consumer,2024-06-11
14089,Customer_14089,Female,55,South,Consumer,2022-10-16
14090,Customer_14090,Male,51,East,Consumer,2024-08-29
14091,Customer_14091,Female,43,East,Consumer,2022-04-13
14092,Customer_14092,Male,18,North,Enterprise,2024-03-14
14093,Customer_14093,Female,21,West,Consumer,2025-03-18
14094,Customer_14094,Female,56,East,Small Business,2025-01-12
14095,Customer_14095,Male,43,South,Consumer,2024-11-15
14096,Customer_14096,Male,50,North,Small Business,2025-04-13
14097,Customer_14097,Male,50,North,Consumer,2025-12-16
14098,Customer_14098,Male,25,South,Small Business,2025-10-01
14099,Customer_14099,Male,37,North,Consumer,2022-10-29
14100,Customer_14100,Male,33,South,Consumer,2025-08-14
14101,Customer_14101,Female,38,East,Consumer,2025-03-04
14102,Customer_14102,Male,62,East,Consumer,2024-12-14
14103,Customer_14103,Female,43,South,Enterprise,2022-02-25
14104,Customer_14104,Male,40,South,Small Business,2024-10-11
14105,Customer_14105,Male,35,East,Enterprise,2023-01-09
14106,Customer_14106,Female,48,Central,Small Business,2024-04-10
14107,Customer_14107,Other,69,West,Enterprise,2024-07-08
14108,Customer_14108,Male,59,East,Small Business,2025-09-24
14109,Customer_14109,Female,29,South,Consumer,2023-04-02
14110,Customer_14110,Female,18,South,Consumer,2025-10-10
14111,Customer_14111,Female,59,Central,Consumer,2022-05-12
14112,Customer_14112,Female,26,North,Consumer,2023-05-08
14113,Customer_14113,Male,20,Central,Consumer,2022-04-20
14114,Customer_14114,Male,68,West,Consumer,2023-08-05
14115,Customer_14115,Female,43,West,Small Business,2024-03-06
14116,Customer_14116,Male,26,North,Consumer,2025-02-23
14117,Customer_14117,Female,59,East,Consumer,2025-08-12
14118,Customer_14118,Male,68,East,Small Business,2025-04-17
14119,Customer_14119,Male,33,North,Small Business,2024-03-20
14120,Customer_14120,Female,41,South,Enterprise,2024-06-04
14121,Customer_14121,Male,67,Central,Consumer,2025-05-05
14122,Customer_14122,Female,31,East,Consumer,2024-02-12
14123,Customer_14123,Female,20,East,Consumer,2025-01-29
14124,Customer_14124,Female,51,North,Consumer,2024-07-25
14125,Customer_14125,Female,50,West,Consumer,2023-07-27
14126,Customer_14126,Female,67,West,Consumer,2025-04-21
14127,Customer_14127,Female,41,East,Enterprise,2024-03-19
14128,Customer_14128,Other,26,East,Consumer,2024-05-28
14129,Customer_14129,Male,30,East,Consumer,2024-10-29
14130,Customer_14130,Male,19,East,Consumer,2023-02-17
14131,Customer_14131,Male,24,South,Small Business,2024-04-09
14132,Customer_14132,Male,65,Central,Consumer,2023-07-20
14133,Customer_14133,Female,38,East,Consumer,2022-04-14
14134,Customer_14134,Female,36,South,Consumer,2025-02-23
14135,Customer_14135,Female,42,East,Consumer,2023-11-08
14136,Customer_14136,Male,64,West,Consumer,2024-08-02
14137,Customer_14137,Female,39,North,Consumer,2022-09-27
14138,Customer_14138,Male,28,South,Consumer,2023-04-11
14139,Customer_14139,Female,50,West,Small Business,2024-03-11
14140,Customer_14140,Female,49,South,Consumer,2025-02-15
14141,Customer_14141,Male,38,West,Small Business,2025-01-20
14142,Customer_14142,Male,56,North,Consumer,2024-10-01
14143,Customer_14143,Male,37,West,Consumer,2025-01-15
14144,Customer_14144,Female,25,North,Consumer,2022-08-22
14145,Customer_14145,Female,59,North,Consumer,2024-07-01
14146,Customer_14146,Female,54,Central,Consumer,2025-02-21
14147,Customer_14147,Male,26,East,Consumer,2025-05-11
14148,Customer_14148,Male,42,South,Small Business,2024-11-21
14149,Customer_14149,Female,42,South,Small Business,2022-12-23
14150,Customer_14150,Female,50,East,Small Business,2024-08-21
14151,Customer_14151,Male,19,East,Consumer,2022-04-04
14152,Customer_14152,Male,36,Central,Consumer,2025-12-02
14153,Customer_14153,Female,63,Central,Consumer,2025-01-28
14154,Customer_14154,Male,37,East,Small Business,2022-09-01
14155,Customer_14155,Male,59,East,Consumer,2022-02-27
14156,Customer_14156,Male,58,East,Consumer,2024-08-22
14157,Customer_14157,Female,59,West,Small Business,2025-10-12
14158,Customer_14158,Female,46,North,Consumer,2022-11-16
14159,Customer_14159,Other,23,South,Consumer,2024-11-08
14160,Customer_14160,Female,34,North,Consumer,2022-12-23
14161,Customer_14161,Female,42,North,Consumer,2022-04-27
14162,Customer_14162,Male,55,North,Enterprise,2025-03-05
14163,Customer_14163,Female,21,East,Consumer,2022-10-23
14164,Customer_14164,Male,47,West,Enterprise,2023-06-09
14165,Customer_14165,Female,37,East,Consumer,2025-01-29
14166,Customer_14166,Male,20,South,Consumer,2025-11-04
14167,Customer_14167,Male,40,North,Small Business,2025-03-24
14168,Customer_14168,Male,68,East,Consumer,2025-02-02
14169,Customer_14169,Male,35,South,Consumer,2025-02-25
14170,Customer_14170,Male,43,East,Consumer,2023-02-05
14171,Customer_14171,Male,53,Central,Consumer,2024-01-09
14172,Customer_14172,Unknown,25,North,Small Business,2023-06-13
14173,Customer_14173,Male,34,South,Small Business,2023-07-11
14174,Customer_14174,Female,48,East,Small Business,2023-07-04
14175,Customer_14175,Female,54,Central,Small Business,2025-02-21
14176,Customer_14176,Unknown,62,West,Consumer,2022-12-26
14177,Customer_14177,Female,50,Central,Consumer,2022-03-05
14178,Customer_14178,Female,44,South,Small Business,2024-02-04
14179,Customer_14179,Male,62,Central,Enterprise,2024-02-13
14180,Customer_14180,Male,21,North,Consumer,2023-09-16
14181,Customer_14181,Male,39,North,Consumer,2022-04-12
14182,Customer_14182,Female,43,Central,Consumer,2023-07-15
14183,Customer_14183,Female,49,Central,Consumer,2025-07-24
14184,Customer_14184,Male,41,North,Consumer,2025-06-04
14185,Customer_14185,Male,63,North,Consumer,2024-11-12
14186,Customer_14186,Female,52,North,Consumer,2024-04-23
14187,Customer_14187,Male,54,North,Small Business,2024-12-23
14188,Customer_14188,Female,49,South,Small Business,2025-03-26
14189,Customer_14189,Female,24,Central,Enterprise,2025-11-14
14190,Customer_14190,Female,50,West,Consumer,2025-03-18
14191,Customer_14191,Female,48,West,Consumer,2024-04-18
14192,Customer_14192,Female,29,West,Consumer,2025-10-18
14193,Customer_14193,Female,28,East,Consumer,2023-11-12
14194,Customer_14194,Female,41,West,Consumer,2023-10-07
14195,Customer_14195,Female,25,East,Small Business,2023-02-03
14196,Customer_14196,Male,49,South,Consumer,2023-02-09
14197,Customer_14197,Male,55,East,Enterprise,2024-04-05
14198,Customer_14198,Male,39,East,Small Business,2025-03-01
14199,Customer_14199,Male,51,West,Small Business,2025-05-05
14200,Customer_14200,Female,36,Central,Small Business,2023-10-09
14201,Customer_14201,Female,69,East,Consumer,2022-02-04
14202,Customer_14202,Male,37,West,Small Business,2023-02-24
14203,Customer_14203,Male,31,North,Consumer,2023-01-12
14204,Customer_14204,Other,50,West,Small Business,2025-11-23
14205,Customer_14205,Male,27,South,Consumer,2022-08-08
14206,Customer_14206,Female,33,North,Consumer,2023-11-28
14207,Customer_14207,Female,21,South,Consumer,2022-12-08
14208,Customer_14208,Female,44,East,Consumer,2024-01-23
14209,Customer_14209,Male,45,North,Consumer,2023-02-20
14210,Customer_14210,Male,60,Central,Consumer,2025-08-13
14211,Customer_14211,Male,33,North,Small Business,2024-07-26
14212,Customer_14212,Female,69,Central,Consumer,2025-09-16
14213,Customer_14213,Female,50,West,Consumer,2024-10-03
14214,Customer_14214,Male,65,South,Consumer,2023-11-11
14215,Customer_14215,Female,36,South,Consumer,2025-09-24
14216,Customer_14216,Female,38,West,Consumer,2024-01-18
14217,Customer_14217,Male,39,East,Small Business,2024-03-16
14218,Customer_14218,Female,26,West,Consumer,2025-08-14
14219,Customer_14219,Female,26,South,Consumer,2022-11-08
14220,Customer_14220,Male,26,East,Consumer,2022-02-24
14221,Customer_14221,Male,44,Central,Consumer,2023-11-25
14222,Customer_14222,Female,34,South,Consumer,2023-06-18
14223,Customer_14223,Female,61,East,Small Business,2022-04-15
14224,Customer_14224,Female,62,South,Consumer,2025-04-13
14225,Customer_14225,Female,25,West,Consumer,2022-10-21
14226,Customer_14226,Female,33,West,Consumer,2024-05-29
14227,Customer_14227,Male,35,South,Consumer,2023-07-05
14228,Customer_14228,Female,50,North,Small Business,2024-06-29
14229,Customer_14229,Male,18,North,Consumer,2023-01-10
14230,Customer_14230,Male,29,East,Consumer,2023-03-26
14231,Customer_14231,Female,23,East,Small Business,2024-12-19
14232,Customer_14232,Female,58,Central,Consumer,2025-11-16
14233,Customer_14233,Male,22,East,Small Business,2024-03-22
14234,Customer_14234,Female,33,South,Consumer,2023-01-25
14235,Customer_14235,Male,35,Central,Consumer,2025-05-20
14236,Customer_14236,Male,66,East,Small Business,2023-10-29
14237,Customer_14237,Male,35,East,Small Business,2025-06-17
14238,Customer_14238,Female,18,North,Consumer,2025-02-19
14239,Customer_14239,Female,36,South,Small Business,2025-06-30
14240,Customer_14240,Male,25,Central,Consumer,2022-05-21
14241,Customer_14241,Female,20,East,Consumer,2024-05-23
14242,Customer_14242,Male,42,South,Consumer,2025-03-22
14243,Customer_14243,Female,22,East,Consumer,2025-08-24
14244,Customer_14244,Male,57,Central,Small Business,2025-09-02
14245,Customer_14245,Male,36,South,Consumer,2025-08-12
14246,Customer_14246,Female,35,East,Consumer,2024-04-22
14247,Customer_14247,Male,67,Central,Small Business,2025-09-30
14248,Customer_14248,Male,48,North,Consumer,2023-08-20
14249,Customer_14249,Female,50,West,Consumer,2025-07-29
14250,Customer_14250,Other,64,East,Consumer,2025-05-16
14251,Customer_14251,Male,35,West,Consumer,2024-08-09
14252,Customer_14252,Male,56,South,Small Business,2023-07-06
14253,Customer_14253,Male,33,South,Consumer,2025-01-24
14254,Customer_14254,Female,33,West,Consumer,2023-01-08
14255,Customer_14255,Male,64,South,Small Business,2023-10-10
14256,Customer_14256,Female,55,East,Consumer,2025-01-01
14257,Customer_14257,Unknown,58,North,Consumer,2022-11-29
14258,Customer_14258,Male,24,North,Small Business,2023-01-28
14259,Customer_14259,Male,31,Central,Consumer,2025-02-03
14260,Customer_14260,Male,60,East,Consumer,2025-01-29
14261,Customer_14261,Male,65,Central,Consumer,2025-10-14
14262,Customer_14262,Female,42,North,Consumer,2025-09-14
14263,Customer_14263,Male,49,East,Consumer,2023-01-30
14264,Customer_14264,Male,55,South,Consumer,2022-02-04
14265,Customer_14265,Female,39,West,Small Business,2022-06-06
14266,Customer_14266,Male,33,West,Consumer,2024-06-22
14267,Customer_14267,Female,69,North,Consumer,2025-07-20
14268,Customer_14268,Male,46,Central,Small Business,2024-08-24
14269,Customer_14269,Female,33,North,Consumer,2023-01-31
14270,Customer_14270,Other,29,East,Small Business,2022-07-26
14271,Customer_14271,Female,34,Central,Consumer,2023-09-13
14272,Customer_14272,Other,54,Central,Consumer,2025-08-22
14273,Customer_14273,Male,44,Central,Enterprise,2024-03-15
14274,Customer_14274,Female,42,South,Consumer,2023-04-07
14275,Customer_14275,Female,30,North,Enterprise,2022-09-09
14276,Customer_14276,Female,25,North,Consumer,2025-07-14
14277,Customer_14277,Male,22,East,Consumer,2024-05-16
14278,Customer_14278,Male,29,West,Consumer,2022-07-28
14279,Customer_14279,Male,58,North,Consumer,2024-08-12
14280,Customer_14280,Male,20,West,Small Business,2023-06-23
14281,Customer_14281,Male,52,South,Small Business,2024-04-14
14282,Customer_14282,Female,50,South,Small Business,2023-05-18
14283,Customer_14283,Male,39,West,Consumer,2024-08-13
14284,Customer_14284,Male,67,East,Consumer,2023-05-29
14285,Customer_14285,Female,61,West,Small Business,2023-08-03
14286,Customer_14286,Female,26,North,Consumer,2025-03-17
14287,Customer_14287,Female,58,West,Small Business,2024-04-19
14288,Customer_14288,Female,35,North,Consumer,2024-09-12
14289,Customer_14289,Male,67,North,Consumer,2022-03-24
14290,Customer_14290,Female,46,West,Small Business,2024-12-01
14291,Customer_14291,Female,56,Central,Small Business,2022-06-05
14292,Customer_14292,Male,44,South,Small Business,2023-03-29
14293,Customer_14293,Female,53,South,Consumer,2025-07-31
14294,Customer_14294,Female,62,East,Consumer,2025-04-26
14295,Customer_14295,Male,34,South,Consumer,2023-09-09
14296,Customer_14296,Male,51,West,Consumer,2023-09-16
14297,Customer_14297,Male,63,West,Consumer,2023-05-22
14298,Customer_14298,Male,20,North,Small Business,2025-03-02
14299,Customer_14299,Male,22,East,Consumer,2025-07-18
14300,Customer_14300,Female,31,West,Consumer,2023-09-14
14301,Customer_14301,Male,20,South,Consumer,2025-01-01
14302,Customer_14302,Female,40,East,Enterprise,2025-12-30
14303,Customer_14303,Female,56,North,Consumer,2022-10-20
14304,Customer_14304,Female,47,East,Small Business,2023-10-17
14305,Customer_14305,Female,67,North,Enterprise,2024-07-25
14306,Customer_14306,Male,62,West,Small Business,2024-01-27
14307,Customer_14307,Female,40,South,Enterprise,2025-12-31
14308,Customer_14308,Female,44,South,Small Business,2024-09-22
14309,Customer_14309,Female,27,West,Consumer,2023-10-29
14310,Customer_14310,Female,42,North,Consumer,2022-03-01
14311,Customer_14311,Male,30,South,Consumer,2022-11-23
14312,Customer_14312,Other,33,South,Consumer,2025-04-20
14313,Customer_14313,Male,58,South,Small Business,2024-03-09
14314,Customer_14314,Female,51,Central,Consumer,2024-02-24
14315,Customer_14315,Unknown,54,West,Small Business,2024-02-06
14316,Customer_14316,Male,39,North,Consumer,2025-12-28
14317,Customer_14317,Female,34,West,Consumer,2023-06-03
14318,Customer_14318,Male,40,East,Enterprise,2023-09-30
14319,Customer_14319,Male,53,Central,Consumer,2022-03-24
14320,Customer_14320,Female,66,South,Small Business,2022-01-28
14321,Customer_14321,Female,26,East,Small Business,2022-09-23
14322,Customer_14322,Female,69,East,Consumer,2025-07-30
14323,Customer_14323,Female,19,East,Consumer,2023-02-01
14324,Customer_14324,Female,49,East,Consumer,2024-08-19
14325,Customer_14325,Female,67,South,Small Business,2024-02-02
14326,Customer_14326,Other,39,West,Consumer,2024-09-06
14327,Customer_14327,Male,60,East,Consumer,2025-11-07
14328,Customer_14328,Unknown,30,Central,Small Business,2024-03-21
14329,Customer_14329,Male,25,South,Consumer,2023-08-04
14330,Customer_14330,Female,18,West,Small Business,2025-09-04
14331,Customer_14331,Male,34,Central,Small Business,2023-09-03
14332,Customer_14332,Male,29,West,Small Business,2022-07-12
14333,Customer_14333,Male,21,Central,Small Business,2022-08-15
14334,Customer_14334,Female,30,West,Consumer,2023-03-27
14335,Customer_14335,Male,48,South,Enterprise,2025-04-20
14336,Customer_14336,Male,58,East,Consumer,2024-07-20
14337,Customer_14337,Female,24,North,Consumer,2025-09-12
14338,Customer_14338,Female,40,East,Consumer,2023-10-17
14339,Customer_14339,Male,41,South,Enterprise,2022-07-22
14340,Customer_14340,Male,22,West,Small Business,2023-02-06
14341,Customer_14341,Male,22,East,Small Business,2023-04-17
14342,Customer_14342,Male,34,East,Consumer,2024-06-08
14343,Customer_14343,Female,47,South,Small Business,2022-06-28
14344,Customer_14344,Female,26,Central,Small Business,2024-11-07
14345,Customer_14345,Female,23,North,Small Business,2023-04-08
14346,Customer_14346,Male,42,North,Consumer,2024-04-14
14347,Customer_14347,Female,36,South,Consumer,2023-09-01
14348,Customer_14348,Female,33,Central,Consumer,2024-07-14
14349,Customer_14349,Female,38,Central,Consumer,2025-11-27
14350,Customer_14350,Female,19,West,Consumer,2025-11-17
14351,Customer_14351,Female,27,Central,Consumer,2024-07-24
14352,Customer_14352,Female,33,South,Consumer,2022-10-27
14353,Customer_14353,Male,54,Central,Consumer,2022-12-17
14354,Customer_14354,Other,32,North,Consumer,2022-07-06
14355,Customer_14355,Female,30,North,Enterprise,2025-10-02
14356,Customer_14356,Female,30,North,Consumer,2023-09-15
14357,Customer_14357,Male,49,East,Consumer,2025-12-03
14358,Customer_14358,Female,62,West,Consumer,2022-03-12
14359,Customer_14359,Female,64,South,Consumer,2025-09-12
14360,Customer_14360,Male,63,Central,Enterprise,2025-05-20
14361,Customer_14361,Male,25,East,Consumer,2022-11-05
14362,Customer_14362,Female,60,North,Consumer,2025-02-05
14363,Customer_14363,Female,35,East,Enterprise,2022-06-26
14364,Customer_14364,Female,53,West,Consumer,2023-03-03
14365,Customer_14365,Male,43,West,Consumer,2024-01-10
14366,Customer_14366,Female,27,East,Consumer,2023-06-15
14367,Customer_14367,Male,48,East,Consumer,2023-02-22
14368,Customer_14368,Male,50,South,Enterprise,2022-09-05
14369,Customer_14369,Male,46,East,Consumer,2022-07-28
14370,Customer_14370,Male,22,Central,Enterprise,2022-08-04
14371,Customer_14371,Male,30,North,Enterprise,2023-12-14
14372,Customer_14372,Male,18,Central,Consumer,2023-03-14
14373,Customer_14373,Male,40,East,Consumer,2022-11-07
14374,Customer_14374,Male,57,South,Consumer,2023-01-18
14375,Customer_14375,Female,20,Central,Consumer,2024-09-07
14376,Customer_14376,Female,20,East,Consumer,2025-07-18
14377,Customer_14377,Male,24,South,Consumer,2022-05-01
14378,Customer_14378,Female,53,North,Consumer,2023-02-11
14379,Customer_14379,Male,52,South,Enterprise,2022-09-02
14380,Customer_14380,Female,32,West,Consumer,2022-03-07
14381,Customer_14381,Male,57,East,Small Business,2024-07-30
14382,Customer_14382,Male,20,Central,Small Business,2022-08-16
14383,Customer_14383,Female,46,South,Consumer,2024-05-31
14384,Customer_14384,Female,47,North,Consumer,2022-05-17
14385,Customer_14385,Female,56,North,Consumer,2022-07-13
14386,Customer_14386,Female,35,East,Consumer,2023-12-07
14387,Customer_14387,Other,28,Central,Consumer,2023-10-20
14388,Customer_14388,Male,60,West,Consumer,2023-10-19
14389,Customer_14389,Male,66,South,Consumer,2025-10-09
14390,Customer_14390,Male,55,Central,Enterprise,2024-07-18
14391,Customer_14391,Male,57,West,Consumer,2023-07-10
14392,Customer_14392,Female,18,North,Consumer,2025-03-26
14393,Customer_14393,Female,46,West,Consumer,2024-08-15
14394,Customer_14394,Male,27,South,Consumer,2024-11-05
14395,Customer_14395,Other,45,North,Consumer,2025-01-06
14396,Customer_14396,Female,48,South,Enterprise,2022-02-21
14397,Customer_14397,Male,36,East,Consumer,2023-05-29
14398,Customer_14398,Male,20,East,Consumer,2024-01-14
14399,Customer_14399,Male,53,South,Consumer,2024-12-20
14400,Customer_14400,Male,60,North,Consumer,2025-03-01
14401,Customer_14401,Male,32,West,Consumer,2025-11-06
14402,Customer_14402,Female,50,Central,Consumer,2023-11-23
14403,Customer_14403,Male,58,West,Consumer,2023-06-27
14404,Customer_14404,Male,60,South,Consumer,2023-02-14
14405,Customer_14405,Unknown,68,South,Consumer,2022-06-04
14406,Customer_14406,Female,62,South,Consumer,2023-09-25
14407,Customer_14407,Other,43,North,Consumer,2022-02-20
14408,Customer_14408,Male,33,East,Enterprise,2024-10-20
14409,Customer_14409,Male,53,East,Consumer,2024-09-20
14410,Customer_14410,Female,50,West,Small Business,2025-01-23
14411,Customer_14411,Male,37,West,Consumer,2023-06-08
14412,Customer_14412,Male,30,South,Consumer,2022-12-21
14413,Customer_14413,Female,50,South,Consumer,2024-12-04
14414,Customer_14414,Female,22,West,Consumer,2024-03-12
14415,Customer_14415,Male,54,South,Consumer,2025-05-13
14416,Customer_14416,Female,31,South,Consumer,2024-04-19
14417,Customer_14417,Male,44,South,Small Business,2025-12-25
14418,Customer_14418,Male,40,South,Small Business,2022-09-13
14419,Customer_14419,Male,31,North,Consumer,2022-09-05
14420,Customer_14420,Male,57,West,Consumer,2023-06-17
14421,Customer_14421,Male,21,Central,Small Business,2022-02-10
14422,Customer_14422,Other,56,South,Small Business,2024-02-29
14423,Customer_14423,Female,69,North,Consumer,2025-07-24
14424,Customer_14424,Female,36,West,Small Business,2022-07-14
14425,Customer_14425,Male,64,South,Consumer,2024-12-30
14426,Customer_14426,Male,21,South,Consumer,2025-07-17
14427,Customer_14427,Male,47,North,Consumer,2025-09-20
14428,Customer_14428,Male,36,South,Small Business,2022-11-04
14429,Customer_14429,Male,48,West,Enterprise,2025-12-21
14430,Customer_14430,Female,48,West,Enterprise,2025-05-07
14431,Customer_14431,Female,26,South,Consumer,2022-03-17
14432,Customer_14432,Female,30,South,Enterprise,2024-02-26
14433,Customer_14433,Female,31,North,Consumer,2024-03-05
14434,Customer_14434,Female,63,North,Consumer,2022-08-18
14435,Customer_14435,Male,27,Central,Consumer,2022-03-26
14436,Customer_14436,Male,65,West,Consumer,2025-03-31
14437,Customer_14437,Male,48,East,Consumer,2023-02-01
14438,Customer_14438,Female,54,West,Consumer,2025-10-26
14439,Customer_14439,Unknown,40,West,Enterprise,2022-08-03
14440,Customer_14440,Male,44,West,Consumer,2024-10-21
14441,Customer_14441,Female,23,North,Consumer,2023-01-12
14442,Customer_14442,Female,43,North,Enterprise,2023-02-16
14443,Customer_14443,Male,19,West,Consumer,2024-03-10
14444,Customer_14444,Male,62,South,Consumer,2025-05-08
14445,Customer_14445,Male,30,Central,Small Business,2025-04-21
14446,Customer_14446,Unknown,68,West,Consumer,2023-02-14
14447,Customer_14447,Male,67,Central,Small Business,2025-11-22
14448,Customer_14448,Female,36,South,Consumer,2022-08-04
14449,Customer_14449,Male,18,Central,Small Business,2024-01-22
14450,Customer_14450,Female,57,South,Consumer,2022-12-15
14451,Customer_14451,Male,49,Central,Consumer,2024-04-10
14452,Customer_14452,Female,39,North,Consumer,2023-10-16
14453,Customer_14453,Female,65,East,Consumer,2024-10-18
14454,Customer_14454,Female,46,West,Small Business,2024-11-30
14455,Customer_14455,Female,19,East,Enterprise,2022-01-03
14456,Customer_14456,Male,57,East,Small Business,2025-01-22
14457,Customer_14457,Female,55,Central,Consumer,2024-12-18
14458,Customer_14458,Male,65,East,Enterprise,2024-01-10
14459,Customer_14459,Male,28,East,Consumer,2023-02-11
14460,Customer_14460,Female,34,North,Consumer,2022-01-18
14461,Customer_14461,Male,68,West,Consumer,2024-01-21
14462,Customer_14462,Female,60,East,Consumer,2023-08-09
14463,Customer_14463,Unknown,25,East,Small Business,2024-06-06
14464,Customer_14464,Male,39,North,Consumer,2022-11-28
14465,Customer_14465,Female,21,East,Consumer,2024-10-09
14466,Customer_14466,Male,28,North,Small Business,2022-06-18
14467,Customer_14467,Male,25,North,Enterprise,2024-02-15
14468,Customer_14468,Male,26,East,Small Business,2024-04-28
14469,Customer_14469,Other,43,North,Consumer,2024-07-29
14470,Customer_14470,Female,19,North,Consumer,2022-07-25
14471,Customer_14471,Female,33,West,Consumer,2023-06-05
14472,Customer_14472,Unknown,48,North,Consumer,2024-10-14
14473,Customer_14473,Male,23,South,Enterprise,2025-10-01
14474,Customer_14474,Male,38,North,Enterprise,2022-10-31
14475,Customer_14475,Female,43,East,Small Business,2022-04-25
14476,Customer_14476,Female,36,West,Consumer,2023-10-26
14477,Customer_14477,Male,45,West,Small Business,2022-03-28
14478,Customer_14478,Male,25,South,Enterprise,2025-01-23
14479,Customer_14479,Female,31,North,Consumer,2024-01-13
14480,Customer_14480,Female,41,North,Consumer,2023-03-04
14481,Customer_14481,Male,65,East,Small Business,2023-03-26
14482,Customer_14482,Female,61,Central,Consumer,2024-02-25
14483,Customer_14483,Female,54,South,Enterprise,2023-12-16
14484,Customer_14484,Female,43,South,Consumer,2022-01-02
14485,Customer_14485,Male,48,North,Small Business,2025-01-06
14486,Customer_14486,Female,68,East,Small Business,2025-09-09
14487,Customer_14487,Male,49,West,Consumer,2024-01-13
14488,Customer_14488,Male,67,East,Small Business,2025-01-26
14489,Customer_14489,Female,58,Central,Consumer,2022-04-20
14490,Customer_14490,Female,19,East,Consumer,2023-11-10
14491,Customer_14491,Male,42,North,Consumer,2023-01-06
14492,Customer_14492,Female,69,South,Consumer,2025-09-22
14493,Customer_14493,Female,61,West,Small Business,2024-06-08
14494,Customer_14494,Female,19,East,Enterprise,2023-08-22
14495,Customer_14495,Female,59,East,Consumer,2024-11-11
14496,Customer_14496,Female,18,West,Consumer,2023-12-23
14497,Customer_14497,Female,53,East,Consumer,2022-11-01
14498,Customer_14498,Male,29,Central,Small Business,2024-07-12
14499,Customer_14499,Male,26,East,Enterprise,2025-07-19
14500,Customer_14500,Male,53,West,Consumer,2024-04-15
14501,Customer_14501,Female,58,South,Consumer,2023-03-22
14502,Customer_14502,Female,45,West,Consumer,2024-07-20
14503,Customer_14503,Male,55,Central,Consumer,2022-10-05
14504,Customer_14504,Male,50,South,Small Business,2023-01-12
14505,Customer_14505,Female,59,West,Consumer,2022-08-20
14506,Customer_14506,Male,63,West,Small Business,2023-08-15
14507,Customer_14507,Female,39,North,Small Business,2023-03-02
14508,Customer_14508,Male,42,East,Small Business,2024-12-14
14509,Customer_14509,Female,35,North,Small Business,2023-03-17
14510,Customer_14510,Other,23,Central,Enterprise,2022-02-03
14511,Customer_14511,Male,35,West,Enterprise,2022-11-25
14512,Customer_14512,Female,69,North,Consumer,2024-04-24
14513,Customer_14513,Male,33,North,Consumer,2023-03-30
14514,Customer_14514,Female,32,East,Consumer,2025-11-12
14515,Customer_14515,Female,65,South,Small Business,2024-02-03
14516,Customer_14516,Male,25,North,Consumer,2025-12-24
14517,Customer_14517,Female,30,East,Consumer,2025-02-22
14518,Customer_14518,Female,60,South,Consumer,2023-06-07
14519,Customer_14519,Male,24,North,Small Business,2023-04-27
14520,Customer_14520,Male,34,West,Consumer,2022-11-13
14521,Customer_14521,Female,67,Central,Consumer,2022-05-02
14522,Customer_14522,Female,49,West,Consumer,2023-08-04
14523,Customer_14523,Female,39,West,Small Business,2025-08-29
14524,Customer_14524,Female,68,South,Consumer,2023-05-02
14525,Customer_14525,Female,30,South,Consumer,2024-11-01
14526,Customer_14526,Male,64,South,Small Business,2022-05-05
14527,Customer_14527,Female,40,West,Consumer,2023-10-21
14528,Customer_14528,Female,46,Central,Consumer,2025-01-05
14529,Customer_14529,Female,39,West,Consumer,2023-08-03
14530,Customer_14530,Male,18,Central,Consumer,2023-12-19
14531,Customer_14531,Male,46,East,Small Business,2025-06-13
14532,Customer_14532,Male,65,South,Consumer,2024-02-09
14533,Customer_14533,Male,22,East,Consumer,2025-07-01
14534,Customer_14534,Male,52,North,Small Business,2024-06-22
14535,Customer_14535,Female,27,North,Small Business,2023-02-10
14536,Customer_14536,Female,36,West,Consumer,2025-06-20
14537,Customer_14537,Male,54,East,Consumer,2022-10-04
14538,Customer_14538,Female,24,East,Small Business,2025-05-28
14539,Customer_14539,Male,63,East,Small Business,2025-06-02
14540,Customer_14540,Male,52,South,Consumer,2024-07-13
14541,Customer_14541,Male,62,East,Small Business,2025-01-29
14542,Customer_14542,Female,30,East,Consumer,2024-05-03
14543,Customer_14543,Male,27,South,Consumer,2023-05-22
14544,Customer_14544,Male,19,West,Consumer,2025-09-16
14545,Customer_14545,Male,23,East,Consumer,2022-08-25
14546,Customer_14546,Female,25,East,Consumer,2024-09-20
14547,Customer_14547,Male,53,Central,Consumer,2025-09-24
14548,Customer_14548,Female,42,Central,Consumer,2024-01-22
14549,Customer_14549,Female,61,Central,Consumer,2023-05-21
14550,Customer_14550,Female,64,South,Consumer,2022-06-14
14551,Customer_14551,Female,57,North,Consumer,2024-04-25
14552,Customer_14552,Male,24,South,Small Business,2023-12-29
14553,Customer_14553,Male,63,South,Consumer,2025-05-26
14554,Customer_14554,Female,40,Central,Small Business,2023-01-11
14555,Customer_14555,Male,36,East,Consumer,2024-11-01
14556,Customer_14556,Female,63,North,Consumer,2025-12-26
14557,Customer_14557,Female,39,North,Consumer,2022-03-24
14558,Customer_14558,Female,30,North,Enterprise,2023-03-07
14559,Customer_14559,Female,38,East,Consumer,2023-04-23
14560,Customer_14560,Unknown,18,West,Consumer,2024-02-22
14561,Customer_14561,Female,36,Central,Consumer,2023-01-04
14562,Customer_14562,Male,50,Central,Enterprise,2024-08-12
14563,Customer_14563,Female,21,South,Enterprise,2022-05-21
14564,Customer_14564,Male,59,South,Consumer,2023-12-21
14565,Customer_14565,Male,20,South,Consumer,2025-11-27
14566,Customer_14566,Female,44,South,Consumer,2024-10-12
14567,Customer_14567,Male,69,Central,Consumer,2022-10-15
14568,Customer_14568,Male,58,East,Consumer,2022-12-21
14569,Customer_14569,Male,52,West,Small Business,2022-12-09
14570,Customer_14570,Female,45,East,Small Business,2022-05-29
14571,Customer_14571,Female,23,North,Consumer,2022-07-29
14572,Customer_14572,Female,23,North,Consumer,2025-02-09
14573,Customer_14573,Male,61,East,Consumer,2023-10-16
14574,Customer_14574,Female,40,West,Consumer,2024-09-02
14575,Customer_14575,Female,50,South,Consumer,2023-06-20
14576,Customer_14576,Male,33,West,Consumer,2024-12-08
14577,Customer_14577,Male,41,West,Consumer,2022-11-27
14578,Customer_14578,Male,22,East,Consumer,2022-12-31
14579,Customer_14579,Unknown,58,West,Small Business,2022-01-11
14580,Customer_14580,Female,59,East,Consumer,2025-04-26
14581,Customer_14581,Female,30,West,Consumer,2023-05-24
14582,Customer_14582,Male,64,West,Consumer,2023-08-03
14583,Customer_14583,Female,29,Central,Consumer,2025-01-18
14584,Customer_14584,Female,22,South,Enterprise,2023-09-14
14585,Customer_14585,Female,54,East,Small Business,2024-06-19
14586,Customer_14586,Other,48,North,Consumer,2023-12-19
14587,Customer_14587,Male,45,South,Small Business,2024-11-21
14588,Customer_14588,Male,45,West,Consumer,2022-11-23
14589,Customer_14589,Female,47,Central,Enterprise,2022-03-15
14590,Customer_14590,Female,35,South,Consumer,2022-09-08
14591,Customer_14591,Female,61,North,Consumer,2023-03-26
14592,Customer_14592,Male,44,South,Consumer,2024-06-24
14593,Customer_14593,Female,52,East,Small Business,2022-12-21
14594,Customer_14594,Male,43,South,Consumer,2023-06-17
14595,Customer_14595,Male,56,South,Small Business,2022-10-23
14596,Customer_14596,Female,66,West,Consumer,2022-10-25
14597,Customer_14597,Female,68,North,Enterprise,2025-09-13
14598,Customer_14598,Male,35,East,Consumer,2022-10-29
14599,Customer_14599,Male,50,West,Enterprise,2023-05-27
14600,Customer_14600,Male,42,South,Consumer,2025-09-23
14601,Customer_14601,Male,48,East,Consumer,2023-08-08
14602,Customer_14602,Female,54,West,Enterprise,2023-01-09
14603,Customer_14603,Female,19,West,Enterprise,2025-01-22
14604,Customer_14604,Male,50,East,Small Business,2022-05-12
14605,Customer_14605,Female,56,South,Consumer,2024-06-28
14606,Customer_14606,Female,60,West,Consumer,2022-02-22
14607,Customer_14607,Female,60,West,Consumer,2022-08-17
14608,Customer_14608,Male,49,South,Consumer,2023-10-02
14609,Customer_14609,Other,35,North,Consumer,2025-05-20
14610,Customer_14610,Male,34,North,Consumer,2024-03-07
14611,Customer_14611,Male,51,North,Small Business,2024-03-01
14612,Customer_14612,Male,56,East,Small Business,2023-05-10
14613,Customer_14613,Female,24,North,Consumer,2024-05-02
14614,Customer_14614,Male,59,South,Consumer,2023-11-02
14615,Customer_14615,Male,52,West,Consumer,2025-06-10
14616,Customer_14616,Male,47,South,Small Business,2024-12-30
14617,Customer_14617,Female,29,West,Consumer,2022-07-08
14618,Customer_14618,Female,52,West,Consumer,2023-10-25
14619,Customer_14619,Male,28,South,Consumer,2022-01-08
14620,Customer_14620,Female,61,West,Consumer,2022-11-28
14621,Customer_14621,Female,21,West,Small Business,2024-11-05
14622,Customer_14622,Female,42,South,Small Business,2023-10-28
14623,Customer_14623,Male,65,South,Consumer,2023-10-31
14624,Customer_14624,Female,49,East,Consumer,2025-01-21
14625,Customer_14625,Other,37,Central,Enterprise,2025-07-09
14626,Customer_14626,Female,67,East,Consumer,2022-06-10
14627,Customer_14627,Male,48,North,Small Business,2022-12-17
14628,Customer_14628,Female,21,West,Small Business,2025-04-12
14629,Customer_14629,Female,55,East,Small Business,2022-11-13
14630,Customer_14630,Female,64,East,Consumer,2024-07-25
14631,Customer_14631,Male,18,West,Consumer,2022-01-18
14632,Customer_14632,Male,20,East,Enterprise,2023-05-01
14633,Customer_14633,Female,54,West,Consumer,2023-01-02
14634,Customer_14634,Female,39,West,Consumer,2022-12-17
14635,Customer_14635,Male,34,East,Consumer,2023-06-12
14636,Customer_14636,Other,31,North,Consumer,2024-05-21
14637,Customer_14637,Male,58,West,Small Business,2025-12-29
14638,Customer_14638,Female,52,Central,Consumer,2024-07-21
14639,Customer_14639,Female,30,North,Small Business,2022-09-27
14640,Customer_14640,Female,52,East,Small Business,2024-05-20
14641,Customer_14641,Other,60,South,Consumer,2024-12-27
14642,Customer_14642,Male,19,West,Consumer,2024-11-19
14643,Customer_14643,Female,64,West,Small Business,2022-11-12
14644,Customer_14644,Male,30,North,Consumer,2024-01-07
14645,Customer_14645,Female,68,Central,Enterprise,2022-06-13
14646,Customer_14646,Female,33,North,Small Business,2024-07-14
14647,Customer_14647,Female,35,West,Consumer,2022-11-16
14648,Customer_14648,Male,24,East,Small Business,2024-11-03
14649,Customer_14649,Female,62,South,Consumer,2022-10-06
14650,Customer_14650,Male,53,North,Consumer,2023-03-08
14651,Customer_14651,Male,58,North,Small Business,2023-10-30
14652,Customer_14652,Female,47,West,Small Business,2023-09-26
14653,Customer_14653,Female,59,East,Consumer,2025-07-10
14654,Customer_14654,Female,58,North,Consumer,2023-06-06
14655,Customer_14655,Male,24,North,Consumer,2024-08-21
14656,Customer_14656,Male,32,North,Consumer,2025-04-10
14657,Customer_14657,Female,57,West,Consumer,2022-12-24
14658,Customer_14658,Female,36,West,Consumer,2024-11-02
14659,Customer_14659,Male,60,North,Consumer,2023-12-26
14660,Customer_14660,Female,54,East,Enterprise,2023-11-04
14661,Customer_14661,Female,19,North,Consumer,2022-08-20
14662,Customer_14662,Female,59,Central,Consumer,2023-04-16
14663,Customer_14663,Male,65,Central,Small Business,2025-03-29
14664,Customer_14664,Female,30,West,Small Business,2023-10-01
14665,Customer_14665,Female,57,Central,Enterprise,2023-07-14
14666,Customer_14666,Female,58,West,Consumer,2025-07-08
14667,Customer_14667,Male,60,West,Consumer,2023-07-27
14668,Customer_14668,Female,60,East,Consumer,2023-08-25
14669,Customer_14669,Female,48,South,Consumer,2025-10-14
14670,Customer_14670,Female,33,South,Consumer,2022-09-12
14671,Customer_14671,Male,59,South,Consumer,2023-08-25
14672,Customer_14672,Female,61,East,Consumer,2022-10-07
14673,Customer_14673,Female,23,North,Consumer,2022-04-27
14674,Customer_14674,Male,45,South,Small Business,2023-09-02
14675,Customer_14675,Male,49,East,Consumer,2025-03-31
14676,Customer_14676,Female,61,South,Small Business,2024-05-01
14677,Customer_14677,Male,27,East,Consumer,2022-10-25
14678,Customer_14678,Other,67,Central,Consumer,2024-07-04
14679,Customer_14679,Female,35,West,Consumer,2025-08-13
14680,Customer_14680,Female,21,West,Consumer,2025-10-13
14681,Customer_14681,Male,26,East,Consumer,2023-06-02
14682,Customer_14682,Male,24,East,Small Business,2023-01-13
14683,Customer_14683,Other,67,North,Small Business,2023-03-02
14684,Customer_14684,Male,25,Central,Consumer,2023-06-21
14685,Customer_14685,Female,60,South,Consumer,2023-07-07
14686,Customer_14686,Male,24,North,Enterprise,2022-06-18
14687,Customer_14687,Male,58,West,Consumer,2023-05-30
14688,Customer_14688,Male,57,North,Consumer,2025-10-19
14689,Customer_14689,Female,20,South,Consumer,2023-03-06
14690,Customer_14690,Unknown,34,North,Small Business,2023-07-23
14691,Customer_14691,Male,19,North,Consumer,2022-03-24
14692,Customer_14692,Male,32,North,Consumer,2022-11-26
14693,Customer_14693,Male,63,North,Consumer,2023-11-22
14694,Customer_14694,Female,46,West,Consumer,2025-03-02
14695,Customer_14695,Male,67,West,Consumer,2023-04-02
14696,Customer_14696,Female,65,South,Small Business,2022-12-19
14697,Customer_14697,Female,69,Central,Consumer,2022-12-10
14698,Customer_14698,Female,39,South,Consumer,2025-01-22
14699,Customer_14699,Male,21,South,Consumer,2025-11-06
14700,Customer_14700,Unknown,69,North,Consumer,2024-02-01
14701,Customer_14701,Male,23,East,Small Business,2025-08-11
14702,Customer_14702,Male,55,East,Consumer,2022-07-17
14703,Customer_14703,Female,43,East,Consumer,2022-03-20
14704,Customer_14704,Female,28,West,Consumer,2023-11-09
14705,Customer_14705,Male,43,East,Consumer,2023-07-05
14706,Customer_14706,Male,34,East,Consumer,2024-03-30
14707,Customer_14707,Female,41,Central,Small Business,2022-08-02
14708,Customer_14708,Male,45,South,Consumer,2023-10-31
14709,Customer_14709,Female,52,South,Small Business,2024-09-15
14710,Customer_14710,Female,48,West,Small Business,2024-06-12
14711,Customer_14711,Male,30,East,Small Business,2022-06-08
14712,Customer_14712,Male,52,North,Consumer,2024-01-09
14713,Customer_14713,Male,33,South,Consumer,2023-07-11
14714,Customer_14714,Female,32,East,Enterprise,2022-07-20
14715,Customer_14715,Female,60,East,Small Business,2022-01-22
14716,Customer_14716,Male,35,North,Small Business,2025-09-24
14717,Customer_14717,Female,64,Central,Consumer,2025-06-19
14718,Customer_14718,Unknown,54,West,Consumer,2025-06-15
14719,Customer_14719,Male,65,East,Small Business,2025-03-18
14720,Customer_14720,Female,65,West,Consumer,2024-02-24
14721,Customer_14721,Male,66,Central,Consumer,2022-01-07
14722,Customer_14722,Male,58,North,Consumer,2025-06-10
14723,Customer_14723,Male,44,South,Consumer,2024-03-14
14724,Customer_14724,Male,52,East,Consumer,2024-02-07
14725,Customer_14725,Male,69,West,Consumer,2023-08-02
14726,Customer_14726,Male,62,North,Consumer,2025-01-05
14727,Customer_14727,Female,52,Central,Consumer,2023-05-04
14728,Customer_14728,Female,45,East,Consumer,2024-07-14
14729,Customer_14729,Female,56,South,Consumer,2022-03-28
14730,Customer_14730,Male,55,South,Small Business,2022-08-10
14731,Customer_14731,Male,26,North,Consumer,2023-02-17
14732,Customer_14732,Male,29,West,Consumer,2023-08-07
14733,Customer_14733,Female,32,Central,Small Business,2022-07-21
14734,Customer_14734,Female,38,East,Enterprise,2023-07-25
14735,Customer_14735,Male,69,Central,Consumer,2025-07-23
14736,Customer_14736,Male,52,West,Consumer,2022-08-09
14737,Customer_14737,Female,59,East,Consumer,2022-06-06
14738,Customer_14738,Male,50,West,Consumer,2025-04-19
14739,Customer_14739,Male,68,East,Small Business,2022-05-09
14740,Customer_14740,Female,36,East,Enterprise,2025-06-20
14741,Customer_14741,Female,40,North,Enterprise,2025-04-10
14742,Customer_14742,Male,30,West,Consumer,2024-05-26
14743,Customer_14743,Male,61,North,Consumer,2022-09-27
14744,Customer_14744,Unknown,18,West,Enterprise,2025-12-15
14745,Customer_14745,Male,68,West,Consumer,2022-06-12
14746,Customer_14746,Male,46,South,Consumer,2024-08-12
14747,Customer_14747,Male,41,South,Small Business,2022-01-24
14748,Customer_14748,Male,33,East,Consumer,2023-05-12
14749,Customer_14749,Male,42,East,Consumer,2022-07-12
14750,Customer_14750,Female,40,South,Small Business,2024-05-27
14751,Customer_14751,Male,45,East,Consumer,2023-01-25
14752,Customer_14752,Male,64,South,Consumer,2023-05-12
14753,Customer_14753,Female,33,North,Consumer,2024-08-21
14754,Customer_14754,Female,60,North,Consumer,2024-03-16
14755,Customer_14755,Female,55,North,Consumer,2022-05-09
14756,Customer_14756,Female,28,West,Consumer,2024-10-17
14757,Customer_14757,Male,20,Central,Consumer,2023-07-07
14758,Customer_14758,Female,32,East,Small Business,2024-11-25
14759,Customer_14759,Male,18,East,Consumer,2022-12-27
14760,Customer_14760,Unknown,24,North,Small Business,2024-02-04
14761,Customer_14761,Female,18,East,Consumer,2025-05-23
14762,Customer_14762,Unknown,66,North,Small Business,2022-10-14
14763,Customer_14763,Female,49,East,Consumer,2024-02-07
14764,Customer_14764,Male,26,Central,Consumer,2024-07-13
14765,Customer_14765,Female,46,North,Small Business,2023-01-04
14766,Customer_14766,Unknown,43,West,Consumer,2024-06-17
14767,Customer_14767,Female,40,North,Consumer,2025-04-24
14768,Customer_14768,Male,62,South,Consumer,2024-12-20
14769,Customer_14769,Female,60,North,Small Business,2022-09-19
14770,Customer_14770,Male,46,South,Consumer,2024-02-27
14771,Customer_14771,Male,69,North,Consumer,2022-04-21
14772,Customer_14772,Male,55,South,Consumer,2024-07-30
14773,Customer_14773,Male,50,East,Consumer,2022-05-21
14774,Customer_14774,Female,24,South,Consumer,2024-01-15
14775,Customer_14775,Male,29,West,Consumer,2023-06-19
14776,Customer_14776,Female,48,Central,Consumer,2022-03-20
14777,Customer_14777,Male,49,East,Consumer,2024-11-20
14778,Customer_14778,Male,37,North,Small Business,2023-05-24
14779,Customer_14779,Male,68,South,Small Business,2024-08-28
14780,Customer_14780,Male,34,Central,Small Business,2022-03-07
14781,Customer_14781,Male,53,East,Consumer,2025-10-26
14782,Customer_14782,Male,20,East,Enterprise,2022-10-14
14783,Customer_14783,Female,18,North,Consumer,2025-04-14
14784,Customer_14784,Male,67,East,Enterprise,2022-05-03
14785,Customer_14785,Male,44,South,Consumer,2025-06-08
14786,Customer_14786,Male,64,Central,Consumer,2023-07-09
14787,Customer_14787,Female,57,Central,Consumer,2024-09-30
14788,Customer_14788,Female,50,North,Consumer,2022-01-04
14789,Customer_14789,Female,37,East,Small Business,2023-02-16
14790,Customer_14790,Male,31,South,Small Business,2022-09-07
14791,Customer_14791,Male,53,East,Enterprise,2025-09-30
14792,Customer_14792,Other,22,Central,Consumer,2025-09-18
14793,Customer_14793,Male,40,East,Consumer,2023-03-29
14794,Customer_14794,Male,62,South,Consumer,2022-06-07
14795,Customer_14795,Male,32,South,Enterprise,2024-04-16
14796,Customer_14796,Male,23,West,Consumer,2024-10-10
14797,Customer_14797,Male,50,East,Small Business,2025-07-17
14798,Customer_14798,Female,36,East,Consumer,2025-12-12
14799,Customer_14799,Male,30,South,Consumer,2024-11-18
14800,Customer_14800,Female,46,South,Enterprise,2024-09-04
14801,Customer_14801,Male,23,Central,Consumer,2022-12-01
14802,Customer_14802,Male,32,East,Consumer,2025-06-15
14803,Customer_14803,Female,33,East,Consumer,2022-06-02
14804,Customer_14804,Male,41,East,Small Business,2024-01-19
14805,Customer_14805,Female,40,West,Consumer,2024-04-13
14806,Customer_14806,Female,65,South,Consumer,2025-02-12
14807,Customer_14807,Male,27,North,Consumer,2024-03-18
14808,Customer_14808,Other,58,East,Consumer,2024-01-28
14809,Customer_14809,Male,58,West,Consumer,2025-11-23
14810,Customer_14810,Female,66,West,Consumer,2024-11-21
14811,Customer_14811,Male,34,Central,Enterprise,2023-06-16
14812,Customer_14812,Female,66,South,Enterprise,2022-02-22
14813,Customer_14813,Male,61,North,Consumer,2023-12-19
14814,Customer_14814,Female,62,Central,Small Business,2025-05-03
14815,Customer_14815,Female,47,East,Consumer,2025-08-21
14816,Customer_14816,Female,61,East,Consumer,2022-12-11
14817,Customer_14817,Female,63,West,Consumer,2025-01-10
14818,Customer_14818,Female,27,East,Consumer,2022-01-01
14819,Customer_14819,Female,36,South,Consumer,2022-06-16
14820,Customer_14820,Male,46,West,Consumer,2022-11-13
14821,Customer_14821,Male,19,West,Small Business,2025-04-21
14822,Customer_14822,Male,53,East,Consumer,2024-08-22
14823,Customer_14823,Male,36,East,Small Business,2024-06-16
14824,Customer_14824,Male,24,North,Consumer,2022-09-30
14825,Customer_14825,Female,43,North,Consumer,2023-01-08
14826,Customer_14826,Male,32,South,Consumer,2025-10-17
14827,Customer_14827,Female,64,South,Consumer,2024-06-18
14828,Customer_14828,Male,55,Central,Small Business,2022-07-20
14829,Customer_14829,Male,20,West,Small Business,2025-04-30
14830,Customer_14830,Female,55,West,Consumer,2025-09-26
14831,Customer_14831,Female,33,East,Small Business,2025-08-15
14832,Customer_14832,Female,19,North,Enterprise,2022-05-20
14833,Customer_14833,Female,48,Central,Consumer,2022-11-02
14834,Customer_14834,Male,45,South,Consumer,2025-05-04
14835,Customer_14835,Female,24,North,Small Business,2024-12-20
14836,Customer_14836,Male,47,East,Consumer,2022-12-26
14837,Customer_14837,Male,60,Central,Small Business,2022-11-03
14838,Customer_14838,Male,24,Central,Consumer,2022-11-29
14839,Customer_14839,Male,53,North,Consumer,2025-01-11
14840,Customer_14840,Male,46,Central,Consumer,2022-11-30
14841,Customer_14841,Other,41,South,Consumer,2023-06-01
14842,Customer_14842,Other,69,North,Enterprise,2024-01-01
14843,Customer_14843,Male,56,West,Consumer,2024-07-12
14844,Customer_14844,Male,21,Central,Consumer,2024-02-05
14845,Customer_14845,Male,46,East,Enterprise,2025-11-18
14846,Customer_14846,Male,61,East,Consumer,2024-02-24
14847,Customer_14847,Other,22,West,Consumer,2025-11-04
14848,Customer_14848,Male,46,West,Consumer,2022-01-21
14849,Customer_14849,Female,47,Central,Consumer,2024-05-28
14850,Customer_14850,Male,46,East,Consumer,2022-06-26
14851,Customer_14851,Unknown,43,Central,Consumer,2025-10-18
14852,Customer_14852,Male,36,Central,Consumer,2022-01-22
14853,Customer_14853,Female,43,North,Enterprise,2024-04-16
14854,Customer_14854,Male,54,West,Consumer,2024-08-17
14855,Customer_14855,Female,44,East,Consumer,2023-07-02
14856,Customer_14856,Male,47,South,Consumer,2022-09-07
14857,Customer_14857,Male,68,East,Small Business,2023-10-23
14858,Customer_14858,Female,47,North,Consumer,2024-08-09
14859,Customer_14859,Female,20,East,Small Business,2025-01-01
14860,Customer_14860,Female,60,Central,Consumer,2025-01-19
14861,Customer_14861,Female,24,South,Enterprise,2025-04-14
14862,Customer_14862,Female,66,East,Consumer,2022-05-06
14863,Customer_14863,Male,26,Central,Small Business,2025-05-12
14864,Customer_14864,Male,58,East,Consumer,2025-06-23
14865,Customer_14865,Male,59,South,Small Business,2023-09-03
14866,Customer_14866,Female,30,East,Consumer,2025-07-18
14867,Customer_14867,Male,32,East,Consumer,2024-10-06
14868,Customer_14868,Male,22,East,Consumer,2022-02-13
14869,Customer_14869,Female,46,West,Small Business,2023-07-02
14870,Customer_14870,Female,52,East,Small Business,2025-04-06
14871,Customer_14871,Male,44,West,Consumer,2023-03-11
14872,Customer_14872,Male,44,East,Consumer,2024-11-19
14873,Customer_14873,Male,25,South,Consumer,2024-03-04
14874,Customer_14874,Male,49,West,Small Business,2022-12-23
14875,Customer_14875,Male,37,West,Small Business,2025-06-25
14876,Customer_14876,Female,27,East,Small Business,2022-09-10
14877,Customer_14877,Female,30,North,Consumer,2024-02-24
14878,Customer_14878,Female,46,North,Enterprise,2023-12-22
14879,Customer_14879,Male,52,South,Small Business,2025-11-06
14880,Customer_14880,Female,25,South,Consumer,2024-01-07
14881,Customer_14881,Male,46,West,Consumer,2024-06-18
14882,Customer_14882,Male,48,North,Consumer,2025-12-13
14883,Customer_14883,Female,58,West,Consumer,2022-05-03
14884,Customer_14884,Male,47,South,Consumer,2025-08-10
14885,Customer_14885,Male,39,South,Consumer,2023-11-16
14886,Customer_14886,Female,38,East,Consumer,2022-05-23
14887,Customer_14887,Male,29,South,Consumer,2024-09-29
14888,Customer_14888,Female,28,Central,Consumer,2024-07-26
14889,Customer_14889,Male,19,North,Consumer,2023-05-26
14890,Customer_14890,Female,67,East,Small Business,2022-02-26
14891,Customer_14891,Male,58,West,Consumer,2022-02-11
14892,Customer_14892,Male,19,East,Consumer,2024-03-31
14893,Customer_14893,Female,51,South,Consumer,2025-02-18
14894,Customer_14894,Male,20,East,Small Business,2022-12-09
14895,Customer_14895,Male,33,West,Small Business,2022-11-28
14896,Customer_14896,Male,68,Central,Consumer,2025-12-31
14897,Customer_14897,Male,21,Central,Enterprise,2022-12-07
14898,Customer_14898,Male,40,South,Consumer,2022-12-07
14899,Customer_14899,Male,67,Central,Enterprise,2025-12-10
14900,Customer_14900,Female,37,North,Consumer,2024-04-28
14901,Customer_14901,Male,42,North,Consumer,2022-07-01
14902,Customer_14902,Female,47,West,Consumer,2024-09-10
14903,Customer_14903,Male,35,North,Consumer,2025-07-11
14904,Customer_14904,Male,59,North,Consumer,2025-05-18
14905,Customer_14905,Female,28,South,Small Business,2023-06-07
14906,Customer_14906,Male,46,East,Small Business,2022-07-01
14907,Customer_14907,Other,34,West,Consumer,2022-09-08
14908,Customer_14908,Male,43,East,Consumer,2022-05-18
14909,Customer_14909,Female,40,South,Consumer,2025-05-26
14910,Customer_14910,Female,69,East,Consumer,2024-01-21
14911,Customer_14911,Female,65,Central,Consumer,2023-03-30
14912,Customer_14912,Female,37,West,Consumer,2024-06-01
14913,Customer_14913,Female,62,South,Small Business,2022-03-28
14914,Customer_14914,Male,19,Central,Consumer,2022-10-20
14915,Customer_14915,Male,41,West,Consumer,2022-04-02
14916,Customer_14916,Female,48,North,Consumer,2022-07-27
14917,Customer_14917,Male,44,North,Consumer,2025-05-12
14918,Customer_14918,Male,19,North,Consumer,2022-07-05
14919,Customer_14919,Female,31,West,Small Business,2025-01-13
14920,Customer_14920,Male,21,North,Consumer,2022-06-05
14921,Customer_14921,Other,66,East,Consumer,2022-10-20
14922,Customer_14922,Female,30,North,Small Business,2023-06-17
14923,Customer_14923,Female,53,Central,Consumer,2022-06-10
14924,Customer_14924,Female,52,South,Small Business,2025-11-10
14925,Customer_14925,Male,61,Central,Consumer,2024-04-30
14926,Customer_14926,Male,25,Central,Consumer,2022-06-05
14927,Customer_14927,Male,19,North,Small Business,2022-05-23
14928,Customer_14928,Male,23,East,Small Business,2025-07-31
14929,Customer_14929,Female,48,North,Consumer,2023-07-16
14930,Customer_14930,Female,27,Central,Consumer,2022-02-04
14931,Customer_14931,Male,61,East,Small Business,2022-08-12
14932,Customer_14932,Male,38,North,Consumer,2023-10-30
14933,Customer_14933,Other,59,North,Consumer,2023-01-28
14934,Customer_14934,Male,27,South,Small Business,2023-02-12
14935,Customer_14935,Female,40,Central,Consumer,2025-11-12
14936,Customer_14936,Male,20,West,Small Business,2022-10-24
14937,Customer_14937,Female,49,Central,Small Business,2022-11-19
14938,Customer_14938,Female,37,South,Small Business,2022-02-08
14939,Customer_14939,Female,27,North,Small Business,2023-05-20
14940,Customer_14940,Female,46,Central,Consumer,2024-01-23
14941,Customer_14941,Male,58,North,Consumer,2025-09-01
14942,Customer_14942,Male,69,Central,Consumer,2025-02-14
14943,Customer_14943,Female,68,South,Small Business,2025-09-27
14944,Customer_14944,Male,63,North,Small Business,2022-08-28
14945,Customer_14945,Female,51,West,Consumer,2023-11-18
14946,Customer_14946,Other,54,Central,Consumer,2024-01-10
14947,Customer_14947,Female,37,Central,Enterprise,2024-09-23
14948,Customer_14948,Female,25,North,Consumer,2023-05-02
14949,Customer_14949,Female,24,North,Consumer,2024-02-04
14950,Customer_14950,Female,23,East,Small Business,2025-12-05
14951,Customer_14951,Male,28,East,Enterprise,2023-09-15
14952,Customer_14952,Male,61,West,Small Business,2024-01-06
14953,Customer_14953,Male,35,North,Small Business,2022-10-25
14954,Customer_14954,Female,68,Central,Consumer,2024-12-11
14955,Customer_14955,Male,59,East,Small Business,2024-01-03
14956,Customer_14956,Female,46,West,Consumer,2024-09-27
14957,Customer_14957,Male,42,East,Small Business,2022-10-31
14958,Customer_14958,Female,38,East,Consumer,2025-08-04
14959,Customer_14959,Male,63,Central,Consumer,2023-10-26
14960,Customer_14960,Female,20,East,Consumer,2024-06-17
14961,Customer_14961,Female,35,Central,Consumer,2025-02-15
14962,Customer_14962,Male,41,Central,Small Business,2025-12-18
14963,Customer_14963,Male,64,West,Enterprise,2024-03-01
14964,Customer_14964,Female,55,East,Small Business,2023-10-09
14965,Customer_14965,Female,27,North,Small Business,2022-07-28
14966,Customer_14966,Male,44,North,Consumer,2025-02-24
14967,Customer_14967,Other,29,South,Small Business,2025-08-09
14968,Customer_14968,Female,24,North,Small Business,2023-06-03
14969,Customer_14969,Other,34,South,Small Business,2025-05-30
14970,Customer_14970,Male,18,South,Consumer,2022-03-18
14971,Customer_14971,Female,67,South,Consumer,2022-12-04
14972,Customer_14972,Female,43,East,Small Business,2024-05-12
14973,Customer_14973,Female,32,North,Consumer,2024-07-01
14974,Customer_14974,Female,68,North,Small Business,2025-07-22
14975,Customer_14975,Male,50,West,Enterprise,2024-03-17
14976,Customer_14976,Male,54,East,Consumer,2025-02-14
14977,Customer_14977,Male,64,East,Small Business,2025-08-08
14978,Customer_14978,Male,48,East,Small Business,2025-07-18
14979,Customer_14979,Male,52,West,Small Business,2025-03-26
14980,Customer_14980,Male,18,East,Consumer,2023-07-26
14981,Customer_14981,Unknown,25,East,Small Business,2025-04-22
14982,Customer_14982,Male,29,Central,Consumer,2023-02-28
14983,Customer_14983,Female,36,West,Consumer,2023-11-04
14984,Customer_14984,Female,42,East,Small Business,2024-11-05
14985,Customer_14985,Female,49,East,Small Business,2024-07-14
14986,Customer_14986,Male,29,North,Small Business,2022-04-08
14987,Customer_14987,Female,30,East,Consumer,2022-10-27
14988,Customer_14988,Female,45,Central,Consumer,2024-01-17
14989,Customer_14989,Female,18,East,Enterprise,2025-12-16
14990,Customer_14990,Female,68,Central,Consumer,2025-08-23
14991,Customer_14991,Unknown,23,East,Small Business,2022-10-01
14992,Customer_14992,Female,25,Central,Small Business,2022-09-18
14993,Customer_14993,Male,21,East,Small Business,2025-06-16
14994,Customer_14994,Female,22,North,Consumer,2024-07-24
14995,Customer_14995,Male,42,East,Small Business,2022-11-28
14996,Customer_14996,Female,39,South,Small Business,2022-04-25
14997,Customer_14997,Male,45,North,Consumer,2022-09-25
14998,Customer_14998,Male,56,West,Consumer,2022-01-12
14999,Customer_14999,Female,40,South,Consumer,2022-03-14
15000,Customer_15000,Female,21,West,Consumer,2024-10-12
