ReturnID,OrderID,ReturnDate,ReturnReason,RefundAmount
900001,500015,2026-03-25,Poor Quality,1837.71
900002,500021,2025-04-07,Poor Quality,401.35
900003,500030,2025-08-30,Late Delivery,8941.83
900004,500042,2026-06-05,Poor Quality,1124.53
900005,500048,2026-03-08,Not as Described,560.74
900006,500049,2026-02-10,Damaged,47.17
900007,500055,2025-05-03,Poor Quality,2211.1
900008,500079,2025-09-24,Late Delivery,506.3
900009,500098,2025-09-07,Damaged,2928.95
900010,500110,2026-07-02,Changed Mind,599.09
900011,500135,2026-01-28,Poor Quality,1359.77
900012,500140,2025-04-05,Damaged,1540.73
900013,500142,2026-02-16,Damaged,234.88
900014,500155,2025-06-07,Poor Quality,376.02
900015,500176,2025-12-06,Damaged,365.05
900016,500178,2026-02-10,Damaged,916.17
900017,500186,2025-10-16,Poor Quality,525.46
900018,500196,2025-11-21,Not as Described,545.47
900019,500232,2025-10-12,Poor Quality,1191.45
900020,500237,2025-09-20,Poor Quality,296.28
900021,500256,2026-05-30,Wrong Product,664.37
900022,500273,2025-04-12,Poor Quality,2596.48
900023,500275,2025-02-04,Poor Quality,656.82
900024,500282,2025-01-25,Poor Quality,712.49
900025,500284,2025-01-25,Not as Described,2810.95
900026,500295,2025-02-01,Not as Described,1979.74
900027,500311,2026-06-27,Poor Quality,2029.62
900028,500316,2025-07-21,Poor Quality,8076.52
900029,500318,2025-02-03,Poor Quality,3092.53
900030,500337,2025-04-05,Late Delivery,2234.32
900031,500344,2026-02-09,Poor Quality,2677.62
900032,500345,2026-04-01,Late Delivery,634.79
900033,500346,2025-07-26,Not as Described,264.74
900034,500365,2026-03-04,Changed Mind,630.15
900035,500392,2025-06-14,Not as Described,1797.62
900036,500398,2025-02-18,Poor Quality,183.14
900037,500405,2025-03-29,Unknown,396.46
900038,500417,2025-04-10,Poor Quality,759.37
900039,500418,2026-01-05,Wrong Product,2530.63
900040,500445,2026-04-18,Late Delivery,229.67
900041,500478,2025-02-08,Wrong Product,1983.6
900042,500495,2026-01-15,Poor Quality,1175.26
900043,500504,2026-02-09,Not as Described,1056.99
900044,500512,2025-02-11,Poor Quality,896.02
900045,500523,2025-12-04,Late Delivery,860.75
900046,500527,2026-04-08,Poor Quality,1183.18
900047,500531,2026-06-27,Late Delivery,246.52
900048,500551,2026-04-12,Wrong Product,5706.56
900049,500561,2025-10-06,Poor Quality,2018.14
900050,500565,2025-07-08,Poor Quality,1631.4
900051,500576,2025-11-02,Not as Described,710.9
900052,500593,2025-10-24,Poor Quality,12333.73
900053,500598,2025-11-01,Poor Quality,3408.22
900054,500614,2026-01-06,Damaged,309.36
900055,500627,2025-12-20,Wrong Product,686.94
900056,500630,2025-09-07,Changed Mind,834.75
900057,500643,2026-04-06,Poor Quality,891.29
900058,500650,2026-03-01,Poor Quality,1441.1
900059,500671,2025-09-28,Late Delivery,2274.61
900060,500703,2025-06-09,Late Delivery,582.89
900061,500714,2025-10-29,Poor Quality,345.89
900062,500726,2025-03-17,Late Delivery,197.3
900063,500731,2026-04-15,Wrong Product,1946.9
900064,500743,2025-06-30,Changed Mind,1190.05
900065,500744,2026-02-19,Late Delivery,1738.01
900066,500771,2025-03-30,Damaged,4001.58
900067,500795,2025-09-25,Wrong Product,745.98
900068,500802,2026-04-19,Late Delivery,1608.38
900069,500815,2025-08-27,Poor Quality,1694.07
900070,500840,2026-01-27,Poor Quality,1444.99
900071,500854,2025-09-11,Wrong Product,2933.38
900072,500860,2025-03-05,Poor Quality,726.33
900073,500864,2025-12-24,Not as Described,2008.95
900074,500891,2025-04-15,Not as Described,223.9
900075,500922,2025-11-28,Poor Quality,623.05
900076,500947,2026-04-24,Changed Mind,2255.47
900077,500950,2025-05-18,Poor Quality,740.4
900078,500956,2025-09-07,Not as Described,2649.41
900079,500969,2025-03-18,Changed Mind,743.09
900080,500971,2026-03-03,Late Delivery,1442.88
900081,500972,2025-12-17,Wrong Product,4801.23
900082,500983,2025-12-30,Changed Mind,1457.15
900083,501011,2026-03-11,Wrong Product,3972.6
900084,501039,2026-04-24,Not as Described,961.8
900085,501043,2025-03-05,Changed Mind,911.93
900086,501044,2026-02-15,Poor Quality,2060.97
900087,501068,2025-09-09,Not as Described,1984.89
900088,501072,2025-08-15,Not as Described,1918.73
900089,501090,2025-03-15,Damaged,6146.86
900090,501093,2025-03-03,Wrong Product,156.92
900091,501094,2025-08-05,Changed Mind,631.75
900092,501101,2025-02-13,Unknown,811.05
900093,501106,2026-03-17,Late Delivery,905.43
900094,501107,2025-02-11,Late Delivery,258.77
900095,501152,2026-07-15,Late Delivery,522.18
900096,501162,2025-02-21,Wrong Product,2591.82
900097,501163,2026-03-27,Damaged,258.69
900098,501177,2025-02-16,Damaged,402.2
900099,501182,2025-09-07,Poor Quality,1084.01
900100,501209,2026-01-09,Late Delivery,3498.33
900101,501237,2025-03-07,Poor Quality,96.73
900102,501238,2026-03-23,Late Delivery,2386.66
900103,501260,2025-10-02,Late Delivery,2306.34
900104,501269,2025-03-18,Late Delivery,1306.72
900105,501275,2026-04-22,Damaged,3669.92
900106,501283,2026-07-09,Late Delivery,196.88
900107,501292,2025-09-10,Late Delivery,3522.33
900108,501319,2025-05-19,Poor Quality,575.51
900109,501327,2025-07-23,Poor Quality,3054.48
900110,501331,2026-02-05,Changed Mind,938.89
900111,501333,2026-01-15,Poor Quality,2890.0
900112,501364,2025-04-13,Not as Described,333.24
900113,501378,2025-04-01,Poor Quality,1903.08
900114,501381,2025-09-13,Not as Described,75.96
900115,501383,2025-12-13,Wrong Product,3341.53
900116,501385,2025-05-04,Damaged,3655.64
900117,501387,2026-05-17,Not as Described,623.12
900118,501388,2025-10-15,Not as Described,2284.0
900119,501399,2026-05-12,Poor Quality,217.98
900120,501402,2026-05-25,Poor Quality,755.83
900121,501407,2025-03-03,Late Delivery,843.38
900122,501410,2026-02-28,Changed Mind,517.49
900123,501413,2026-05-25,Poor Quality,556.29
900124,501422,2026-04-11,Damaged,468.03
900125,501423,2025-03-01,Poor Quality,1029.12
900126,501428,2025-02-10,Late Delivery,581.6
900127,501440,2025-07-11,Damaged,463.9
900128,501445,2026-06-20,Damaged,1923.8
900129,501446,2025-01-09,Changed Mind,66.82
900130,501454,2025-12-25,Damaged,944.44
900131,501480,2025-09-22,Poor Quality,703.96
900132,501490,2026-04-27,Late Delivery,1526.66
900133,501510,2025-11-23,Not as Described,2642.88
900134,501514,2026-05-11,Poor Quality,3578.3
900135,501533,2026-04-07,Damaged,5189.95
900136,501545,2025-11-22,Unknown,289.72
900137,501562,2025-03-09,Wrong Product,228.94
900138,501565,2026-01-05,Damaged,2457.35
900139,501569,2025-11-13,Poor Quality,1950.65
900140,501574,2025-06-11,Wrong Product,3622.69
900141,501575,2025-04-21,Not as Described,525.16
900142,501580,2025-03-10,Poor Quality,1189.9
900143,501581,2026-06-11,Poor Quality,327.91
900144,501586,2026-01-12,Changed Mind,2092.51
900145,501588,2026-06-17,Damaged,2011.81
900146,501595,2025-06-10,Wrong Product,1056.86
900147,501600,2025-02-02,Damaged,591.95
900148,501636,2026-01-04,Not as Described,6832.97
900149,501642,2026-02-08,Poor Quality,1250.44
900150,501651,2025-09-09,Late Delivery,3716.29
900151,501662,2026-03-12,Damaged,1596.04
900152,501669,2026-05-29,Unknown,80.81
900153,501679,2025-08-10,Not as Described,170.19
900154,501685,2026-01-22,Poor Quality,3704.23
900155,501691,2026-06-15,Wrong Product,1038.41
900156,501717,2025-02-11,Damaged,837.19
900157,501718,2025-08-08,Damaged,16886.18
900158,501719,2025-09-02,Damaged,1379.72
900159,501729,2026-04-07,Poor Quality,414.94
900160,501737,2026-01-29,Damaged,398.49
900161,501745,2026-03-22,Late Delivery,2517.52
900162,501762,2026-01-08,Poor Quality,1470.81
900163,501766,2025-10-06,Changed Mind,660.21
900164,501781,2025-05-01,Not as Described,578.33
900165,501804,2026-04-17,Poor Quality,145.17
900166,501814,2026-02-19,Late Delivery,698.42
900167,501817,2025-07-12,Poor Quality,445.13
900168,501830,2026-05-09,Wrong Product,918.38
900169,501881,2026-06-19,Damaged,3268.1
900170,501883,2026-06-02,Damaged,2301.65
900171,501885,2025-07-13,Damaged,6007.59
900172,501887,2025-04-14,Damaged,522.23
900173,501910,2025-03-09,Poor Quality,6052.74
900174,501920,2026-03-14,Damaged,67.07
900175,501926,2026-07-27,Changed Mind,617.04
900176,501949,2026-04-30,Poor Quality,3078.09
900177,501951,2025-04-16,Late Delivery,1348.17
900178,501971,2025-12-23,Damaged,675.09
900179,502001,2025-07-25,Damaged,8315.59
900180,502017,2026-02-21,Wrong Product,467.44
900181,502020,2025-06-29,Wrong Product,613.56
900182,502021,2026-06-19,Poor Quality,794.42
900183,502024,2025-03-04,Not as Described,1738.52
900184,502033,2025-07-16,Not as Described,594.87
900185,502059,2025-12-09,Late Delivery,47.69
900186,502078,2026-06-11,Changed Mind,1947.03
900187,502103,2025-02-02,Wrong Product,12025.39
900188,502124,2026-05-31,Wrong Product,848.48
900189,502160,2025-10-26,Unknown,1473.92
900190,502169,2025-12-17,Poor Quality,387.89
900191,502174,2026-03-17,Changed Mind,227.92
900192,502179,2025-10-22,Poor Quality,359.68
900193,502186,2025-02-04,Wrong Product,3062.68
900194,502190,2026-03-12,Late Delivery,324.34
900195,502209,2026-01-19,Damaged,3408.41
900196,502212,2026-01-19,Not as Described,212.25
900197,502220,2026-03-30,Wrong Product,194.33
900198,502222,2025-08-10,Poor Quality,894.69
900199,502277,2025-03-12,Changed Mind,1326.49
900200,502288,2025-12-26,Not as Described,16528.01
900201,502295,2025-07-25,Late Delivery,632.88
900202,502308,2025-09-24,Changed Mind,3487.41
900203,502319,2025-07-29,Poor Quality,3559.3
900204,502328,2025-02-16,Poor Quality,943.32
900205,502331,2025-01-28,Not as Described,314.92
900206,502350,2026-06-28,Wrong Product,7219.02
900207,502378,2025-11-01,Changed Mind,3444.1
900208,502380,2026-01-30,Late Delivery,3336.39
900209,502381,2026-01-02,Late Delivery,2052.84
900210,502391,2025-06-03,Damaged,1173.75
900211,502396,2025-11-18,Poor Quality,1722.54
900212,502398,2025-06-29,Not as Described,839.42
900213,502412,2025-02-25,Poor Quality,840.43
900214,502413,2026-03-29,Damaged,1414.55
900215,502432,2025-01-25,Late Delivery,941.72
900216,502437,2026-03-07,Poor Quality,2148.5
900217,502444,2025-01-20,Wrong Product,86.9
900218,502461,2026-04-28,Not as Described,1019.52
900219,502466,2026-06-09,Changed Mind,498.4
900220,502469,2026-05-28,Wrong Product,1581.68
900221,502479,2025-04-04,Damaged,1843.72
900222,502507,2026-05-30,Damaged,833.34
900223,502509,2026-01-24,Changed Mind,1661.44
900224,502520,2025-03-17,Wrong Product,2244.76
900225,502535,2025-09-01,Poor Quality,5766.32
900226,502552,2026-01-21,Changed Mind,1243.41
900227,502561,2026-06-30,Poor Quality,1018.37
900228,502564,2025-11-13,Poor Quality,2115.09
900229,502566,2026-06-21,Changed Mind,1515.3
900230,502568,2025-09-15,Not as Described,6074.46
900231,502584,2025-07-12,Damaged,1011.08
900232,502586,2025-03-13,Not as Described,1315.97
900233,502587,2025-09-30,Wrong Product,2446.28
900234,502599,2025-12-02,Wrong Product,1143.55
900235,502623,2026-04-12,Damaged,665.47
900236,502625,2025-03-02,Poor Quality,1842.42
900237,502629,2025-03-05,Not as Described,295.52
900238,502637,2026-01-04,Wrong Product,1542.92
900239,502639,2025-12-26,Damaged,173.54
900240,502653,2026-03-31,Late Delivery,2762.55
900241,502677,2025-08-14,Not as Described,678.9
900242,502680,2025-08-02,Poor Quality,680.69
900243,502692,2025-06-28,Unknown,2468.03
900244,502697,2026-07-01,Wrong Product,1176.6
900245,502706,2025-09-29,Poor Quality,584.47
900246,502742,2025-11-06,Changed Mind,389.87
900247,502754,2026-06-14,Changed Mind,534.05
900248,502795,2025-05-26,Damaged,226.19
900249,502807,2025-12-04,Damaged,351.56
900250,502825,2025-12-19,Unknown,1179.96
900251,502826,2025-10-05,Unknown,803.78
900252,502840,2026-06-09,Damaged,3638.88
900253,502850,2025-12-03,Damaged,1059.14
900254,502865,2026-04-18,Poor Quality,999.4
900255,502877,2025-05-17,Poor Quality,1517.2
900256,502880,2026-03-22,Late Delivery,542.69
900257,502911,2025-12-02,Poor Quality,3784.12
900258,502915,2025-12-30,Wrong Product,2457.31
900259,502916,2026-06-22,Wrong Product,950.41
900260,502917,2026-05-26,Poor Quality,1000.69
900261,502919,2025-12-13,Poor Quality,2561.03
900262,502925,2026-06-28,Wrong Product,284.84
900263,502940,2026-07-13,Changed Mind,746.88
900264,502946,2025-08-29,Poor Quality,2397.08
900265,502950,2025-11-08,Not as Described,1396.76
900266,502956,2026-05-24,Poor Quality,761.5
900267,502960,2025-08-26,Changed Mind,1114.24
900268,502962,2026-01-29,Changed Mind,1329.48
900269,502967,2025-05-02,Wrong Product,425.03
900270,502979,2026-04-26,Not as Described,3031.93
900271,502980,2026-07-07,Poor Quality,6475.47
900272,502982,2026-01-02,Wrong Product,1407.6
900273,502984,2025-03-13,Not as Described,3968.95
900274,502990,2025-02-28,Wrong Product,1437.67
900275,503027,2026-03-14,Poor Quality,588.84
900276,503029,2026-01-12,Wrong Product,3709.48
900277,503030,2026-06-19,Changed Mind,1124.17
900278,503041,2025-02-21,Damaged,301.58
900279,503046,2026-04-03,Poor Quality,441.62
900280,503056,2026-04-21,Not as Described,279.62
900281,503061,2026-07-20,Wrong Product,5897.29
900282,503065,2025-06-30,Changed Mind,974.25
900283,503066,2026-01-14,Wrong Product,3201.43
900284,503087,2025-12-08,Changed Mind,3888.75
900285,503094,2026-06-01,Poor Quality,1172.63
900286,503108,2026-03-19,Changed Mind,1802.04
900287,503110,2026-02-20,Poor Quality,909.63
900288,503123,2025-03-14,Changed Mind,7273.79
900289,503139,2026-02-08,Poor Quality,2135.96
900290,503141,2026-07-01,Late Delivery,1380.41
900291,503143,2025-02-05,Changed Mind,3662.27
900292,503144,2025-04-03,Poor Quality,282.1
900293,503152,2025-04-24,Changed Mind,1264.04
900294,503162,2025-07-15,Changed Mind,906.67
900295,503169,2025-10-30,Late Delivery,827.72
900296,503174,2026-03-26,Damaged,93.09
900297,503178,2025-12-16,Late Delivery,827.81
900298,503182,2025-07-19,Changed Mind,915.81
900299,503184,2025-09-20,Wrong Product,4311.37
900300,503185,2025-10-09,Damaged,1305.34
900301,503189,2025-05-13,Poor Quality,3850.99
900302,503204,2026-01-23,Not as Described,1607.54
900303,503206,2026-03-07,Late Delivery,196.44
900304,503207,2026-04-17,Not as Described,1659.63
900305,503227,2026-04-10,Poor Quality,173.08
900306,503229,2026-01-30,Not as Described,11310.63
900307,503244,2026-02-12,Damaged,1527.54
900308,503258,2026-04-14,Damaged,1817.32
900309,503263,2026-01-04,Not as Described,8460.04
900310,503265,2025-06-27,Poor Quality,485.88
900311,503269,2026-02-23,Unknown,80.86
900312,503285,2025-01-19,Poor Quality,3765.4
900313,503286,2025-06-07,Damaged,882.66
900314,503290,2026-04-15,Wrong Product,2703.69
900315,503292,2026-06-30,Not as Described,576.73
900316,503294,2025-03-25,Damaged,341.85
900317,503298,2026-03-28,Poor Quality,413.18
900318,503320,2025-05-20,Poor Quality,611.39
900319,503357,2025-01-27,Damaged,423.7
900320,503362,2025-09-16,Not as Described,521.57
900321,503374,2026-05-20,Poor Quality,643.35
900322,503378,2025-11-06,Poor Quality,2330.96
900323,503380,2025-08-18,Poor Quality,371.65
900324,503400,2026-03-08,Late Delivery,292.96
900325,503419,2025-08-02,Late Delivery,2306.28
900326,503425,2025-08-28,Poor Quality,2414.77
900327,503436,2026-02-24,Poor Quality,2074.82
900328,503441,2025-06-11,Not as Described,803.92
900329,503457,2026-01-08,Wrong Product,464.48
900330,503459,2025-12-10,Not as Described,665.11
900331,503475,2026-06-21,Changed Mind,4107.37
900332,503477,2026-03-05,Poor Quality,576.9
900333,503480,2025-09-29,Poor Quality,2698.27
900334,503492,2026-03-26,Damaged,4368.25
900335,503532,2025-05-11,Wrong Product,1180.68
900336,503571,2026-03-11,Not as Described,2449.45
900337,503575,2025-07-13,Damaged,1674.06
900338,503586,2025-12-24,Damaged,3298.92
900339,503596,2025-05-08,Poor Quality,209.14
900340,503614,2025-03-26,Damaged,2538.41
900341,503625,2025-01-10,Not as Described,2342.25
900342,503636,2025-04-19,Wrong Product,1886.63
900343,503642,2025-10-25,Poor Quality,751.75
900344,503653,2026-06-20,Poor Quality,390.76
900345,503684,2026-06-26,Changed Mind,2416.54
900346,503707,2026-01-01,Not as Described,1462.34
900347,503730,2026-01-23,Changed Mind,1789.52
900348,503732,2025-05-10,Damaged,176.28
900349,503757,2025-12-27,Wrong Product,544.37
900350,503758,2025-02-28,Changed Mind,655.24
900351,503773,2025-10-10,Poor Quality,376.98
900352,503775,2025-06-15,Not as Described,632.89
900353,503784,2025-12-27,Damaged,14365.19
900354,503807,2026-01-24,Poor Quality,768.78
900355,503810,2026-02-11,Late Delivery,821.22
900356,503816,2026-06-14,Late Delivery,786.0
900357,503833,2025-03-15,Late Delivery,497.21
900358,503841,2025-11-18,Changed Mind,1647.17
900359,503844,2025-02-03,Poor Quality,102.08
900360,503851,2026-04-15,Wrong Product,1614.03
900361,503852,2025-03-27,Not as Described,311.27
900362,503870,2025-07-18,Damaged,2541.6
900363,503873,2025-03-16,Damaged,1254.47
900364,503882,2026-05-15,Changed Mind,319.18
900365,503883,2025-12-28,Late Delivery,3064.2
900366,503899,2025-01-21,Not as Described,2028.93
900367,503901,2025-11-24,Not as Described,1236.22
900368,503940,2025-11-22,Wrong Product,1004.1
900369,503947,2025-10-31,Poor Quality,321.21
900370,503959,2025-08-19,Poor Quality,6284.41
900371,503961,2025-11-02,Not as Described,2241.32
900372,503974,2025-02-10,Changed Mind,2400.67
900373,503981,2025-12-03,Not as Described,2032.33
900374,503994,2025-03-04,Wrong Product,4640.65
900375,503995,2025-12-05,Not as Described,5295.44
900376,503999,2026-02-09,Changed Mind,75.23
900377,504001,2026-04-20,Wrong Product,2595.02
900378,504010,2025-05-05,Poor Quality,1184.31
900379,504012,2026-06-09,Poor Quality,182.29
900380,504015,2025-06-26,Late Delivery,632.08
900381,504032,2025-10-19,Changed Mind,2101.46
900382,504038,2025-08-03,Poor Quality,223.89
900383,504046,2025-03-25,Damaged,694.65
900384,504061,2025-09-16,Poor Quality,1770.71
900385,504064,2025-08-09,Poor Quality,13573.98
900386,504073,2025-08-01,Late Delivery,397.23
900387,504074,2025-06-02,Poor Quality,734.21
900388,504078,2026-07-11,Poor Quality,1742.36
900389,504093,2026-02-03,Poor Quality,494.62
900390,504097,2025-03-26,Damaged,504.36
900391,504104,2026-04-23,Changed Mind,470.69
900392,504121,2025-10-29,Changed Mind,306.27
900393,504122,2025-09-02,Damaged,782.04
900394,504126,2025-07-09,Poor Quality,2709.25
900395,504133,2026-06-03,Wrong Product,930.86
900396,504138,2026-01-29,Wrong Product,2428.1
900397,504149,2026-04-24,Changed Mind,324.03
900398,504151,2025-07-10,Wrong Product,3777.64
900399,504177,2025-10-01,Damaged,1007.54
900400,504192,2025-11-18,Not as Described,1177.22
900401,504194,2026-06-23,Poor Quality,3143.94
900402,504209,2025-09-27,Not as Described,2634.79
900403,504211,2025-03-20,Late Delivery,1611.82
900404,504231,2025-10-15,Not as Described,644.1
900405,504239,2025-07-01,Not as Described,956.86
900406,504243,2025-01-25,Late Delivery,2825.39
900407,504272,2026-05-27,Damaged,1493.46
900408,504277,2026-02-18,Damaged,10227.75
900409,504299,2025-01-31,Unknown,2427.24
900410,504326,2025-04-18,Damaged,364.83
900411,504336,2025-08-04,Changed Mind,885.45
900412,504357,2026-03-27,Late Delivery,1152.1
900413,504369,2025-11-22,Damaged,1495.19
900414,504405,2025-05-13,Late Delivery,2597.9
900415,504427,2025-07-01,Late Delivery,2911.09
900416,504454,2026-03-25,Late Delivery,609.19
900417,504473,2026-01-18,Damaged,2407.67
900418,504476,2026-05-07,Late Delivery,759.65
900419,504478,2026-02-02,Damaged,6948.66
900420,504487,2025-09-04,Wrong Product,484.3
900421,504494,2025-05-29,Poor Quality,366.65
900422,504497,2026-05-29,Poor Quality,850.61
900423,504525,2025-08-16,Late Delivery,2166.82
900424,504544,2026-01-04,Not as Described,1019.34
900425,504545,2025-03-05,Poor Quality,1724.25
900426,504590,2025-08-24,Changed Mind,91.77
900427,504598,2025-02-05,Late Delivery,475.8
900428,504599,2026-04-22,Poor Quality,269.95
900429,504608,2025-06-18,Damaged,405.74
900430,504612,2025-05-18,Changed Mind,1628.02
900431,504624,2026-07-03,Not as Described,1489.33
900432,504627,2025-12-12,Poor Quality,984.2
900433,504629,2026-06-24,Changed Mind,1445.74
900434,504638,2025-08-14,Not as Described,3717.06
900435,504651,2026-05-23,Not as Described,412.91
900436,504653,2025-02-06,Wrong Product,336.41
900437,504656,2025-09-17,Poor Quality,1569.22
900438,504661,2025-04-01,Not as Described,2609.95
900439,504672,2025-07-19,Poor Quality,1732.81
900440,504680,2025-05-18,Damaged,1011.92
900441,504684,2026-03-26,Poor Quality,1078.9
900442,504698,2026-06-22,Wrong Product,142.95
900443,504709,2025-05-09,Wrong Product,271.16
900444,504713,2025-11-30,Wrong Product,616.19
900445,504714,2025-09-29,Damaged,452.11
900446,504716,2026-05-18,Late Delivery,171.59
900447,504720,2026-05-16,Wrong Product,3082.91
900448,504726,2026-06-06,Unknown,3789.33
900449,504733,2025-07-29,Late Delivery,589.22
900450,504750,2026-05-11,Late Delivery,4370.74
900451,504751,2025-01-28,Not as Described,2514.62
900452,504761,2025-12-19,Poor Quality,1233.04
900453,504770,2025-02-15,Poor Quality,253.1
900454,504784,2025-08-02,Poor Quality,273.6
900455,504802,2025-03-28,Not as Described,1058.62
900456,504810,2026-02-15,Late Delivery,544.09
900457,504815,2026-04-19,Damaged,2413.5
900458,504848,2025-08-06,Unknown,2186.0
900459,504853,2026-05-07,Late Delivery,802.81
900460,504856,2025-03-21,Not as Described,1593.44
900461,504857,2025-08-13,Changed Mind,1384.75
900462,504861,2025-09-03,Not as Described,287.98
900463,504863,2025-03-20,Not as Described,766.35
900464,504871,2025-11-05,Wrong Product,1048.22
900465,504874,2025-06-22,Changed Mind,1106.54
900466,504876,2026-01-19,Poor Quality,1523.33
900467,504891,2025-09-24,Not as Described,783.53
900468,504908,2025-05-12,Not as Described,300.06
900469,504909,2025-07-31,Damaged,302.37
900470,504941,2025-07-10,Poor Quality,236.9
900471,504983,2025-08-09,Poor Quality,1087.47
900472,504993,2025-11-12,Damaged,1479.61
900473,505004,2026-06-09,Poor Quality,667.34
900474,505018,2025-03-12,Changed Mind,4298.59
900475,505026,2025-01-25,Damaged,295.35
900476,505032,2025-03-26,Wrong Product,397.47
900477,505034,2026-06-29,Poor Quality,2578.13
900478,505050,2025-09-29,Poor Quality,4992.36
900479,505073,2026-05-06,Poor Quality,2589.3
900480,505077,2026-05-25,Damaged,5628.34
900481,505090,2025-05-05,Late Delivery,1855.25
900482,505093,2026-04-13,Late Delivery,973.18
900483,505106,2025-05-30,Not as Described,845.38
900484,505116,2026-02-09,Not as Described,4226.77
900485,505120,2026-04-12,Late Delivery,577.88
900486,505121,2025-06-08,Not as Described,3335.16
900487,505132,2025-08-29,Not as Described,482.85
900488,505142,2026-02-17,Changed Mind,750.22
900489,505147,2026-01-04,Late Delivery,1637.39
900490,505157,2025-09-13,Wrong Product,90.22
900491,505159,2025-03-11,Late Delivery,970.42
900492,505172,2025-09-08,Poor Quality,2235.68
900493,505189,2025-02-17,Changed Mind,238.24
900494,505228,2025-12-10,Late Delivery,773.13
900495,505252,2025-08-18,Late Delivery,303.01
900496,505258,2026-06-18,Damaged,6068.86
900497,505268,2025-09-30,Changed Mind,731.01
900498,505273,2025-10-14,Damaged,3616.74
900499,505275,2025-11-27,Poor Quality,1280.0
900500,505277,2025-08-30,Changed Mind,2393.61
900501,505284,2026-07-16,Wrong Product,300.3
900502,505285,2025-10-03,Unknown,1909.65
900503,505290,2025-06-22,Late Delivery,1200.43
900504,505292,2025-02-21,Poor Quality,1941.43
900505,505293,2025-08-29,Late Delivery,704.68
900506,505299,2026-06-22,Poor Quality,690.64
900507,505308,2026-04-03,Poor Quality,215.61
900508,505334,2026-02-11,Poor Quality,1341.3
900509,505350,2025-05-15,Wrong Product,1356.85
900510,505354,2025-04-19,Poor Quality,485.22
900511,505362,2025-07-01,Unknown,511.13
900512,505374,2025-02-20,Late Delivery,806.65
900513,505376,2025-03-11,Poor Quality,1036.84
900514,505388,2025-07-13,Damaged,777.63
900515,505389,2025-02-22,Late Delivery,555.53
900516,505395,2025-10-06,Damaged,1637.58
900517,505413,2026-06-15,Late Delivery,2675.25
900518,505429,2025-08-27,Poor Quality,1761.67
900519,505434,2025-05-06,Late Delivery,669.56
900520,505440,2025-02-13,Damaged,1037.93
900521,505451,2026-05-18,Changed Mind,1068.65
900522,505453,2025-08-04,Changed Mind,1953.97
900523,505464,2025-12-10,Poor Quality,267.16
900524,505466,2025-11-17,Wrong Product,758.68
900525,505478,2025-05-30,Not as Described,301.09
900526,505489,2025-11-01,Poor Quality,1336.07
900527,505490,2025-11-17,Unknown,2244.48
900528,505497,2025-07-28,Late Delivery,620.68
900529,505509,2026-01-15,Poor Quality,767.55
900530,505510,2025-05-01,Changed Mind,690.66
900531,505532,2026-07-02,Poor Quality,2892.02
900532,505549,2025-01-19,Damaged,4228.24
900533,505551,2025-04-03,Poor Quality,1582.01
900534,505557,2025-05-21,Changed Mind,849.36
900535,505558,2025-07-27,Wrong Product,2169.05
900536,505580,2025-04-25,Poor Quality,193.4
900537,505590,2025-02-23,Changed Mind,2029.15
900538,505609,2025-07-26,Wrong Product,1050.16
900539,505624,2025-11-19,Not as Described,2016.72
900540,505625,2025-09-25,Wrong Product,3466.96
900541,505658,2025-05-29,Not as Described,2806.3
900542,505661,2025-10-01,Late Delivery,299.15
900543,505662,2025-06-11,Poor Quality,1098.45
900544,505680,2025-07-02,Not as Described,5044.98
900545,505688,2026-01-06,Late Delivery,119.52
900546,505698,2026-06-20,Poor Quality,682.59
900547,505699,2025-01-23,Not as Described,789.79
900548,505710,2025-09-05,Not as Described,111.42
900549,505724,2025-10-10,Damaged,377.15
900550,505734,2025-07-28,Unknown,1876.09
900551,505747,2025-09-11,Poor Quality,837.09
900552,505751,2026-06-16,Poor Quality,249.08
900553,505752,2026-01-13,Late Delivery,1259.86
900554,505754,2025-11-15,Changed Mind,2171.95
900555,505759,2025-09-13,Damaged,1067.46
900556,505784,2025-03-13,Changed Mind,638.18
900557,505796,2026-06-08,Poor Quality,1261.84
900558,505805,2025-03-22,Damaged,1795.48
900559,505807,2026-03-04,Wrong Product,7810.94
900560,505808,2025-07-25,Poor Quality,395.73
900561,505814,2025-04-06,Late Delivery,1032.07
900562,505829,2026-02-19,Damaged,857.25
900563,505841,2026-05-05,Poor Quality,316.08
900564,505859,2025-07-04,Poor Quality,954.28
900565,505877,2026-05-24,Poor Quality,1762.21
900566,505891,2025-05-03,Wrong Product,1679.46
900567,505894,2025-07-21,Changed Mind,15831.33
900568,505897,2026-02-16,Poor Quality,6312.53
900569,505910,2025-03-19,Changed Mind,1049.93
900570,505943,2025-08-06,Poor Quality,651.64
900571,505952,2026-05-10,Damaged,683.52
900572,505958,2025-02-07,Changed Mind,847.37
900573,505972,2026-06-05,Wrong Product,2568.24
900574,505978,2026-06-11,Damaged,1793.03
900575,505987,2025-04-09,Wrong Product,146.26
900576,506016,2026-06-17,Poor Quality,6543.64
900577,506024,2026-07-03,Not as Described,652.77
900578,506027,2025-12-03,Poor Quality,393.36
900579,506046,2025-08-31,Wrong Product,860.3
900580,506056,2025-05-24,Poor Quality,2309.36
900581,506064,2025-02-16,Damaged,906.18
900582,506070,2026-04-08,Late Delivery,945.56
900583,506102,2026-06-21,Not as Described,682.33
900584,506141,2025-10-06,Not as Described,761.4
900585,506143,2025-07-28,Poor Quality,612.55
900586,506152,2026-04-26,Poor Quality,375.71
900587,506154,2026-04-03,Damaged,480.88
900588,506161,2025-09-16,Changed Mind,277.51
900589,506175,2026-01-07,Changed Mind,538.34
900590,506183,2026-04-23,Changed Mind,1056.91
900591,506186,2025-07-16,Late Delivery,1866.71
900592,506245,2025-07-04,Unknown,794.94
900593,506288,2026-06-11,Unknown,2504.64
900594,506305,2025-07-25,Unknown,910.25
900595,506319,2025-05-18,Wrong Product,685.95
900596,506323,2026-02-20,Changed Mind,568.53
900597,506343,2025-12-12,Damaged,1574.65
900598,506345,2025-10-07,Unknown,3483.45
900599,506357,2026-02-03,Wrong Product,630.92
900600,506360,2026-05-09,Not as Described,4631.37
900601,506389,2026-03-22,Damaged,1131.95
900602,506397,2026-05-05,Late Delivery,15902.67
900603,506413,2026-02-10,Wrong Product,3085.2
900604,506420,2025-08-04,Late Delivery,8296.11
900605,506451,2026-02-22,Changed Mind,2710.28
900606,506452,2025-06-25,Wrong Product,528.18
900607,506483,2025-03-25,Damaged,458.12
900608,506500,2025-11-02,Changed Mind,3115.79
900609,506507,2025-02-27,Poor Quality,2434.42
900610,506512,2026-06-05,Damaged,4787.14
900611,506550,2026-03-01,Poor Quality,1308.39
900612,506558,2026-05-27,Not as Described,454.68
900613,506561,2025-12-07,Late Delivery,736.3
900614,506562,2025-08-25,Damaged,775.67
900615,506563,2025-09-27,Late Delivery,3563.28
900616,506564,2025-12-23,Changed Mind,1022.22
900617,506605,2025-12-27,Poor Quality,1624.25
900618,506609,2025-12-29,Poor Quality,2188.61
900619,506614,2025-11-21,Wrong Product,723.39
900620,506633,2025-11-06,Poor Quality,7249.08
900621,506637,2025-08-13,Poor Quality,1213.28
900622,506643,2025-12-05,Damaged,724.01
900623,506652,2025-12-07,Changed Mind,433.9
900624,506659,2025-04-07,Poor Quality,382.61
900625,506661,2026-05-30,Not as Described,2098.39
900626,506670,2026-01-15,Damaged,1447.52
900627,506671,2025-01-24,Not as Described,7725.15
900628,506673,2025-01-15,Poor Quality,265.53
900629,506678,2025-07-30,Not as Described,2247.44
900630,506679,2025-05-05,Damaged,792.66
900631,506682,2025-06-09,Poor Quality,249.59
900632,506684,2025-07-27,Damaged,1885.49
900633,506691,2025-04-01,Poor Quality,600.93
900634,506701,2025-09-02,Poor Quality,821.43
900635,506723,2025-12-28,Not as Described,1737.08
900636,506741,2026-07-07,Poor Quality,1105.76
900637,506746,2025-11-10,Poor Quality,1106.79
900638,506752,2026-05-16,Damaged,3394.62
900639,506753,2026-02-20,Wrong Product,350.7
900640,506763,2026-02-26,Damaged,397.05
900641,506790,2025-02-04,Damaged,703.18
900642,506795,2025-03-16,Poor Quality,178.08
900643,506802,2025-05-23,Late Delivery,1400.1
900644,506803,2025-08-24,Damaged,251.43
900645,506814,2026-06-02,Wrong Product,1441.26
900646,506815,2026-06-24,Not as Described,1148.09
900647,506834,2025-05-29,Poor Quality,75.61
900648,506843,2026-05-11,Late Delivery,506.81
900649,506860,2025-09-23,Not as Described,1460.43
900650,506872,2026-01-05,Poor Quality,2932.16
900651,506898,2025-03-01,Not as Described,428.64
900652,506901,2025-10-11,Changed Mind,3004.48
900653,506902,2025-10-03,Damaged,3206.42
900654,506904,2025-05-16,Not as Described,281.38
900655,506927,2026-05-11,Poor Quality,7492.72
900656,506929,2025-11-06,Wrong Product,2158.13
900657,506939,2026-04-24,Wrong Product,573.43
900658,506943,2025-07-09,Damaged,203.68
900659,506961,2026-02-06,Unknown,630.56
900660,506970,2026-04-09,Wrong Product,466.65
900661,506977,2025-05-05,Not as Described,3924.6
900662,507004,2025-01-28,Poor Quality,2800.99
900663,507027,2025-11-20,Not as Described,142.65
900664,507039,2025-09-04,Poor Quality,7341.53
900665,507042,2025-09-05,Poor Quality,3249.65
900666,507073,2025-07-03,Changed Mind,1734.46
900667,507078,2026-01-15,Changed Mind,558.73
900668,507081,2025-05-05,Wrong Product,4542.2
900669,507083,2025-03-05,Late Delivery,52.75
900670,507086,2026-06-29,Poor Quality,844.84
900671,507110,2025-07-31,Late Delivery,740.04
900672,507113,2025-07-15,Wrong Product,923.44
900673,507128,2025-07-15,Changed Mind,702.01
900674,507129,2026-06-17,Not as Described,183.45
900675,507144,2025-09-17,Late Delivery,847.95
900676,507147,2026-05-17,Late Delivery,1031.74
900677,507149,2025-09-10,Wrong Product,371.68
900678,507160,2025-06-20,Damaged,109.71
900679,507197,2025-09-24,Not as Described,1949.68
900680,507209,2025-06-23,Poor Quality,840.58
900681,507214,2025-12-21,Damaged,3941.35
900682,507223,2026-03-02,Poor Quality,9930.48
900683,507265,2025-08-02,Damaged,156.37
900684,507267,2025-07-29,Changed Mind,562.16
900685,507281,2025-10-16,Late Delivery,937.97
900686,507313,2025-09-09,Damaged,1323.08
900687,507320,2025-06-27,Damaged,2470.85
900688,507323,2025-07-11,Late Delivery,286.67
900689,507337,2025-10-12,Poor Quality,1180.63
900690,507352,2025-10-04,Poor Quality,506.41
900691,507363,2025-09-17,Damaged,6475.3
900692,507373,2026-04-14,Poor Quality,531.21
900693,507402,2025-02-19,Poor Quality,693.04
900694,507403,2026-04-01,Not as Described,953.98
900695,507407,2025-10-06,Poor Quality,204.0
900696,507428,2026-07-06,Not as Described,327.25
900697,507437,2025-01-18,Damaged,999.51
900698,507451,2025-12-31,Not as Described,4164.8
900699,507462,2025-02-20,Late Delivery,803.52
900700,507489,2025-09-08,Wrong Product,606.7
900701,507495,2025-08-13,Not as Described,3655.32
900702,507500,2026-07-05,Changed Mind,358.75
900703,507513,2025-07-10,Late Delivery,1944.48
900704,507528,2025-11-19,Poor Quality,591.65
900705,507531,2025-11-07,Damaged,700.06
900706,507542,2026-01-29,Late Delivery,1185.21
900707,507552,2025-07-12,Poor Quality,1443.54
900708,507567,2026-04-30,Wrong Product,48.78
900709,507571,2026-05-30,Poor Quality,1455.51
900710,507597,2026-01-10,Changed Mind,671.83
900711,507606,2026-01-21,Wrong Product,2225.95
900712,507629,2025-05-12,Not as Described,772.86
900713,507644,2026-01-25,Poor Quality,1733.01
900714,507647,2025-09-23,Damaged,1955.96
900715,507656,2026-06-28,Poor Quality,1571.65
900716,507675,2025-06-05,Not as Described,2779.33
900717,507704,2025-02-07,Not as Described,678.07
900718,507707,2026-04-24,Poor Quality,906.99
900719,507712,2025-10-17,Damaged,1973.5
900720,507714,2025-01-31,Poor Quality,807.97
900721,507716,2025-10-28,Wrong Product,424.77
900722,507730,2026-06-07,Changed Mind,1662.73
900723,507742,2025-04-06,Poor Quality,342.84
900724,507743,2025-10-09,Damaged,592.5
900725,507745,2026-06-14,Poor Quality,2711.51
900726,507773,2025-02-09,Damaged,1088.23
900727,507779,2026-05-18,Changed Mind,1092.92
900728,507789,2025-05-09,Not as Described,2288.17
900729,507801,2025-08-02,Not as Described,4993.15
900730,507810,2026-04-27,Wrong Product,712.89
900731,507815,2026-06-16,Poor Quality,2279.55
900732,507840,2026-02-27,Wrong Product,225.3
900733,507864,2025-08-20,Unknown,720.5
900734,507874,2026-03-30,Poor Quality,3117.85
900735,507884,2025-06-06,Not as Described,374.61
900736,507895,2025-09-01,Unknown,319.02
900737,507903,2025-09-14,Late Delivery,485.16
900738,507904,2025-05-25,Poor Quality,436.65
900739,507908,2025-02-03,Wrong Product,5495.55
900740,507928,2026-03-03,Late Delivery,2583.82
900741,507934,2026-01-01,Unknown,208.4
900742,507935,2026-01-29,Not as Described,472.2
900743,507948,2025-08-23,Not as Described,835.75
900744,507951,2026-01-28,Poor Quality,1841.43
900745,507956,2025-11-07,Damaged,455.0
900746,507968,2026-01-11,Unknown,4038.14
900747,508009,2025-11-29,Late Delivery,244.34
900748,508034,2025-01-24,Poor Quality,564.97
900749,508043,2025-01-31,Not as Described,4180.51
900750,508046,2025-11-18,Changed Mind,678.69
900751,508079,2025-02-08,Damaged,1258.48
900752,508113,2026-05-22,Not as Described,1147.03
900753,508115,2025-09-29,Damaged,700.22
900754,508186,2026-05-08,Late Delivery,1716.03
900755,508188,2025-02-17,Poor Quality,197.87
900756,508197,2025-05-12,Poor Quality,552.47
900757,508205,2025-03-24,Wrong Product,3458.0
900758,508209,2026-03-05,Late Delivery,2352.83
900759,508223,2025-07-31,Late Delivery,1803.32
900760,508236,2025-10-29,Poor Quality,504.13
900761,508248,2025-08-12,Late Delivery,3198.17
900762,508277,2025-03-16,Poor Quality,505.05
900763,508286,2025-03-24,Poor Quality,900.82
900764,508290,2026-03-02,Wrong Product,1062.02
900765,508317,2025-01-16,Poor Quality,1441.38
900766,508320,2026-03-28,Wrong Product,4319.87
900767,508323,2025-12-20,Damaged,4125.67
900768,508327,2025-04-07,Not as Described,1098.3
900769,508332,2025-08-28,Not as Described,75.89
900770,508333,2025-01-20,Not as Described,1974.72
900771,508358,2025-04-12,Late Delivery,795.71
900772,508384,2025-11-06,Damaged,78.23
900773,508387,2026-01-13,Not as Described,703.52
900774,508412,2025-11-27,Poor Quality,1071.57
900775,508439,2026-06-21,Damaged,230.45
900776,508440,2025-08-10,Poor Quality,625.05
900777,508446,2025-05-30,Not as Described,98.83
900778,508448,2026-01-04,Not as Described,2667.8
900779,508456,2025-04-30,Wrong Product,247.62
900780,508465,2026-03-18,Poor Quality,2077.54
900781,508468,2025-08-25,Damaged,637.05
900782,508480,2025-12-11,Damaged,677.0
900783,508482,2026-02-20,Wrong Product,1166.79
900784,508492,2026-02-16,Poor Quality,387.17
900785,508494,2025-05-19,Damaged,1024.15
900786,508497,2026-03-21,Not as Described,2390.43
900787,508500,2025-11-29,Not as Described,357.42
900788,508504,2025-12-23,Late Delivery,651.82
900789,508514,2025-07-23,Poor Quality,4159.5
900790,508535,2025-07-06,Not as Described,918.25
900791,508542,2025-11-03,Poor Quality,1596.7
900792,508544,2025-01-22,Not as Described,136.73
900793,508554,2026-06-28,Changed Mind,917.7
900794,508585,2025-12-10,Changed Mind,597.25
900795,508588,2025-06-15,Changed Mind,212.59
900796,508599,2026-03-27,Changed Mind,578.31
900797,508619,2025-01-26,Not as Described,277.92
900798,508625,2025-10-24,Poor Quality,72.95
900799,508654,2025-09-28,Changed Mind,1348.6
900800,508658,2026-05-16,Not as Described,404.82
900801,508668,2025-05-16,Poor Quality,1808.52
900802,508689,2025-04-07,Poor Quality,1131.75
900803,508706,2026-04-28,Poor Quality,1847.46
900804,508709,2025-12-29,Not as Described,4095.72
900805,508731,2025-06-08,Damaged,791.68
900806,508745,2025-02-11,Damaged,1278.76
900807,508751,2026-04-17,Wrong Product,1760.46
900808,508758,2025-10-17,Changed Mind,510.3
900809,508767,2025-05-27,Wrong Product,2987.76
900810,508785,2026-04-05,Late Delivery,2316.64
900811,508791,2025-10-15,Late Delivery,1792.92
900812,508793,2026-05-08,Not as Described,618.81
900813,508800,2025-07-31,Wrong Product,648.57
900814,508808,2025-04-22,Changed Mind,2050.34
900815,508816,2026-06-04,Not as Described,533.01
900816,508817,2025-03-05,Late Delivery,478.99
900817,508827,2025-03-01,Changed Mind,621.96
900818,508835,2026-02-21,Damaged,5080.68
900819,508837,2025-07-30,Not as Described,455.45
900820,508847,2025-04-17,Late Delivery,1060.19
900821,508855,2026-03-16,Changed Mind,1179.36
900822,508861,2025-01-18,Damaged,1512.78
900823,508881,2026-04-20,Poor Quality,6878.32
900824,508901,2025-05-06,Not as Described,9417.84
900825,508925,2025-01-15,Changed Mind,4634.43
900826,508938,2025-12-05,Not as Described,307.51
900827,508947,2025-10-19,Poor Quality,3911.67
900828,508952,2025-06-27,Changed Mind,263.75
900829,508965,2026-02-20,Damaged,623.56
900830,508978,2026-06-13,Late Delivery,1805.91
900831,508982,2025-01-09,Unknown,1071.34
900832,508992,2025-01-23,Poor Quality,1716.68
900833,509001,2025-02-09,Poor Quality,371.43
900834,509002,2026-02-11,Late Delivery,2244.88
900835,509007,2026-01-12,Changed Mind,2040.53
900836,509010,2025-12-10,Changed Mind,577.16
900837,509027,2025-02-18,Poor Quality,617.17
900838,509031,2025-08-17,Wrong Product,788.64
900839,509044,2025-02-25,Poor Quality,1031.45
900840,509052,2025-03-07,Damaged,100.78
900841,509054,2026-01-02,Unknown,6588.59
900842,509074,2025-03-03,Not as Described,2948.56
900843,509076,2026-05-17,Wrong Product,1742.69
900844,509089,2025-07-06,Poor Quality,1483.42
900845,509091,2025-07-14,Poor Quality,512.25
900846,509095,2025-06-08,Poor Quality,364.65
900847,509100,2026-05-15,Not as Described,662.1
900848,509120,2025-09-23,Not as Described,3059.66
900849,509130,2025-03-09,Not as Described,970.04
900850,509145,2025-03-05,Not as Described,2670.61
900851,509159,2026-03-30,Damaged,1314.91
900852,509171,2025-04-16,Poor Quality,5889.24
900853,509172,2025-08-07,Damaged,131.49
900854,509180,2025-06-01,Wrong Product,1065.74
900855,509201,2025-12-24,Changed Mind,633.43
900856,509212,2025-06-15,Late Delivery,743.8
900857,509213,2025-03-03,Not as Described,1216.79
900858,509216,2025-01-28,Poor Quality,4731.15
900859,509219,2025-02-27,Poor Quality,1138.49
900860,509241,2026-06-15,Poor Quality,3861.5
900861,509248,2025-11-30,Late Delivery,990.66
900862,509257,2026-06-29,Late Delivery,2715.88
900863,509277,2025-08-07,Not as Described,844.7
900864,509289,2025-12-19,Damaged,391.31
900865,509301,2026-06-07,Damaged,3747.1
900866,509304,2025-06-17,Poor Quality,2835.16
900867,509318,2025-02-18,Changed Mind,415.25
900868,509325,2026-05-25,Not as Described,2645.22
900869,509331,2025-09-02,Not as Described,2307.97
900870,509335,2025-10-14,Damaged,629.87
900871,509337,2026-05-02,Wrong Product,581.04
900872,509354,2025-06-27,Damaged,1421.67
900873,509357,2025-09-09,Wrong Product,993.1
900874,509380,2025-09-02,Late Delivery,1067.24
900875,509385,2025-10-23,Late Delivery,947.49
900876,509394,2025-11-27,Poor Quality,241.11
900877,509398,2025-11-28,Poor Quality,2946.74
900878,509411,2026-06-11,Poor Quality,2047.55
900879,509418,2026-05-25,Late Delivery,600.97
900880,509424,2025-03-14,Not as Described,710.31
900881,509437,2025-12-04,Damaged,332.64
900882,509438,2026-03-25,Poor Quality,1500.4
900883,509450,2025-11-16,Changed Mind,1307.6
900884,509454,2026-03-12,Poor Quality,1547.28
900885,509455,2025-12-10,Poor Quality,3345.76
900886,509462,2026-06-30,Wrong Product,744.7
900887,509474,2025-07-07,Poor Quality,868.19
900888,509501,2025-10-27,Wrong Product,2016.71
900889,509510,2025-04-15,Not as Described,1133.0
900890,509519,2026-01-02,Poor Quality,1082.78
900891,509537,2026-06-19,Poor Quality,603.77
900892,509538,2025-11-17,Wrong Product,1301.49
900893,509542,2025-11-14,Poor Quality,1496.56
900894,509561,2026-05-22,Poor Quality,2790.06
900895,509616,2026-06-26,Wrong Product,251.13
900896,509637,2025-03-06,Damaged,344.05
900897,509642,2026-04-01,Wrong Product,14059.95
900898,509656,2025-02-24,Wrong Product,1036.23
900899,509660,2025-06-26,Not as Described,3603.26
900900,509663,2025-12-25,Poor Quality,675.45
900901,509678,2025-04-09,Poor Quality,6448.13
900902,509681,2026-03-19,Not as Described,240.23
900903,509694,2025-05-13,Poor Quality,3154.21
900904,509697,2026-01-12,Changed Mind,1213.81
900905,509730,2025-12-11,Damaged,82.41
900906,509735,2026-03-11,Damaged,85.89
900907,509740,2025-08-03,Poor Quality,10412.05
900908,509758,2026-04-15,Not as Described,63.44
900909,509767,2025-12-09,Not as Described,336.07
900910,509788,2026-02-08,Damaged,1641.18
900911,509804,2025-10-02,Wrong Product,1195.02
900912,509811,2026-07-07,Changed Mind,1340.51
900913,509816,2026-01-14,Wrong Product,803.55
900914,509832,2025-12-24,Unknown,632.08
900915,509836,2025-10-08,Changed Mind,2152.01
900916,509866,2025-11-25,Poor Quality,824.3
900917,509891,2025-01-31,Damaged,1573.09
900918,509908,2025-05-16,Late Delivery,2738.67
900919,509929,2025-04-02,Damaged,1312.57
900920,509934,2026-02-03,Not as Described,1728.22
900921,509948,2025-04-22,Poor Quality,147.98
900922,509957,2026-04-02,Late Delivery,309.16
900923,509963,2026-06-03,Poor Quality,7833.28
900924,509970,2025-06-10,Poor Quality,323.73
900925,509971,2025-05-13,Late Delivery,1264.06
900926,509997,2026-06-24,Wrong Product,1012.05
900927,509999,2026-03-14,Wrong Product,723.15
900928,510001,2026-05-15,Poor Quality,675.21
900929,510007,2026-03-29,Poor Quality,1226.73
900930,510019,2025-09-30,Poor Quality,768.62
900931,510038,2026-02-24,Wrong Product,806.96
900932,510039,2025-06-08,Not as Described,4284.38
900933,510050,2025-12-10,Damaged,1368.38
900934,510056,2026-01-22,Poor Quality,2976.39
900935,510060,2026-02-19,Poor Quality,205.9
900936,510064,2026-06-14,Not as Described,1426.59
900937,510069,2025-06-24,Late Delivery,1494.31
900938,510092,2026-06-11,Changed Mind,2061.52
900939,510094,2025-07-01,Not as Described,99.0
900940,510118,2025-04-09,Damaged,823.88
900941,510119,2025-11-11,Poor Quality,840.0
900942,510120,2026-02-02,Wrong Product,2949.75
900943,510123,2025-08-13,Poor Quality,5461.66
900944,510124,2025-06-16,Changed Mind,1892.7
900945,510128,2025-08-22,Damaged,977.74
900946,510135,2026-05-23,Damaged,5709.09
900947,510153,2026-04-16,Changed Mind,391.33
900948,510174,2025-10-24,Not as Described,588.18
900949,510190,2025-11-24,Poor Quality,577.92
900950,510205,2025-11-23,Poor Quality,2431.06
900951,510264,2025-10-12,Changed Mind,797.84
900952,510283,2025-06-19,Late Delivery,20352.49
900953,510301,2025-12-09,Poor Quality,2299.56
900954,510302,2025-12-15,Late Delivery,1113.48
900955,510310,2026-05-13,Late Delivery,2362.87
900956,510311,2025-02-12,Damaged,4136.36
900957,510315,2025-06-27,Changed Mind,921.34
900958,510319,2025-06-25,Wrong Product,685.77
900959,510321,2026-05-13,Changed Mind,1822.79
900960,510328,2025-11-22,Not as Described,817.07
900961,510336,2025-03-29,Poor Quality,1833.55
900962,510347,2026-05-18,Late Delivery,4392.53
900963,510349,2025-08-01,Unknown,621.97
900964,510358,2026-07-01,Wrong Product,180.52
900965,510366,2026-04-29,Damaged,535.51
900966,510367,2025-08-27,Wrong Product,2002.21
900967,510368,2025-09-27,Poor Quality,733.8
900968,510376,2025-05-02,Not as Described,352.48
900969,510379,2026-07-05,Late Delivery,941.75
900970,510380,2025-08-21,Changed Mind,298.47
900971,510385,2025-07-29,Poor Quality,896.07
900972,510400,2025-01-24,Not as Described,2727.62
900973,510422,2025-01-27,Damaged,897.15
900974,510430,2026-05-12,Poor Quality,2374.27
900975,510435,2026-05-11,Changed Mind,2306.46
900976,510442,2025-11-10,Changed Mind,1838.13
900977,510461,2026-05-21,Damaged,1407.91
900978,510471,2025-06-01,Wrong Product,490.13
900979,510474,2026-02-19,Wrong Product,532.43
900980,510483,2025-09-16,Damaged,1946.67
900981,510506,2025-10-05,Wrong Product,281.97
900982,510520,2025-01-19,Changed Mind,4717.9
900983,510531,2025-04-25,Wrong Product,472.69
900984,510558,2026-05-20,Late Delivery,1846.97
900985,510561,2025-10-06,Not as Described,3275.04
900986,510571,2025-03-02,Changed Mind,944.86
900987,510586,2026-01-01,Wrong Product,158.82
900988,510590,2025-03-29,Damaged,725.05
900989,510595,2025-10-30,Damaged,7299.7
900990,510632,2025-06-29,Poor Quality,2974.02
900991,510635,2025-03-15,Changed Mind,660.98
900992,510639,2026-07-07,Poor Quality,145.97
900993,510640,2025-05-12,Damaged,1856.07
900994,510653,2025-08-08,Damaged,4966.42
900995,510671,2026-01-14,Not as Described,396.42
900996,510673,2025-12-19,Not as Described,713.42
900997,510684,2025-01-24,Wrong Product,990.29
900998,510685,2025-05-28,Poor Quality,886.21
900999,510733,2025-12-31,Not as Described,1891.47
901000,510747,2025-11-14,Unknown,809.13
901001,510759,2025-08-05,Damaged,1021.47
901002,510774,2025-07-01,Damaged,1117.2
901003,510779,2025-09-27,Wrong Product,1902.5
901004,510783,2026-06-29,Not as Described,894.77
901005,510787,2025-12-10,Poor Quality,1412.3
901006,510788,2026-06-03,Poor Quality,809.15
901007,510796,2025-08-10,Damaged,1921.11
901008,510799,2025-02-13,Poor Quality,1601.21
901009,510829,2026-05-29,Poor Quality,11231.12
901010,510832,2025-08-01,Poor Quality,4357.18
901011,510842,2026-02-03,Not as Described,384.76
901012,510845,2025-04-26,Poor Quality,12147.63
901013,510847,2026-01-30,Changed Mind,792.08
901014,510861,2025-07-13,Not as Described,77.63
901015,510864,2026-07-01,Wrong Product,1754.56
901016,510872,2025-04-24,Damaged,4211.55
901017,510884,2025-12-11,Poor Quality,2625.51
901018,510900,2025-08-02,Wrong Product,747.7
901019,510903,2025-06-20,Wrong Product,1012.09
901020,510910,2026-04-22,Wrong Product,2327.86
901021,510911,2025-12-22,Late Delivery,1577.79
901022,510945,2026-02-28,Damaged,6838.14
901023,510950,2025-05-29,Poor Quality,1981.02
901024,510966,2025-04-22,Poor Quality,715.23
901025,510972,2025-08-16,Not as Described,738.16
901026,510978,2025-11-23,Poor Quality,646.76
901027,510992,2026-07-08,Damaged,288.19
901028,511000,2025-08-12,Changed Mind,983.24
901029,511002,2025-02-08,Wrong Product,2200.32
901030,511016,2025-11-13,Late Delivery,322.4
901031,511019,2025-09-20,Not as Described,2400.93
901032,511027,2025-05-07,Wrong Product,399.89
901033,511036,2025-12-03,Wrong Product,1052.04
901034,511043,2025-10-29,Not as Described,888.44
901035,511058,2025-03-21,Wrong Product,392.61
901036,511071,2026-07-03,Changed Mind,1663.71
901037,511089,2026-02-17,Late Delivery,1518.23
901038,511108,2025-06-22,Changed Mind,852.24
901039,511115,2026-03-16,Late Delivery,1283.59
901040,511122,2025-08-10,Not as Described,1568.42
901041,511170,2025-02-04,Not as Described,498.96
901042,511183,2025-08-23,Not as Described,1477.5
901043,511191,2025-10-30,Unknown,713.73
901044,511202,2025-08-19,Damaged,2360.91
901045,511204,2025-12-01,Wrong Product,406.36
901046,511206,2026-05-09,Late Delivery,1283.74
901047,511207,2025-12-22,Wrong Product,277.48
901048,511209,2025-04-22,Damaged,1775.92
901049,511235,2025-10-02,Late Delivery,485.82
901050,511238,2026-02-04,Damaged,2037.83
901051,511240,2026-06-24,Poor Quality,949.28
901052,511241,2025-07-20,Unknown,1095.32
901053,511244,2026-05-05,Not as Described,1069.91
901054,511256,2026-06-05,Late Delivery,485.71
901055,511262,2026-05-07,Not as Described,288.47
901056,511265,2025-05-28,Poor Quality,561.69
901057,511269,2025-07-16,Not as Described,1681.74
901058,511272,2025-11-30,Damaged,1027.14
901059,511277,2026-06-26,Damaged,628.05
901060,511281,2026-06-19,Changed Mind,2441.02
901061,511287,2025-12-20,Late Delivery,4464.9
901062,511289,2025-11-27,Poor Quality,112.87
901063,511291,2025-11-12,Poor Quality,1396.92
901064,511297,2025-04-13,Damaged,658.88
901065,511306,2026-06-12,Late Delivery,587.79
901066,511317,2026-06-12,Wrong Product,263.73
901067,511320,2025-04-24,Wrong Product,1056.53
901068,511323,2026-01-12,Damaged,3595.39
901069,511332,2026-01-02,Late Delivery,705.94
901070,511377,2025-09-27,Changed Mind,1802.13
901071,511378,2025-12-04,Poor Quality,439.39
901072,511390,2025-12-22,Not as Described,3201.28
901073,511393,2025-07-15,Poor Quality,794.02
901074,511404,2025-06-17,Damaged,3718.96
901075,511416,2025-11-27,Damaged,700.99
901076,511420,2025-01-27,Poor Quality,2511.9
901077,511423,2025-11-21,Poor Quality,1621.85
901078,511424,2025-12-24,Not as Described,3528.12
901079,511427,2026-06-03,Damaged,331.44
901080,511444,2026-04-14,Late Delivery,1255.86
901081,511456,2025-06-21,Unknown,3111.87
901082,511457,2025-08-25,Damaged,292.37
901083,511475,2025-07-10,Unknown,3461.51
901084,511478,2025-02-26,Wrong Product,518.1
901085,511490,2025-08-18,Not as Described,1346.84
901086,511495,2026-03-26,Changed Mind,1002.75
901087,511499,2026-05-14,Wrong Product,781.42
901088,511514,2026-01-15,Late Delivery,166.99
901089,511528,2025-03-07,Damaged,241.01
901090,511543,2026-04-29,Changed Mind,1840.92
901091,511552,2026-01-21,Not as Described,344.2
901092,511558,2025-11-10,Poor Quality,395.57
901093,511559,2025-05-16,Late Delivery,12725.78
901094,511563,2025-06-04,Late Delivery,1133.1
901095,511565,2025-04-01,Not as Described,90.86
901096,511571,2025-09-17,Not as Described,4492.78
901097,511576,2025-07-22,Not as Described,525.66
901098,511582,2026-03-24,Damaged,827.95
901099,511586,2025-06-24,Poor Quality,106.76
901100,511618,2026-07-03,Changed Mind,1274.71
901101,511629,2026-05-14,Not as Described,1980.17
901102,511633,2025-03-31,Wrong Product,1841.21
901103,511658,2025-11-01,Poor Quality,662.3
901104,511661,2025-08-03,Wrong Product,1637.99
901105,511667,2025-09-16,Damaged,1137.37
901106,511702,2026-01-12,Changed Mind,291.11
901107,511717,2025-09-04,Poor Quality,1043.94
901108,511727,2025-04-02,Changed Mind,1115.53
901109,511730,2025-05-18,Wrong Product,599.52
901110,511731,2026-07-05,Poor Quality,1683.53
901111,511744,2025-12-17,Changed Mind,4113.82
901112,511747,2025-09-30,Changed Mind,1423.44
901113,511755,2025-07-03,Late Delivery,668.36
901114,511758,2025-03-05,Poor Quality,1999.8
901115,511760,2025-01-30,Damaged,2236.91
901116,511775,2025-10-08,Changed Mind,12071.81
901117,511790,2025-09-09,Damaged,1020.26
901118,511822,2025-04-07,Damaged,835.31
901119,511836,2026-04-16,Poor Quality,2091.94
901120,511840,2026-03-26,Damaged,679.78
901121,511846,2026-03-10,Changed Mind,2516.94
901122,511851,2026-04-01,Poor Quality,1469.79
901123,511871,2025-04-28,Not as Described,2909.81
901124,511901,2025-09-15,Late Delivery,725.9
901125,511903,2026-01-03,Wrong Product,1992.03
901126,511924,2026-02-10,Poor Quality,6539.99
901127,511926,2026-05-10,Not as Described,253.5
901128,511934,2025-12-09,Poor Quality,2777.16
901129,511944,2025-08-30,Changed Mind,3493.93
901130,511953,2025-03-06,Not as Described,294.9
901131,511983,2025-12-22,Wrong Product,1514.62
901132,512012,2026-01-29,Not as Described,1446.95
901133,512033,2025-05-02,Damaged,717.09
901134,512037,2025-05-13,Unknown,618.31
901135,512053,2025-08-01,Changed Mind,1943.41
901136,512075,2025-09-10,Poor Quality,1227.6
901137,512077,2026-06-25,Damaged,494.67
901138,512100,2025-06-14,Not as Described,216.48
901139,512114,2025-04-22,Poor Quality,1745.06
901140,512119,2025-12-06,Late Delivery,121.92
901141,512136,2026-03-17,Poor Quality,5413.42
901142,512149,2026-06-20,Unknown,917.23
901143,512187,2025-02-22,Late Delivery,2609.55
901144,512190,2025-02-07,Poor Quality,1740.7
901145,512198,2026-01-22,Wrong Product,10363.38
901146,512203,2025-07-02,Changed Mind,3151.1
901147,512217,2025-02-20,Late Delivery,1688.12
901148,512256,2025-08-17,Wrong Product,3761.56
901149,512282,2025-05-07,Not as Described,2450.82
901150,512292,2025-08-25,Poor Quality,479.18
901151,512317,2025-06-13,Changed Mind,2138.67
901152,512321,2025-04-16,Poor Quality,2400.27
901153,512329,2025-09-12,Damaged,150.91
901154,512340,2026-06-01,Damaged,1465.87
901155,512343,2026-05-31,Unknown,753.05
901156,512354,2025-11-15,Late Delivery,5543.9
901157,512360,2026-03-08,Damaged,1954.98
901158,512380,2026-07-20,Poor Quality,834.37
901159,512387,2026-02-16,Changed Mind,2651.9
901160,512401,2025-12-19,Changed Mind,3196.27
901161,512422,2026-04-24,Poor Quality,804.11
901162,512432,2026-02-10,Damaged,173.29
901163,512434,2025-11-10,Damaged,422.92
901164,512442,2025-12-18,Damaged,559.56
901165,512450,2025-07-24,Changed Mind,3699.95
901166,512453,2025-11-26,Wrong Product,14259.35
901167,512460,2025-07-24,Changed Mind,822.13
901168,512463,2025-09-26,Wrong Product,1857.67
901169,512465,2026-04-25,Wrong Product,4881.95
901170,512485,2025-09-21,Damaged,386.35
901171,512487,2025-09-26,Damaged,918.94
901172,512495,2025-06-19,Damaged,1834.17
901173,512502,2026-07-07,Poor Quality,542.9
901174,512531,2025-02-10,Unknown,1469.24
901175,512576,2025-10-12,Not as Described,150.78
901176,512583,2026-05-17,Not as Described,1092.11
901177,512601,2025-01-23,Poor Quality,960.03
901178,512603,2025-05-02,Poor Quality,325.34
901179,512624,2026-02-14,Unknown,416.33
901180,512627,2026-01-05,Damaged,758.57
901181,512637,2026-02-27,Changed Mind,284.79
901182,512654,2026-03-24,Unknown,510.69
901183,512658,2025-04-12,Damaged,576.61
901184,512663,2025-10-04,Not as Described,1307.85
901185,512684,2025-07-28,Wrong Product,143.8
901186,512685,2025-07-26,Poor Quality,1899.81
901187,512715,2025-05-16,Damaged,3076.47
901188,512724,2025-11-10,Poor Quality,383.53
901189,512733,2025-06-13,Not as Described,1639.76
901190,512743,2025-02-07,Not as Described,2145.96
901191,512777,2026-07-15,Damaged,342.07
901192,512789,2025-09-10,Late Delivery,812.6
901193,512798,2026-04-20,Damaged,1605.2
901194,512825,2025-02-26,Damaged,730.79
901195,512837,2026-03-03,Not as Described,3115.5
901196,512838,2025-09-28,Wrong Product,713.2
901197,512839,2025-02-25,Poor Quality,1874.52
901198,512849,2025-12-27,Changed Mind,1430.95
901199,512851,2025-06-17,Damaged,670.09
901200,512861,2025-08-23,Not as Described,1887.76
901201,512879,2026-01-06,Damaged,254.16
901202,512882,2025-12-10,Wrong Product,2487.13
901203,512884,2025-12-11,Poor Quality,1850.4
901204,512885,2025-06-05,Late Delivery,232.74
901205,512890,2025-10-10,Wrong Product,480.82
901206,512899,2025-09-09,Not as Described,1334.42
901207,512906,2026-07-21,Wrong Product,3960.06
901208,512908,2025-11-21,Late Delivery,2348.68
901209,512911,2026-06-27,Changed Mind,1814.82
901210,512913,2026-02-28,Wrong Product,5131.93
901211,512916,2026-04-16,Changed Mind,1183.86
901212,512930,2026-06-19,Late Delivery,1308.69
901213,512941,2025-10-30,Poor Quality,958.43
901214,512944,2026-03-16,Poor Quality,6770.04
901215,512953,2025-12-29,Changed Mind,392.72
901216,512967,2026-05-09,Late Delivery,757.39
901217,512975,2025-02-28,Damaged,4740.15
901218,512987,2026-04-24,Not as Described,3727.15
901219,512991,2026-05-20,Wrong Product,1688.37
901220,513000,2026-02-25,Late Delivery,420.31
901221,513007,2025-10-02,Changed Mind,1139.18
901222,513010,2025-03-24,Late Delivery,1126.13
901223,513032,2026-02-26,Wrong Product,2950.93
901224,513043,2025-09-16,Wrong Product,1716.94
901225,513073,2025-02-15,Changed Mind,363.23
901226,513075,2025-11-17,Changed Mind,1520.11
901227,513080,2026-07-24,Wrong Product,197.18
901228,513113,2025-05-23,Not as Described,209.2
901229,513122,2025-03-25,Changed Mind,2957.45
901230,513123,2025-07-01,Poor Quality,9971.35
901231,513132,2026-06-19,Damaged,4119.39
901232,513135,2025-07-08,Poor Quality,376.24
901233,513156,2025-09-18,Late Delivery,1044.25
901234,513184,2026-03-02,Poor Quality,1877.64
901235,513190,2026-05-24,Damaged,531.32
901236,513196,2025-10-10,Poor Quality,1202.19
901237,513210,2025-10-05,Not as Described,2250.66
901238,513216,2025-11-08,Poor Quality,231.04
901239,513223,2025-05-22,Poor Quality,3654.36
901240,513241,2025-09-27,Damaged,2709.79
901241,513253,2026-02-10,Wrong Product,287.77
901242,513258,2026-07-05,Poor Quality,248.71
901243,513261,2026-04-07,Poor Quality,427.29
901244,513267,2025-01-15,Late Delivery,2346.8
901245,513288,2025-06-08,Poor Quality,1052.88
901246,513311,2025-04-20,Poor Quality,887.42
901247,513329,2026-03-23,Poor Quality,2400.33
901248,513336,2026-04-05,Late Delivery,1976.47
901249,513337,2025-10-05,Changed Mind,4129.79
901250,513338,2025-09-10,Not as Described,625.36
901251,513342,2025-09-04,Changed Mind,733.77
901252,513343,2025-02-26,Late Delivery,4787.14
901253,513347,2025-09-24,Poor Quality,805.27
901254,513351,2025-05-03,Poor Quality,1258.85
901255,513359,2026-05-04,Not as Described,333.3
901256,513416,2025-04-20,Poor Quality,550.18
901257,513423,2025-12-01,Poor Quality,8779.21
901258,513440,2025-11-17,Poor Quality,1078.96
901259,513441,2025-06-17,Damaged,316.35
901260,513442,2025-06-05,Late Delivery,427.55
901261,513443,2025-09-07,Poor Quality,2580.46
901262,513453,2026-03-05,Late Delivery,486.72
901263,513462,2025-05-27,Changed Mind,1681.81
901264,513464,2025-12-26,Poor Quality,2222.11
901265,513484,2025-11-02,Late Delivery,2787.86
901266,513495,2026-02-24,Poor Quality,145.96
901267,513497,2025-02-05,Wrong Product,10754.91
901268,513504,2025-03-12,Poor Quality,359.3
901269,513511,2025-02-17,Late Delivery,2495.69
901270,513520,2025-06-03,Poor Quality,1374.55
901271,513526,2026-06-22,Damaged,2627.12
901272,513566,2025-11-25,Poor Quality,843.82
901273,513571,2026-07-20,Changed Mind,3845.55
901274,513577,2026-03-09,Poor Quality,1003.49
901275,513578,2025-05-12,Unknown,574.72
901276,513593,2025-05-19,Unknown,1899.55
901277,513595,2025-05-23,Wrong Product,1159.1
901278,513605,2026-03-23,Late Delivery,3409.61
901279,513644,2026-06-08,Poor Quality,615.92
901280,513668,2026-03-20,Late Delivery,320.13
901281,513721,2025-12-21,Wrong Product,719.12
901282,513727,2025-07-16,Changed Mind,1748.66
901283,513729,2025-05-25,Late Delivery,272.1
901284,513735,2025-07-07,Late Delivery,1694.63
901285,513744,2025-12-19,Changed Mind,179.84
901286,513752,2025-09-20,Not as Described,2588.43
901287,513768,2026-04-13,Damaged,577.5
901288,513783,2025-10-23,Not as Described,697.17
901289,513812,2026-06-18,Damaged,13120.33
901290,513827,2025-05-06,Changed Mind,1191.49
901291,513828,2025-02-23,Damaged,713.38
901292,513833,2026-01-24,Late Delivery,233.86
901293,513834,2025-02-05,Late Delivery,467.84
901294,513839,2026-01-22,Damaged,5463.72
901295,513849,2025-03-14,Wrong Product,437.83
901296,513850,2025-06-26,Not as Described,1523.97
901297,513861,2026-07-21,Wrong Product,1337.44
901298,513878,2025-04-24,Not as Described,481.61
901299,513882,2026-02-01,Changed Mind,2208.25
901300,513887,2025-12-02,Poor Quality,370.35
901301,513893,2025-02-15,Wrong Product,574.88
901302,513898,2025-12-13,Late Delivery,605.65
901303,513900,2025-03-03,Wrong Product,1136.38
901304,513903,2026-03-18,Changed Mind,2005.18
901305,513912,2025-10-06,Changed Mind,1263.66
901306,513916,2025-03-03,Not as Described,1083.95
901307,513936,2026-04-23,Not as Described,1180.96
901308,513950,2026-01-17,Damaged,448.68
901309,513965,2025-10-01,Poor Quality,1114.28
901310,513994,2025-03-03,Poor Quality,7561.34
901311,513997,2026-06-25,Not as Described,2287.68
901312,514001,2025-10-21,Poor Quality,861.18
901313,514006,2025-02-16,Poor Quality,1252.29
901314,514008,2025-05-27,Damaged,1063.09
901315,514012,2026-01-16,Damaged,386.49
901316,514013,2026-02-16,Damaged,2021.05
901317,514022,2025-05-30,Poor Quality,646.49
901318,514031,2025-06-01,Wrong Product,540.52
901319,514043,2026-06-25,Poor Quality,770.98
901320,514052,2025-07-24,Poor Quality,376.73
901321,514053,2026-01-14,Damaged,108.45
901322,514070,2026-02-02,Poor Quality,828.2
901323,514075,2025-08-23,Changed Mind,432.05
901324,514089,2025-12-29,Wrong Product,2512.26
901325,514097,2025-05-04,Not as Described,2113.13
901326,514114,2026-03-22,Late Delivery,706.71
901327,514118,2025-12-09,Changed Mind,258.39
901328,514121,2026-07-02,Not as Described,833.43
901329,514122,2026-03-11,Late Delivery,910.25
901330,514131,2025-02-22,Changed Mind,1546.03
901331,514142,2025-05-10,Poor Quality,502.15
901332,514143,2026-03-01,Damaged,1846.03
901333,514159,2025-05-18,Changed Mind,351.12
901334,514160,2026-05-29,Poor Quality,742.62
901335,514185,2026-07-16,Wrong Product,272.09
901336,514201,2026-05-17,Not as Described,1653.79
901337,514224,2025-07-08,Damaged,676.95
901338,514226,2026-05-28,Damaged,79.81
901339,514231,2026-04-12,Changed Mind,3244.29
901340,514251,2025-04-29,Not as Described,1101.29
901341,514264,2025-09-13,Changed Mind,184.05
901342,514268,2026-03-26,Late Delivery,1923.11
901343,514280,2025-10-07,Late Delivery,678.84
901344,514284,2026-07-11,Poor Quality,1622.37
901345,514294,2026-02-17,Unknown,312.37
901346,514312,2025-05-24,Wrong Product,6279.42
901347,514321,2026-04-04,Damaged,196.68
901348,514329,2025-04-08,Late Delivery,964.95
901349,514342,2025-05-09,Changed Mind,2974.45
901350,514346,2025-03-07,Late Delivery,715.03
901351,514353,2025-07-13,Poor Quality,437.12
901352,514358,2026-07-21,Changed Mind,1178.81
901353,514374,2025-06-24,Changed Mind,357.76
901354,514382,2025-12-17,Damaged,519.67
901355,514384,2025-07-31,Changed Mind,790.76
901356,514385,2025-06-16,Not as Described,2265.22
901357,514391,2026-04-29,Damaged,5174.79
901358,514400,2025-09-22,Poor Quality,1002.14
901359,514404,2025-05-01,Poor Quality,1435.12
901360,514407,2025-01-30,Changed Mind,3567.88
901361,514414,2026-06-02,Not as Described,935.22
901362,514424,2025-01-14,Damaged,1279.1
901363,514425,2025-07-05,Late Delivery,866.25
901364,514426,2025-05-12,Damaged,99.94
901365,514447,2025-02-16,Unknown,74.04
901366,514461,2026-03-06,Damaged,784.4
901367,514469,2025-07-13,Wrong Product,834.23
901368,514492,2025-01-29,Poor Quality,2585.32
901369,514504,2026-04-12,Damaged,2433.77
901370,514508,2025-06-20,Damaged,521.07
901371,514514,2026-05-19,Not as Described,2193.25
901372,514527,2025-02-24,Damaged,665.3
901373,514530,2025-04-10,Late Delivery,1045.16
901374,514544,2025-05-18,Not as Described,1105.66
901375,514548,2025-11-08,Damaged,14358.19
901376,514564,2025-04-01,Damaged,1298.54
901377,514567,2025-02-02,Poor Quality,1353.94
901378,514574,2025-09-06,Poor Quality,943.65
901379,514616,2025-11-03,Damaged,798.55
901380,514636,2025-10-11,Not as Described,1363.83
901381,514644,2025-09-07,Poor Quality,5161.17
901382,514652,2025-11-03,Damaged,1099.91
901383,514676,2026-03-20,Wrong Product,374.64
901384,514678,2025-02-21,Damaged,1643.08
901385,514679,2025-05-30,Poor Quality,1988.18
901386,514684,2025-11-03,Late Delivery,561.67
901387,514701,2025-07-09,Poor Quality,1159.25
901388,514708,2026-04-27,Poor Quality,4688.51
901389,514718,2025-10-11,Damaged,485.24
901390,514719,2026-06-02,Not as Described,5012.47
901391,514720,2026-02-10,Wrong Product,990.49
901392,514734,2025-10-19,Damaged,234.06
901393,514740,2025-09-19,Poor Quality,923.8
901394,514746,2026-06-07,Wrong Product,4804.38
901395,514761,2025-09-09,Changed Mind,1455.27
901396,514768,2026-01-29,Late Delivery,741.26
901397,514784,2025-01-20,Not as Described,1529.23
901398,514787,2026-05-28,Not as Described,244.32
901399,514789,2025-02-11,Wrong Product,1685.44
901400,514800,2026-04-07,Damaged,6072.22
901401,514834,2026-06-13,Wrong Product,2394.66
901402,514836,2025-02-20,Poor Quality,337.43
901403,514839,2025-04-09,Poor Quality,1116.94
901404,514845,2025-09-25,Damaged,1115.73
901405,514852,2025-11-24,Poor Quality,2013.88
901406,514863,2025-06-16,Changed Mind,557.06
901407,514867,2025-07-20,Damaged,1998.87
901408,514870,2025-02-28,Changed Mind,2009.89
901409,514885,2025-03-11,Changed Mind,3644.34
901410,514891,2025-08-19,Damaged,1683.48
901411,514896,2025-03-20,Not as Described,1015.46
901412,514901,2026-05-09,Late Delivery,3850.21
901413,514907,2025-04-12,Damaged,924.13
901414,514913,2025-02-26,Wrong Product,8047.28
901415,514917,2025-01-21,Damaged,746.71
901416,514918,2025-05-09,Damaged,1161.02
901417,514926,2026-06-07,Poor Quality,723.87
901418,514945,2026-02-24,Changed Mind,498.57
901419,514957,2026-01-26,Not as Described,1227.27
901420,514958,2026-05-21,Late Delivery,1160.82
901421,514959,2026-04-17,Late Delivery,979.18
901422,514970,2025-03-10,Damaged,577.28
901423,514977,2026-04-10,Not as Described,4698.21
901424,514997,2026-05-05,Changed Mind,1363.29
901425,514999,2026-05-31,Poor Quality,1221.19
901426,515012,2026-02-28,Damaged,2648.1
901427,515020,2025-02-09,Poor Quality,2064.93
901428,515043,2025-08-30,Not as Described,2015.14
901429,515044,2025-02-24,Damaged,2024.4
901430,515073,2026-04-30,Damaged,978.47
901431,515080,2025-12-03,Not as Described,911.89
901432,515086,2025-06-30,Changed Mind,3172.76
901433,515126,2025-12-16,Damaged,1421.66
901434,515132,2025-03-10,Wrong Product,253.72
901435,515140,2025-09-30,Not as Described,750.39
901436,515154,2025-06-02,Changed Mind,1097.97
901437,515159,2026-03-21,Late Delivery,1506.78
901438,515163,2025-10-14,Damaged,3150.19
901439,515168,2026-02-14,Poor Quality,996.05
901440,515169,2026-03-12,Poor Quality,2797.32
901441,515173,2026-01-10,Poor Quality,569.28
901442,515191,2025-09-26,Not as Described,6653.39
901443,515194,2026-02-25,Wrong Product,2976.38
901444,515209,2026-02-16,Late Delivery,440.57
901445,515214,2026-03-27,Late Delivery,1086.44
901446,515221,2025-09-26,Changed Mind,2630.45
901447,515224,2025-11-22,Not as Described,751.09
901448,515229,2026-05-05,Wrong Product,4733.83
901449,515233,2025-04-08,Late Delivery,294.93
901450,515249,2026-03-03,Wrong Product,262.75
901451,515280,2026-04-20,Late Delivery,5976.8
901452,515291,2025-10-05,Poor Quality,240.23
901453,515296,2025-05-06,Wrong Product,655.81
901454,515310,2025-07-08,Wrong Product,705.8
901455,515341,2025-03-03,Poor Quality,820.68
901456,515353,2026-07-02,Wrong Product,964.38
901457,515354,2025-03-26,Late Delivery,1318.79
901458,515365,2025-06-26,Damaged,1374.08
901459,515378,2026-02-17,Late Delivery,1187.96
901460,515379,2025-03-20,Damaged,1566.88
901461,515385,2026-07-18,Wrong Product,1774.09
901462,515387,2025-05-15,Poor Quality,616.05
901463,515399,2025-01-08,Not as Described,403.36
901464,515406,2025-10-23,Wrong Product,1739.19
901465,515407,2025-03-18,Unknown,589.61
901466,515410,2025-04-23,Late Delivery,2959.92
901467,515411,2026-04-12,Wrong Product,2715.6
901468,515423,2025-09-26,Poor Quality,2710.26
901469,515434,2026-04-16,Damaged,879.01
901470,515483,2025-07-31,Not as Described,694.16
901471,515493,2025-11-18,Not as Described,298.43
901472,515527,2025-01-06,Wrong Product,2625.34
901473,515532,2025-09-09,Wrong Product,409.25
901474,515576,2025-04-12,Damaged,2026.73
901475,515589,2026-01-14,Unknown,385.46
901476,515592,2025-11-10,Poor Quality,1177.57
901477,515593,2025-05-02,Not as Described,2017.94
901478,515601,2025-09-18,Wrong Product,2252.32
901479,515609,2025-10-14,Changed Mind,653.57
901480,515657,2026-06-07,Poor Quality,4135.02
901481,515665,2026-03-22,Damaged,519.59
901482,515671,2025-02-14,Not as Described,323.85
901483,515688,2026-05-01,Late Delivery,114.03
901484,515706,2025-04-11,Not as Described,1405.88
901485,515711,2025-05-22,Not as Described,107.64
901486,515739,2026-04-02,Late Delivery,550.45
901487,515745,2025-08-31,Wrong Product,4032.43
901488,515754,2026-02-04,Wrong Product,990.66
901489,515757,2025-08-11,Wrong Product,2480.32
901490,515771,2025-10-15,Poor Quality,1271.52
901491,515786,2025-06-03,Not as Described,499.03
901492,515834,2025-03-05,Wrong Product,554.5
901493,515859,2026-03-30,Changed Mind,3378.05
901494,515876,2025-03-17,Changed Mind,1912.2
901495,515882,2026-07-11,Wrong Product,4471.56
901496,515915,2025-09-22,Poor Quality,4401.05
901497,515923,2026-01-31,Not as Described,1589.75
901498,515924,2025-10-17,Damaged,2267.17
901499,515927,2025-08-06,Not as Described,994.2
901500,515931,2026-03-01,Changed Mind,1473.59
901501,516000,2026-01-11,Late Delivery,2573.0
901502,516001,2025-10-08,Damaged,965.01
901503,516023,2025-11-20,Not as Described,1946.96
901504,516034,2026-04-05,Not as Described,3085.18
901505,516043,2026-04-02,Poor Quality,3721.26
901506,516089,2026-05-07,Damaged,303.93
901507,516092,2025-08-28,Poor Quality,295.75
901508,516115,2025-12-31,Not as Described,2429.58
901509,516124,2025-09-17,Not as Described,337.17
901510,516125,2026-05-16,Damaged,2540.03
901511,516127,2025-10-08,Poor Quality,5995.14
901512,516129,2025-05-29,Poor Quality,202.74
901513,516132,2025-10-20,Poor Quality,286.17
901514,516144,2026-06-30,Damaged,401.69
901515,516149,2026-05-27,Damaged,585.84
901516,516154,2025-03-29,Not as Described,1812.64
901517,516162,2025-07-29,Poor Quality,270.83
901518,516170,2026-06-11,Poor Quality,651.59
901519,516173,2026-03-20,Poor Quality,474.48
901520,516181,2025-09-17,Poor Quality,529.97
901521,516183,2025-03-31,Wrong Product,1095.42
901522,516232,2025-09-16,Damaged,387.67
901523,516236,2026-03-26,Poor Quality,375.66
901524,516244,2026-03-09,Poor Quality,70.27
901525,516285,2025-12-14,Wrong Product,1023.8
901526,516291,2025-07-05,Wrong Product,3182.29
901527,516296,2025-04-26,Poor Quality,518.9
901528,516313,2026-06-18,Poor Quality,1186.9
901529,516320,2025-10-19,Late Delivery,1104.78
901530,516325,2026-05-11,Changed Mind,1900.05
901531,516333,2025-02-06,Damaged,1161.69
901532,516336,2025-04-14,Poor Quality,1007.46
901533,516337,2025-11-17,Not as Described,175.21
901534,516367,2026-05-05,Late Delivery,205.83
901535,516373,2025-06-04,Poor Quality,131.05
901536,516395,2025-02-11,Damaged,1068.8
901537,516403,2025-04-04,Changed Mind,519.29
901538,516405,2025-11-05,Not as Described,5407.98
901539,516407,2025-11-30,Damaged,44.72
901540,516419,2026-02-15,Poor Quality,937.64
901541,516446,2026-05-29,Damaged,1162.47
901542,516456,2026-02-22,Not as Described,1418.3
901543,516457,2025-08-17,Wrong Product,1068.52
901544,516498,2025-11-03,Not as Described,6202.41
901545,516518,2025-09-06,Late Delivery,4066.87
901546,516519,2025-07-01,Wrong Product,779.16
901547,516523,2025-05-22,Damaged,1240.26
901548,516527,2025-06-24,Not as Described,3231.9
901549,516560,2025-09-14,Wrong Product,394.02
901550,516568,2025-07-31,Late Delivery,3996.79
901551,516574,2026-01-05,Not as Described,1712.36
901552,516578,2025-08-23,Damaged,64.42
901553,516582,2025-06-30,Changed Mind,1123.61
901554,516584,2025-05-12,Not as Described,2219.85
901555,516599,2026-06-21,Not as Described,1026.58
901556,516609,2025-09-06,Not as Described,633.42
901557,516611,2025-02-25,Damaged,1285.66
901558,516644,2025-12-26,Late Delivery,271.34
901559,516646,2026-05-20,Late Delivery,3048.49
901560,516654,2025-10-09,Wrong Product,1883.76
901561,516661,2025-11-09,Damaged,2582.08
901562,516673,2026-04-22,Poor Quality,1703.13
901563,516683,2025-07-07,Changed Mind,3311.88
901564,516703,2025-03-06,Not as Described,6091.78
901565,516705,2025-07-17,Poor Quality,1529.01
901566,516735,2025-09-09,Poor Quality,1469.96
901567,516750,2026-04-07,Wrong Product,475.1
901568,516756,2026-06-29,Not as Described,1718.95
901569,516757,2025-11-04,Late Delivery,696.0
901570,516775,2025-05-22,Damaged,1340.79
901571,516780,2025-06-21,Changed Mind,1615.4
901572,516782,2026-05-07,Damaged,3515.27
901573,516788,2026-03-06,Poor Quality,1095.04
901574,516812,2025-01-20,Unknown,323.54
901575,516830,2025-07-08,Poor Quality,4462.94
901576,516831,2026-02-11,Poor Quality,222.27
901577,516842,2025-01-31,Not as Described,785.64
901578,516845,2025-08-23,Wrong Product,565.65
901579,516849,2025-06-03,Late Delivery,2111.65
901580,516851,2025-10-17,Damaged,651.88
901581,516852,2025-05-02,Poor Quality,1237.17
901582,516880,2026-01-02,Changed Mind,631.87
901583,516892,2025-01-27,Not as Described,145.25
901584,516912,2025-12-09,Unknown,379.18
901585,516913,2026-04-18,Not as Described,520.62
901586,516914,2025-06-09,Poor Quality,517.99
901587,516926,2026-06-08,Poor Quality,1863.05
901588,516940,2026-04-26,Poor Quality,1832.51
901589,516947,2026-06-05,Damaged,5927.79
901590,516955,2025-04-03,Damaged,471.65
901591,516962,2025-10-06,Late Delivery,2507.01
901592,516967,2026-01-15,Late Delivery,2901.95
901593,516970,2025-11-22,Not as Described,751.79
901594,516980,2026-01-16,Poor Quality,1063.02
901595,516991,2025-08-21,Changed Mind,2110.67
901596,516995,2025-09-04,Poor Quality,2954.61
901597,517000,2025-01-09,Changed Mind,15320.03
901598,517029,2026-01-03,Wrong Product,206.16
901599,517030,2026-04-26,Not as Described,750.02
901600,517042,2026-06-01,Damaged,786.21
901601,517048,2026-04-27,Wrong Product,1756.94
901602,517058,2025-02-09,Poor Quality,1088.32
901603,517075,2025-08-23,Changed Mind,152.01
901604,517092,2025-08-13,Wrong Product,648.14
901605,517097,2025-08-17,Damaged,3110.11
901606,517102,2025-01-10,Poor Quality,2051.66
901607,517105,2025-08-13,Changed Mind,2237.19
901608,517120,2026-03-03,Wrong Product,641.41
901609,517125,2025-06-27,Not as Described,776.06
901610,517144,2025-09-04,Late Delivery,2607.58
901611,517160,2025-04-26,Poor Quality,93.79
901612,517161,2026-03-28,Damaged,2643.0
901613,517166,2025-02-06,Not as Described,594.02
901614,517168,2025-06-14,Wrong Product,614.22
901615,517173,2025-08-31,Damaged,478.06
901616,517179,2026-03-28,Changed Mind,581.41
901617,517188,2025-04-03,Damaged,888.75
901618,517243,2026-05-07,Not as Described,404.26
901619,517250,2026-03-01,Damaged,440.82
901620,517275,2025-03-21,Not as Described,3398.59
901621,517278,2025-10-05,Late Delivery,6868.04
901622,517305,2026-02-14,Wrong Product,647.5
901623,517316,2026-06-10,Not as Described,4277.83
901624,517329,2025-05-24,Late Delivery,3045.25
901625,517330,2026-06-26,Poor Quality,449.25
901626,517342,2026-05-31,Poor Quality,415.28
901627,517346,2025-12-27,Poor Quality,2451.76
901628,517351,2025-03-09,Not as Described,9465.44
901629,517352,2026-02-12,Not as Described,286.84
901630,517353,2025-04-28,Changed Mind,1517.13
901631,517363,2025-11-12,Late Delivery,1452.97
901632,517378,2026-05-13,Late Delivery,5503.81
901633,517379,2025-05-04,Not as Described,1456.4
901634,517412,2025-12-19,Late Delivery,1103.77
901635,517415,2025-12-22,Poor Quality,2237.39
901636,517420,2026-07-05,Poor Quality,1375.17
901637,517454,2026-06-02,Poor Quality,221.85
901638,517457,2025-02-04,Wrong Product,1267.02
901639,517460,2026-04-23,Not as Described,114.58
901640,517475,2025-04-28,Changed Mind,1878.29
901641,517483,2026-05-16,Changed Mind,274.96
901642,517512,2025-06-12,Late Delivery,714.6
901643,517520,2025-10-10,Damaged,556.33
901644,517533,2025-03-03,Poor Quality,637.68
901645,517595,2025-02-15,Poor Quality,302.93
901646,517596,2026-04-20,Late Delivery,11449.9
901647,517597,2026-06-18,Damaged,108.68
901648,517608,2025-08-24,Poor Quality,1206.75
901649,517627,2025-06-07,Poor Quality,16234.81
901650,517636,2025-06-14,Changed Mind,1272.53
901651,517642,2026-03-28,Damaged,2378.35
901652,517643,2026-05-30,Unknown,2227.9
901653,517654,2025-08-17,Not as Described,2562.27
901654,517668,2026-06-16,Poor Quality,2389.99
901655,517673,2025-05-30,Poor Quality,124.67
901656,517683,2025-06-10,Poor Quality,982.83
901657,517684,2026-05-17,Wrong Product,3169.25
901658,517710,2026-02-28,Late Delivery,1552.03
901659,517715,2025-03-29,Late Delivery,1742.35
901660,517727,2025-02-04,Not as Described,2065.74
901661,517751,2025-06-06,Wrong Product,2174.33
901662,517762,2025-06-26,Damaged,606.81
901663,517781,2025-12-25,Not as Described,1315.36
901664,517782,2025-11-11,Wrong Product,939.64
901665,517797,2025-02-10,Wrong Product,815.55
901666,517823,2025-12-12,Poor Quality,2596.93
901667,517830,2025-05-21,Changed Mind,2225.15
901668,517835,2026-02-26,Poor Quality,3766.44
901669,517841,2026-04-01,Poor Quality,326.38
901670,517849,2025-03-19,Not as Described,72.43
901671,517865,2026-07-07,Poor Quality,1134.17
901672,517871,2026-01-04,Changed Mind,1080.26
901673,517881,2026-01-25,Changed Mind,412.68
901674,517896,2025-11-01,Wrong Product,987.23
901675,517908,2025-11-15,Poor Quality,419.99
901676,517918,2025-12-06,Late Delivery,531.99
901677,517925,2025-08-18,Not as Described,54.83
901678,517932,2026-07-23,Damaged,3120.11
901679,517939,2025-04-09,Not as Described,3302.49
901680,517958,2025-05-08,Wrong Product,708.34
901681,517968,2026-01-25,Poor Quality,2167.91
901682,517976,2026-06-04,Damaged,2246.9
901683,518013,2025-12-06,Poor Quality,2265.83
901684,518015,2025-07-09,Poor Quality,2394.35
901685,518032,2025-11-08,Poor Quality,1763.84
901686,518043,2025-02-10,Damaged,2598.84
901687,518052,2025-05-30,Not as Described,614.38
901688,518066,2026-03-08,Changed Mind,2918.96
901689,518071,2026-03-18,Poor Quality,830.75
901690,518092,2025-07-08,Changed Mind,214.49
901691,518101,2026-06-22,Not as Described,2947.56
901692,518105,2026-06-07,Damaged,1034.61
901693,518130,2026-03-04,Not as Described,198.59
901694,518159,2025-01-13,Not as Described,444.15
901695,518161,2026-06-04,Changed Mind,887.0
901696,518167,2025-07-03,Damaged,1294.41
901697,518175,2025-07-10,Damaged,144.62
901698,518177,2026-06-28,Not as Described,83.2
901699,518241,2026-03-05,Poor Quality,1817.15
901700,518251,2026-05-14,Late Delivery,341.5
901701,518273,2025-09-12,Poor Quality,689.07
901702,518276,2025-04-20,Late Delivery,242.78
901703,518284,2025-06-21,Late Delivery,649.43
901704,518295,2025-03-29,Wrong Product,233.28
901705,518300,2025-02-07,Changed Mind,1322.86
901706,518311,2025-11-03,Changed Mind,1914.44
901707,518336,2025-02-05,Poor Quality,4617.01
901708,518343,2025-12-25,Poor Quality,376.79
901709,518414,2026-06-17,Damaged,611.31
901710,518430,2026-05-25,Not as Described,1176.41
901711,518438,2025-10-26,Damaged,1711.15
901712,518442,2025-12-01,Wrong Product,1592.68
901713,518448,2026-06-12,Wrong Product,1186.42
901714,518456,2025-09-15,Wrong Product,470.34
901715,518472,2025-10-01,Damaged,3044.03
901716,518481,2026-06-28,Poor Quality,180.43
901717,518485,2025-06-16,Not as Described,1963.32
901718,518487,2026-02-09,Poor Quality,175.84
901719,518501,2025-05-11,Poor Quality,84.74
901720,518505,2025-12-13,Wrong Product,970.6
901721,518516,2025-07-27,Changed Mind,14967.94
901722,518518,2026-06-09,Poor Quality,803.49
901723,518531,2025-07-31,Poor Quality,912.6
901724,518549,2025-08-27,Late Delivery,1883.61
901725,518556,2025-10-30,Damaged,3447.19
901726,518559,2025-11-29,Poor Quality,4017.81
901727,518561,2025-10-06,Poor Quality,140.83
901728,518564,2026-04-07,Poor Quality,602.07
901729,518588,2026-04-24,Poor Quality,330.47
901730,518592,2025-08-18,Damaged,1228.19
901731,518600,2025-10-31,Not as Described,831.51
901732,518621,2026-06-16,Poor Quality,779.87
901733,518647,2026-01-22,Not as Described,1874.69
901734,518659,2025-08-31,Not as Described,1994.64
901735,518695,2025-12-28,Wrong Product,1120.26
901736,518705,2025-09-27,Poor Quality,139.78
901737,518724,2025-11-25,Poor Quality,1228.39
901738,518727,2025-09-02,Late Delivery,5451.9
901739,518731,2025-07-15,Poor Quality,681.2
901740,518735,2026-03-24,Poor Quality,1109.89
901741,518739,2026-01-15,Poor Quality,4887.16
901742,518748,2026-03-10,Poor Quality,1869.84
901743,518753,2025-02-19,Damaged,2784.64
901744,518763,2025-02-26,Damaged,1364.84
901745,518781,2025-08-22,Damaged,1292.06
901746,518794,2025-02-13,Poor Quality,6285.1
901747,518807,2026-04-01,Wrong Product,900.08
901748,518811,2025-08-20,Damaged,2020.62
901749,518817,2025-12-12,Wrong Product,1309.26
901750,518820,2026-01-23,Late Delivery,99.91
901751,518826,2025-11-21,Poor Quality,1535.83
901752,518834,2025-08-13,Not as Described,3069.65
901753,518835,2026-02-04,Poor Quality,1839.83
901754,518844,2026-03-25,Damaged,580.89
901755,518899,2026-02-20,Poor Quality,2520.55
901756,518904,2026-03-18,Late Delivery,2959.56
901757,518909,2025-12-12,Changed Mind,781.37
901758,518925,2025-07-28,Wrong Product,1359.37
901759,518928,2025-02-05,Poor Quality,535.44
901760,518934,2025-11-28,Late Delivery,897.9
901761,518937,2025-02-02,Late Delivery,1219.04
901762,518940,2025-07-19,Late Delivery,1835.07
901763,518952,2025-03-28,Poor Quality,1155.6
901764,518960,2026-06-25,Not as Described,2768.38
901765,518964,2025-08-03,Damaged,522.86
901766,518976,2026-03-03,Late Delivery,333.9
901767,518992,2025-07-21,Changed Mind,858.76
901768,519001,2026-04-28,Poor Quality,349.67
901769,519002,2026-07-13,Poor Quality,262.83
901770,519012,2025-03-31,Damaged,1076.09
901771,519023,2025-09-16,Changed Mind,369.69
901772,519026,2025-04-04,Damaged,7850.93
901773,519033,2026-06-04,Not as Described,77.49
901774,519039,2026-01-01,Poor Quality,689.45
901775,519050,2025-04-07,Poor Quality,1430.14
901776,519055,2026-04-18,Damaged,440.29
901777,519064,2025-01-13,Damaged,2401.06
901778,519067,2025-11-13,Damaged,1215.73
901779,519080,2026-01-22,Changed Mind,1848.57
901780,519090,2025-09-19,Damaged,108.17
901781,519091,2025-03-17,Not as Described,1163.08
901782,519097,2026-03-04,Late Delivery,840.42
901783,519099,2025-09-16,Late Delivery,848.64
901784,519100,2025-12-25,Poor Quality,1649.88
901785,519105,2025-05-21,Wrong Product,1798.08
901786,519107,2025-11-23,Changed Mind,399.9
901787,519111,2026-01-03,Poor Quality,677.18
901788,519142,2025-06-27,Damaged,381.4
901789,519151,2025-08-02,Wrong Product,597.1
901790,519154,2025-04-28,Changed Mind,1247.29
901791,519161,2025-02-27,Poor Quality,1516.32
901792,519162,2025-11-11,Poor Quality,1194.41
901793,519175,2026-04-10,Damaged,1077.92
901794,519200,2025-03-14,Poor Quality,576.81
901795,519229,2026-02-18,Poor Quality,1517.02
901796,519238,2025-10-12,Wrong Product,2955.89
901797,519241,2026-02-16,Damaged,1540.95
901798,519264,2025-10-22,Not as Described,599.29
901799,519265,2025-01-27,Changed Mind,2525.01
901800,519291,2025-10-22,Late Delivery,893.15
901801,519301,2025-03-23,Damaged,1954.32
901802,519304,2025-09-17,Poor Quality,11280.83
901803,519319,2025-11-30,Poor Quality,3690.17
901804,519328,2025-12-15,Not as Described,471.51
901805,519362,2025-02-19,Damaged,1171.51
901806,519382,2025-02-08,Late Delivery,591.14
901807,519392,2025-07-04,Damaged,444.74
901808,519393,2025-06-03,Late Delivery,1992.2
901809,519394,2025-08-22,Poor Quality,896.08
901810,519399,2025-10-29,Not as Described,859.34
901811,519406,2025-01-07,Damaged,194.31
901812,519420,2025-04-22,Poor Quality,116.18
901813,519488,2025-11-06,Not as Described,424.3
901814,519494,2026-04-20,Damaged,630.16
901815,519507,2025-12-13,Wrong Product,3072.29
901816,519533,2026-07-03,Damaged,4699.12
901817,519535,2025-12-28,Poor Quality,5454.76
901818,519541,2025-03-09,Late Delivery,470.83
901819,519545,2025-07-31,Changed Mind,1296.72
901820,519560,2025-02-28,Not as Described,5322.63
901821,519568,2026-06-14,Not as Described,835.13
901822,519574,2026-05-31,Poor Quality,350.18
901823,519577,2025-09-08,Changed Mind,1062.05
901824,519586,2025-11-07,Wrong Product,1324.99
901825,519594,2026-07-11,Poor Quality,1823.64
901826,519605,2025-06-27,Poor Quality,945.02
901827,519610,2026-07-21,Damaged,1448.72
901828,519612,2026-04-03,Damaged,1547.02
901829,519621,2025-11-05,Changed Mind,1159.02
901830,519623,2025-10-22,Damaged,93.53
901831,519624,2026-06-28,Not as Described,2737.84
901832,519626,2026-06-12,Wrong Product,3008.45
901833,519639,2025-07-14,Changed Mind,293.81
901834,519651,2025-05-16,Poor Quality,461.76
901835,519656,2026-04-08,Not as Described,670.61
901836,519668,2025-07-18,Poor Quality,255.21
901837,519685,2026-04-14,Poor Quality,1204.05
901838,519691,2025-09-04,Late Delivery,2856.48
901839,519709,2025-04-24,Late Delivery,4395.0
901840,519729,2025-12-15,Not as Described,284.78
901841,519737,2025-03-30,Poor Quality,3499.62
901842,519740,2026-03-05,Poor Quality,969.07
901843,519756,2025-06-30,Damaged,2341.42
901844,519797,2025-09-08,Wrong Product,817.26
901845,519804,2026-05-29,Late Delivery,108.27
901846,519813,2025-02-05,Wrong Product,247.55
901847,519828,2025-06-14,Not as Described,8951.6
901848,519849,2026-05-10,Wrong Product,484.33
901849,519864,2025-11-12,Wrong Product,1648.68
901850,519902,2026-03-02,Damaged,998.02
901851,519907,2025-12-17,Wrong Product,490.97
901852,519913,2026-03-30,Changed Mind,1752.03
901853,519918,2025-02-25,Poor Quality,257.24
901854,519937,2025-01-21,Damaged,894.02
901855,519940,2025-06-22,Wrong Product,961.34
901856,519950,2026-06-16,Poor Quality,2786.89
901857,519954,2026-01-29,Damaged,657.2
901858,519991,2025-06-12,Late Delivery,749.61
901859,520008,2026-02-11,Not as Described,2525.37
901860,520024,2025-05-07,Unknown,298.54
901861,520039,2025-12-15,Wrong Product,273.83
901862,520046,2025-12-15,Not as Described,2453.92
901863,520049,2025-04-04,Changed Mind,352.26
901864,520052,2026-01-01,Wrong Product,456.43
901865,520054,2025-04-07,Wrong Product,266.44
901866,520096,2026-02-16,Wrong Product,2224.63
901867,520120,2026-04-04,Changed Mind,186.61
901868,520130,2025-12-05,Changed Mind,4166.59
901869,520131,2025-02-20,Damaged,1759.41
901870,520140,2025-02-15,Damaged,980.01
901871,520154,2026-04-16,Not as Described,985.72
901872,520157,2025-10-03,Changed Mind,413.47
901873,520164,2025-10-18,Not as Described,702.9
901874,520165,2025-09-17,Not as Described,975.45
901875,520179,2026-05-18,Late Delivery,1479.6
901876,520190,2025-12-09,Changed Mind,1609.18
901877,520193,2026-06-14,Poor Quality,679.2
901878,520228,2025-12-14,Poor Quality,193.38
901879,520249,2025-01-09,Late Delivery,1334.04
901880,520252,2026-06-06,Not as Described,740.24
901881,520260,2025-05-30,Damaged,280.22
901882,520262,2025-04-03,Poor Quality,1207.42
901883,520270,2025-10-12,Damaged,1320.44
901884,520277,2025-08-31,Poor Quality,2115.03
901885,520300,2025-02-27,Poor Quality,1628.63
901886,520331,2025-02-13,Damaged,442.43
901887,520338,2025-06-07,Wrong Product,556.75
901888,520359,2025-04-07,Poor Quality,1600.43
901889,520364,2026-06-29,Damaged,58.19
901890,520373,2025-10-21,Wrong Product,1121.81
901891,520382,2026-04-24,Damaged,3940.88
901892,520383,2025-03-29,Changed Mind,1258.32
901893,520386,2026-03-25,Not as Described,343.72
901894,520391,2025-11-26,Damaged,4276.81
901895,520397,2025-07-22,Poor Quality,617.39
901896,520404,2026-01-23,Changed Mind,323.93
901897,520406,2026-06-23,Wrong Product,3541.67
901898,520410,2026-01-04,Changed Mind,674.77
901899,520413,2026-03-24,Unknown,314.45
901900,520419,2025-05-19,Unknown,93.86
901901,520438,2025-03-05,Not as Described,214.26
901902,520443,2025-09-17,Wrong Product,1817.41
901903,520448,2025-10-26,Not as Described,750.63
901904,520459,2025-05-25,Not as Described,818.94
901905,520460,2025-03-30,Not as Described,969.47
901906,520463,2025-07-20,Wrong Product,754.6
901907,520465,2026-02-25,Poor Quality,1525.29
901908,520471,2025-06-19,Poor Quality,921.66
901909,520472,2026-01-16,Not as Described,331.55
901910,520479,2025-12-12,Wrong Product,267.13
901911,520487,2025-08-02,Changed Mind,950.19
901912,520498,2025-04-18,Poor Quality,13459.29
901913,520515,2025-07-09,Not as Described,4880.55
901914,520546,2025-05-13,Poor Quality,725.46
901915,520561,2026-02-23,Late Delivery,759.76
901916,520586,2025-06-09,Wrong Product,4287.97
901917,520600,2026-03-16,Changed Mind,5288.71
901918,520602,2025-11-03,Changed Mind,1174.24
901919,520609,2025-02-26,Late Delivery,2444.46
901920,520616,2025-03-29,Not as Described,1214.71
901921,520626,2025-09-10,Poor Quality,1240.49
901922,520630,2025-05-07,Not as Described,70.13
901923,520638,2026-03-09,Not as Described,1204.39
901924,520642,2025-02-02,Changed Mind,1967.05
901925,520699,2026-02-02,Poor Quality,1764.63
901926,520706,2026-06-15,Poor Quality,1910.35
901927,520738,2026-04-02,Damaged,542.75
901928,520748,2025-02-26,Poor Quality,1145.72
901929,520754,2026-03-03,Not as Described,300.38
901930,520758,2025-11-07,Changed Mind,1819.91
901931,520777,2025-05-27,Poor Quality,523.2
901932,520780,2025-12-13,Poor Quality,918.31
901933,520783,2025-03-23,Changed Mind,489.52
901934,520801,2025-12-21,Poor Quality,374.26
901935,520806,2025-08-10,Damaged,290.04
901936,520835,2025-03-07,Wrong Product,240.66
901937,520838,2025-04-16,Poor Quality,1460.45
901938,520839,2025-08-09,Poor Quality,3364.18
901939,520853,2026-04-20,Wrong Product,85.44
901940,520871,2026-04-18,Changed Mind,2045.43
901941,520886,2025-05-19,Damaged,1017.97
901942,520900,2025-09-12,Not as Described,2642.78
901943,520909,2025-08-08,Damaged,668.04
901944,520919,2026-02-07,Damaged,667.63
901945,520922,2025-08-08,Late Delivery,845.28
901946,520926,2026-02-27,Poor Quality,321.04
901947,520927,2025-03-04,Changed Mind,2420.64
901948,520933,2025-05-17,Poor Quality,1796.88
901949,520954,2025-04-08,Wrong Product,2717.18
901950,520978,2025-04-10,Late Delivery,1404.33
901951,520981,2026-01-28,Damaged,730.83
901952,520983,2026-05-28,Changed Mind,2215.16
901953,521025,2026-03-23,Wrong Product,2860.0
901954,521027,2026-03-22,Wrong Product,1063.64
901955,521077,2026-07-01,Not as Described,1060.71
901956,521089,2025-09-09,Poor Quality,1820.77
901957,521090,2025-12-22,Not as Described,964.11
901958,521091,2025-06-24,Late Delivery,416.78
901959,521094,2026-03-31,Wrong Product,819.49
901960,521097,2026-05-24,Poor Quality,2129.45
901961,521104,2025-04-03,Poor Quality,310.81
901962,521110,2025-08-06,Poor Quality,1815.42
901963,521113,2025-05-26,Not as Described,1075.22
901964,521140,2026-05-19,Not as Described,1502.34
901965,521144,2025-08-25,Late Delivery,101.96
901966,521151,2026-03-03,Poor Quality,151.49
901967,521159,2025-03-11,Wrong Product,4164.62
901968,521164,2025-07-29,Wrong Product,1452.57
901969,521168,2026-02-16,Poor Quality,150.61
901970,521176,2025-10-21,Poor Quality,237.12
901971,521178,2025-09-19,Not as Described,760.84
901972,521198,2026-01-30,Wrong Product,1022.29
901973,521199,2025-12-26,Not as Described,753.19
901974,521200,2026-03-03,Poor Quality,6029.82
901975,521201,2026-02-16,Wrong Product,385.94
901976,521208,2025-04-22,Damaged,1179.79
901977,521223,2026-06-05,Wrong Product,847.88
901978,521249,2025-02-10,Not as Described,2693.75
901979,521250,2025-11-17,Not as Described,988.65
901980,521259,2026-03-24,Poor Quality,511.45
901981,521261,2026-06-23,Poor Quality,1884.05
901982,521270,2026-04-02,Late Delivery,1279.17
901983,521272,2025-03-11,Not as Described,1581.3
901984,521281,2025-11-18,Wrong Product,1828.71
901985,521286,2025-07-21,Late Delivery,188.86
901986,521295,2025-11-09,Poor Quality,513.2
901987,521324,2026-03-28,Late Delivery,472.24
901988,521345,2026-06-05,Not as Described,858.53
901989,521346,2025-12-07,Changed Mind,3277.36
901990,521364,2025-05-24,Poor Quality,283.0
901991,521374,2025-02-07,Late Delivery,1012.07
901992,521380,2025-03-14,Late Delivery,368.38
901993,521381,2025-07-04,Late Delivery,2559.58
901994,521386,2026-03-05,Not as Described,1479.75
901995,521387,2025-11-28,Wrong Product,1541.52
901996,521400,2026-05-25,Late Delivery,1033.94
901997,521420,2025-12-18,Wrong Product,642.93
901998,521432,2026-04-24,Not as Described,707.22
901999,521457,2025-04-18,Damaged,273.99
902000,521459,2025-11-26,Damaged,604.9
902001,521466,2025-03-05,Not as Described,4484.17
902002,521474,2025-03-09,Poor Quality,953.02
902003,521475,2025-07-19,Poor Quality,72.33
902004,521504,2025-11-13,Wrong Product,2553.03
902005,521508,2026-03-26,Wrong Product,572.96
902006,521509,2025-03-31,Poor Quality,579.93
902007,521522,2026-07-15,Damaged,2870.87
902008,521526,2025-02-26,Changed Mind,994.85
902009,521555,2025-08-17,Not as Described,1319.61
902010,521577,2025-02-08,Damaged,1283.34
902011,521582,2026-07-02,Not as Described,710.9
902012,521589,2025-11-18,Damaged,447.98
902013,521593,2025-02-16,Poor Quality,304.88
902014,521597,2026-02-13,Poor Quality,2144.19
902015,521598,2025-10-10,Poor Quality,674.33
902016,521623,2026-06-29,Late Delivery,1743.51
902017,521634,2025-08-17,Wrong Product,2857.29
902018,521644,2026-01-09,Not as Described,877.4
902019,521645,2025-07-05,Late Delivery,2928.76
902020,521685,2025-12-05,Damaged,1012.58
902021,521714,2025-09-16,Wrong Product,1314.67
902022,521721,2026-04-01,Wrong Product,7614.46
902023,521752,2025-11-13,Poor Quality,719.52
902024,521761,2026-07-25,Unknown,603.82
902025,521763,2025-08-11,Poor Quality,1726.74
902026,521784,2025-04-17,Damaged,350.44
902027,521790,2026-01-03,Not as Described,1526.18
902028,521808,2025-02-04,Not as Described,2317.66
902029,521846,2025-08-23,Not as Described,1405.48
902030,521853,2026-02-25,Poor Quality,3013.62
902031,521855,2025-05-01,Wrong Product,354.36
902032,521861,2026-03-04,Damaged,48.65
902033,521884,2025-02-11,Poor Quality,1216.63
902034,521888,2025-05-29,Damaged,530.12
902035,521892,2026-07-17,Unknown,299.27
902036,521898,2025-12-17,Wrong Product,1472.85
902037,521901,2026-05-07,Late Delivery,2416.85
902038,521921,2025-04-17,Late Delivery,2412.29
902039,521932,2025-02-05,Changed Mind,199.97
902040,521940,2025-12-27,Poor Quality,1631.87
902041,521970,2025-10-03,Wrong Product,2101.24
902042,521993,2025-12-19,Damaged,2803.68
902043,522002,2025-06-30,Not as Described,469.53
902044,522034,2025-01-16,Damaged,12351.61
902045,522041,2025-06-05,Wrong Product,448.2
902046,522043,2026-01-21,Not as Described,2257.29
902047,522060,2025-10-21,Poor Quality,403.08
902048,522070,2026-04-12,Poor Quality,501.06
902049,522089,2025-02-26,Wrong Product,2554.85
902050,522110,2025-02-16,Poor Quality,574.13
902051,522133,2026-04-17,Not as Described,2407.81
902052,522135,2026-04-13,Late Delivery,583.5
902053,522140,2026-03-24,Wrong Product,177.42
902054,522152,2026-03-02,Damaged,1204.55
902055,522193,2025-07-29,Late Delivery,637.71
902056,522199,2025-05-01,Changed Mind,571.35
902057,522207,2025-05-23,Poor Quality,3281.34
902058,522215,2026-06-14,Not as Described,931.63
902059,522217,2026-01-15,Poor Quality,1141.13
902060,522220,2025-03-13,Not as Described,105.35
902061,522247,2025-11-23,Unknown,990.98
902062,522252,2025-10-05,Poor Quality,2815.43
902063,522258,2025-02-12,Changed Mind,2004.3
902064,522262,2026-02-23,Changed Mind,78.47
902065,522270,2025-09-30,Late Delivery,240.07
902066,522286,2025-04-19,Wrong Product,1998.5
902067,522299,2025-08-17,Damaged,352.51
902068,522300,2025-11-08,Changed Mind,820.14
902069,522311,2025-05-16,Damaged,918.06
902070,522317,2025-12-13,Poor Quality,848.54
902071,522346,2025-05-03,Poor Quality,489.71
902072,522349,2025-09-01,Poor Quality,900.77
902073,522355,2026-06-18,Late Delivery,1425.79
902074,522416,2025-04-15,Changed Mind,3922.11
902075,522426,2026-06-27,Wrong Product,658.74
902076,522455,2026-06-13,Changed Mind,1432.9
902077,522458,2026-06-05,Wrong Product,1211.64
902078,522464,2026-02-18,Changed Mind,536.03
902079,522496,2025-12-16,Not as Described,1392.59
902080,522517,2025-06-16,Poor Quality,1717.16
902081,522520,2026-05-03,Damaged,863.55
902082,522532,2026-01-17,Poor Quality,5326.32
902083,522571,2025-09-10,Damaged,351.65
902084,522573,2026-03-16,Not as Described,411.74
902085,522584,2025-09-05,Wrong Product,363.27
902086,522586,2025-07-27,Changed Mind,1200.46
902087,522593,2025-06-26,Not as Described,152.64
902088,522603,2025-02-12,Damaged,828.59
902089,522629,2026-04-22,Wrong Product,308.01
902090,522639,2026-04-27,Late Delivery,666.45
902091,522651,2025-11-27,Poor Quality,3867.98
902092,522656,2026-04-08,Wrong Product,684.0
902093,522657,2025-04-15,Damaged,1854.39
902094,522664,2025-11-21,Poor Quality,506.22
902095,522716,2026-06-19,Poor Quality,1367.55
902096,522734,2026-05-02,Damaged,629.62
902097,522754,2025-07-26,Changed Mind,842.66
902098,522759,2025-08-02,Damaged,1095.31
902099,522768,2026-02-19,Wrong Product,905.82
902100,522770,2025-01-16,Damaged,312.81
902101,522781,2025-10-05,Not as Described,1196.89
902102,522791,2025-12-08,Poor Quality,1649.84
902103,522792,2026-05-11,Changed Mind,2305.55
902104,522805,2025-02-13,Wrong Product,856.15
902105,522809,2026-05-01,Damaged,1147.82
902106,522810,2025-06-05,Late Delivery,2405.91
902107,522816,2025-09-13,Damaged,1256.19
902108,522826,2025-08-05,Late Delivery,752.22
902109,522836,2026-03-25,Late Delivery,890.46
902110,522844,2026-05-12,Poor Quality,346.79
902111,522861,2025-03-20,Changed Mind,941.16
902112,522868,2026-03-12,Damaged,663.97
902113,522949,2025-06-24,Poor Quality,953.44
902114,522968,2025-05-10,Not as Described,2644.33
902115,522990,2025-03-28,Damaged,1169.54
902116,523006,2025-12-28,Poor Quality,51.16
902117,523017,2026-03-11,Not as Described,1020.12
902118,523030,2026-01-13,Poor Quality,1521.32
902119,523031,2026-02-08,Not as Described,1142.19
902120,523062,2025-05-21,Changed Mind,1694.66
902121,523086,2025-02-01,Unknown,650.97
902122,523097,2026-01-03,Damaged,10591.94
902123,523104,2025-02-11,Poor Quality,1267.16
902124,523109,2025-09-03,Poor Quality,4458.48
902125,523110,2025-09-07,Wrong Product,1599.63
902126,523112,2025-07-02,Not as Described,214.58
902127,523132,2025-06-12,Changed Mind,789.83
902128,523145,2025-12-31,Changed Mind,2890.88
902129,523156,2025-10-02,Damaged,792.13
902130,523179,2025-10-12,Wrong Product,1736.51
902131,523189,2025-10-06,Late Delivery,4467.84
902132,523205,2025-10-20,Not as Described,770.69
902133,523223,2025-11-10,Changed Mind,1439.65
902134,523239,2026-03-23,Damaged,1153.13
902135,523251,2025-05-04,Late Delivery,171.54
902136,523267,2026-01-10,Not as Described,937.51
902137,523282,2026-03-11,Late Delivery,761.28
902138,523286,2026-03-16,Poor Quality,682.29
902139,523290,2025-09-11,Late Delivery,1003.05
902140,523302,2025-07-24,Changed Mind,2903.32
902141,523315,2025-08-30,Changed Mind,1242.35
902142,523319,2025-01-26,Poor Quality,279.54
902143,523339,2026-03-22,Poor Quality,1638.17
902144,523355,2026-06-09,Late Delivery,978.08
902145,523363,2026-03-09,Poor Quality,2432.97
902146,523365,2026-03-24,Damaged,2410.98
902147,523367,2026-05-06,Not as Described,1951.5
902148,523387,2025-03-24,Not as Described,833.14
902149,523409,2025-03-06,Poor Quality,1472.64
902150,523444,2025-02-13,Late Delivery,2449.76
902151,523488,2025-07-13,Not as Described,2348.04
902152,523504,2026-06-19,Unknown,1066.78
902153,523506,2025-06-29,Wrong Product,835.72
902154,523514,2026-03-17,Poor Quality,1108.13
902155,523519,2025-03-12,Poor Quality,3580.72
902156,523527,2026-05-18,Not as Described,976.88
902157,523530,2026-03-07,Wrong Product,949.24
902158,523534,2025-11-25,Poor Quality,1610.76
902159,523535,2025-05-01,Late Delivery,951.67
902160,523540,2026-03-01,Late Delivery,5505.38
902161,523546,2026-01-18,Poor Quality,114.43
902162,523568,2025-08-09,Changed Mind,757.56
902163,523580,2025-09-15,Not as Described,461.46
902164,523585,2025-07-27,Wrong Product,1500.85
902165,523590,2025-04-06,Changed Mind,1482.99
902166,523596,2026-05-19,Poor Quality,2299.43
902167,523608,2025-12-30,Poor Quality,431.81
902168,523619,2025-06-13,Not as Described,608.63
902169,523621,2026-01-03,Wrong Product,2059.93
902170,523632,2025-08-19,Late Delivery,2676.67
902171,523643,2025-04-25,Poor Quality,436.53
902172,523652,2025-12-26,Poor Quality,666.83
902173,523668,2026-07-08,Wrong Product,126.58
902174,523682,2025-03-11,Changed Mind,923.13
902175,523685,2025-01-27,Not as Described,1488.28
902176,523696,2025-05-02,Late Delivery,265.84
902177,523737,2026-05-30,Late Delivery,757.92
902178,523745,2025-06-27,Changed Mind,2008.04
902179,523750,2025-03-27,Poor Quality,907.1
902180,523757,2025-05-24,Poor Quality,823.73
902181,523759,2026-03-26,Not as Described,3107.98
902182,523762,2026-02-02,Not as Described,2542.89
902183,523777,2026-02-11,Wrong Product,1545.3
902184,523793,2025-12-02,Not as Described,292.26
902185,523794,2025-08-02,Changed Mind,2104.57
902186,523797,2025-04-12,Not as Described,1303.56
902187,523814,2025-05-09,Wrong Product,1014.09
902188,523832,2025-10-08,Poor Quality,2874.71
902189,523845,2026-06-30,Changed Mind,640.26
902190,523866,2025-06-05,Not as Described,441.08
902191,523870,2025-05-07,Unknown,557.63
902192,523891,2026-05-06,Changed Mind,351.75
902193,523896,2025-07-09,Poor Quality,303.12
902194,523903,2025-12-09,Late Delivery,13766.6
902195,523909,2025-09-30,Changed Mind,1421.22
902196,523910,2025-11-11,Wrong Product,2449.52
902197,523911,2026-03-13,Poor Quality,583.68
902198,523917,2025-03-25,Late Delivery,214.13
902199,523920,2026-03-07,Poor Quality,1915.18
902200,523922,2026-04-19,Damaged,1283.95
902201,523948,2026-05-07,Damaged,624.57
902202,523955,2025-12-08,Wrong Product,527.44
902203,523962,2025-09-18,Poor Quality,3520.01
902204,523970,2026-04-26,Late Delivery,420.7
902205,523975,2025-11-28,Late Delivery,2229.17
902206,524000,2026-06-22,Wrong Product,952.88
902207,524012,2025-09-07,Not as Described,543.11
902208,524022,2025-07-02,Poor Quality,145.48
902209,524023,2025-08-27,Changed Mind,6482.47
902210,524037,2025-05-08,Changed Mind,651.07
902211,524040,2026-06-16,Not as Described,328.65
902212,524044,2025-12-11,Wrong Product,3948.74
902213,524049,2026-07-01,Late Delivery,499.59
902214,524054,2025-10-02,Damaged,460.51
902215,524058,2025-03-15,Damaged,977.31
902216,524096,2026-02-10,Changed Mind,247.46
902217,524103,2025-07-15,Poor Quality,283.9
902218,524107,2026-02-13,Unknown,975.79
902219,524144,2025-02-10,Damaged,2414.12
902220,524152,2025-11-03,Damaged,181.96
902221,524170,2026-04-13,Late Delivery,3418.94
902222,524179,2025-05-18,Poor Quality,704.93
902223,524194,2026-04-17,Not as Described,1219.3
902224,524196,2025-01-23,Poor Quality,585.68
902225,524222,2026-05-07,Damaged,4371.12
902226,524229,2026-05-18,Wrong Product,3879.92
902227,524233,2026-04-01,Damaged,622.4
902228,524241,2025-10-12,Not as Described,1864.93
902229,524245,2025-12-18,Late Delivery,2390.45
902230,524247,2026-05-11,Damaged,5857.71
902231,524250,2025-05-03,Changed Mind,353.82
902232,524267,2025-09-15,Late Delivery,579.99
902233,524269,2026-04-21,Damaged,6218.75
902234,524320,2025-10-10,Changed Mind,1158.69
902235,524323,2026-06-09,Poor Quality,1770.43
902236,524329,2026-02-13,Not as Described,2964.62
902237,524331,2026-05-30,Changed Mind,4063.78
902238,524344,2025-01-17,Late Delivery,807.71
902239,524345,2026-06-20,Damaged,360.91
902240,524349,2026-02-20,Wrong Product,998.58
902241,524350,2026-06-20,Not as Described,1021.97
902242,524355,2025-11-08,Changed Mind,157.36
902243,524362,2026-06-18,Wrong Product,1954.43
902244,524367,2026-07-12,Damaged,215.8
902245,524373,2026-03-19,Changed Mind,89.79
902246,524379,2025-08-14,Damaged,420.48
902247,524380,2025-06-25,Damaged,1036.67
902248,524384,2026-01-03,Not as Described,4963.65
902249,524389,2025-05-27,Late Delivery,426.62
902250,524433,2025-11-19,Unknown,3668.4
902251,524434,2026-01-26,Poor Quality,1436.82
902252,524440,2026-01-09,Not as Described,793.4
902253,524458,2026-04-22,Poor Quality,454.25
902254,524471,2025-11-30,Poor Quality,193.47
902255,524476,2026-01-06,Changed Mind,2807.87
902256,524488,2025-05-18,Not as Described,1571.2
902257,524490,2025-04-13,Unknown,341.45
902258,524498,2025-12-14,Unknown,1518.26
902259,524505,2025-12-07,Poor Quality,1520.12
902260,524516,2026-01-07,Changed Mind,1030.18
902261,524526,2026-06-26,Wrong Product,502.89
902262,524530,2025-05-01,Wrong Product,1847.83
902263,524539,2025-03-06,Damaged,122.0
902264,524549,2025-12-06,Damaged,782.97
902265,524551,2026-01-23,Poor Quality,5105.81
902266,524570,2026-03-15,Poor Quality,2826.87
902267,524581,2025-07-08,Poor Quality,245.5
902268,524591,2026-05-24,Late Delivery,1229.87
902269,524606,2026-01-08,Unknown,190.71
902270,524607,2026-05-21,Wrong Product,619.2
902271,524616,2025-04-07,Poor Quality,2553.85
902272,524626,2025-09-02,Damaged,1057.97
902273,524632,2025-05-10,Wrong Product,1769.65
902274,524641,2025-03-28,Poor Quality,1990.02
902275,524643,2025-05-29,Poor Quality,230.48
902276,524653,2025-09-22,Changed Mind,910.17
902277,524664,2025-12-28,Damaged,1449.68
902278,524677,2026-05-27,Wrong Product,1573.65
902279,524693,2026-03-27,Late Delivery,179.33
902280,524697,2025-02-06,Late Delivery,1306.76
902281,524704,2026-06-21,Damaged,2051.47
902282,524705,2025-06-01,Damaged,3846.23
902283,524706,2025-11-24,Not as Described,587.44
902284,524746,2026-06-23,Wrong Product,2892.02
902285,524753,2026-07-08,Poor Quality,3603.34
902286,524755,2025-01-29,Changed Mind,2967.23
902287,524765,2025-09-06,Poor Quality,1167.69
902288,524766,2025-10-09,Not as Described,1427.53
902289,524777,2026-05-01,Damaged,1464.94
902290,524778,2025-08-06,Not as Described,2185.51
902291,524800,2025-10-27,Damaged,1850.81
902292,524840,2025-05-18,Late Delivery,2351.98
902293,524850,2026-06-12,Poor Quality,6466.84
902294,524876,2025-06-16,Not as Described,739.04
902295,524886,2026-06-17,Poor Quality,346.01
902296,524904,2026-01-01,Poor Quality,652.31
902297,524915,2026-01-20,Not as Described,1781.01
902298,524950,2026-04-30,Damaged,1241.42
902299,524988,2025-06-15,Damaged,1243.12
902300,525018,2026-06-18,Damaged,453.68
902301,525022,2025-10-22,Wrong Product,483.78
902302,525026,2026-02-13,Poor Quality,2341.04
902303,525034,2025-08-05,Poor Quality,1128.42
902304,525038,2026-03-06,Poor Quality,216.08
902305,525039,2025-05-23,Poor Quality,285.01
902306,525055,2026-02-04,Wrong Product,2452.42
902307,525057,2026-07-04,Damaged,771.31
902308,525067,2025-03-24,Changed Mind,346.89
902309,525069,2026-02-06,Not as Described,1214.5
902310,525070,2025-05-14,Damaged,1371.77
902311,525094,2025-07-26,Wrong Product,364.04
902312,525098,2026-02-14,Late Delivery,3056.27
902313,525107,2026-01-22,Poor Quality,1796.78
902314,525137,2026-03-29,Poor Quality,971.64
902315,525148,2026-03-25,Poor Quality,1223.09
902316,525198,2025-11-16,Poor Quality,1537.49
902317,525206,2025-02-05,Poor Quality,1499.62
902318,525227,2026-01-22,Poor Quality,192.18
902319,525238,2025-05-19,Poor Quality,555.25
902320,525244,2025-11-16,Changed Mind,331.61
902321,525254,2025-12-27,Unknown,1278.81
902322,525267,2025-01-29,Poor Quality,655.48
902323,525285,2025-11-25,Unknown,4564.02
902324,525299,2025-11-13,Changed Mind,319.01
902325,525314,2026-05-02,Wrong Product,1610.22
902326,525318,2026-02-20,Poor Quality,965.56
902327,525362,2026-01-28,Wrong Product,2602.74
902328,525366,2025-12-10,Damaged,4786.79
902329,525383,2025-12-07,Unknown,2048.59
902330,525395,2025-06-15,Poor Quality,180.64
902331,525398,2026-01-01,Poor Quality,1618.57
902332,525400,2025-03-25,Not as Described,503.09
902333,525408,2025-09-13,Wrong Product,649.97
902334,525417,2025-02-15,Poor Quality,2447.71
902335,525432,2025-08-16,Wrong Product,648.8
902336,525437,2025-10-24,Changed Mind,1101.35
902337,525438,2026-07-01,Changed Mind,2999.1
902338,525441,2025-11-16,Poor Quality,776.6
902339,525495,2025-10-08,Unknown,745.5
902340,525499,2026-02-18,Not as Described,890.81
902341,525518,2026-01-16,Late Delivery,1132.89
902342,525521,2025-03-30,Poor Quality,1239.06
902343,525538,2026-04-12,Wrong Product,1037.05
902344,525564,2026-06-27,Damaged,2766.55
902345,525567,2026-03-25,Late Delivery,1921.67
902346,525576,2026-07-15,Poor Quality,1613.16
902347,525581,2026-02-15,Damaged,1981.18
902348,525600,2026-02-14,Unknown,600.18
902349,525624,2026-02-16,Poor Quality,864.49
902350,525626,2025-10-20,Not as Described,6183.8
902351,525642,2025-07-04,Late Delivery,2966.92
902352,525646,2025-04-10,Damaged,400.55
902353,525709,2025-08-04,Poor Quality,2064.59
902354,525713,2025-09-30,Not as Described,1928.45
902355,525715,2025-11-29,Damaged,1270.78
902356,525742,2026-05-15,Poor Quality,748.69
902357,525743,2025-12-11,Unknown,13697.5
902358,525744,2026-06-01,Wrong Product,21119.62
902359,525757,2026-06-26,Not as Described,851.7
902360,525761,2025-12-22,Poor Quality,376.2
902361,525775,2025-12-16,Poor Quality,98.82
902362,525789,2026-01-15,Not as Described,259.7
902363,525790,2025-08-18,Wrong Product,395.4
902364,525811,2026-01-27,Not as Described,2889.27
902365,525819,2026-04-05,Changed Mind,2296.35
902366,525821,2026-04-01,Poor Quality,1267.48
902367,525825,2025-07-05,Unknown,1019.05
902368,525826,2025-09-27,Poor Quality,1032.86
902369,525850,2025-10-24,Poor Quality,834.32
902370,525880,2025-02-09,Changed Mind,973.35
902371,525888,2025-06-04,Poor Quality,2935.07
902372,525896,2026-05-26,Not as Described,4269.34
902373,525928,2025-04-06,Not as Described,5446.71
902374,525931,2026-06-29,Changed Mind,1487.41
902375,525932,2026-03-21,Poor Quality,3086.85
902376,525941,2025-02-22,Wrong Product,313.71
902377,525942,2025-03-22,Wrong Product,337.1
902378,525950,2026-04-25,Late Delivery,2894.19
902379,525953,2025-10-27,Wrong Product,1746.4
902380,525990,2026-02-04,Poor Quality,531.89
902381,525999,2026-03-20,Wrong Product,401.41
902382,526001,2026-04-12,Poor Quality,200.09
902383,526015,2025-04-29,Damaged,481.76
902384,526021,2025-04-13,Wrong Product,2230.4
902385,526027,2026-02-15,Not as Described,1897.76
902386,526041,2025-05-31,Poor Quality,1766.75
902387,526047,2026-05-17,Wrong Product,2614.61
902388,526051,2025-12-05,Damaged,485.34
902389,526071,2025-03-23,Damaged,1337.25
902390,526083,2026-02-18,Damaged,827.84
902391,526107,2025-08-03,Not as Described,207.51
902392,526115,2026-04-03,Not as Described,341.21
902393,526131,2025-09-02,Late Delivery,1333.56
902394,526147,2026-01-23,Damaged,7896.56
902395,526165,2025-04-23,Late Delivery,1974.29
902396,526167,2025-05-15,Poor Quality,110.62
902397,526170,2026-03-10,Damaged,1373.46
902398,526178,2026-01-08,Unknown,2512.9
902399,526191,2026-01-03,Damaged,997.9
902400,526196,2025-04-15,Damaged,753.87
902401,526199,2026-06-26,Wrong Product,749.14
902402,526222,2025-07-16,Damaged,863.14
902403,526223,2026-01-09,Poor Quality,850.2
902404,526226,2025-10-11,Damaged,1214.79
902405,526241,2025-02-19,Damaged,1571.17
902406,526244,2025-09-09,Unknown,320.76
902407,526250,2026-03-01,Damaged,411.6
902408,526260,2025-10-23,Wrong Product,1487.48
902409,526266,2026-02-28,Late Delivery,561.97
902410,526289,2026-06-07,Poor Quality,6561.81
902411,526304,2025-07-12,Damaged,1338.83
902412,526323,2026-06-04,Late Delivery,738.61
902413,526331,2025-10-27,Changed Mind,1074.6
902414,526336,2025-04-17,Damaged,701.27
902415,526345,2026-04-19,Damaged,2956.32
902416,526370,2025-03-10,Poor Quality,3221.25
902417,526372,2025-11-27,Damaged,2864.39
902418,526406,2026-04-30,Changed Mind,577.1
902419,526424,2025-03-13,Damaged,1074.7
902420,526443,2025-11-06,Not as Described,1122.39
902421,526475,2026-03-31,Wrong Product,594.36
902422,526491,2026-02-22,Damaged,2500.31
902423,526497,2026-04-08,Poor Quality,1265.78
902424,526521,2026-03-14,Not as Described,1952.42
902425,526547,2026-01-01,Poor Quality,1009.46
902426,526596,2025-02-26,Late Delivery,436.03
902427,526601,2025-11-16,Damaged,451.84
902428,526611,2025-07-04,Wrong Product,4268.19
902429,526622,2025-08-13,Poor Quality,1023.2
902430,526631,2025-09-04,Damaged,906.12
902431,526634,2026-01-17,Changed Mind,854.55
902432,526657,2025-06-01,Poor Quality,1219.24
902433,526705,2026-07-15,Not as Described,276.86
902434,526739,2026-02-21,Poor Quality,2441.93
902435,526756,2025-11-07,Poor Quality,81.75
902436,526770,2025-10-08,Wrong Product,612.06
902437,526772,2025-05-07,Damaged,1302.97
902438,526773,2025-03-23,Wrong Product,330.35
902439,526782,2025-01-20,Not as Described,930.59
902440,526783,2025-07-02,Not as Described,482.12
902441,526787,2025-08-25,Damaged,626.87
902442,526801,2025-03-09,Not as Described,236.06
902443,526820,2025-01-16,Poor Quality,1138.48
902444,526822,2025-05-01,Not as Described,1433.58
902445,526825,2025-06-01,Not as Described,236.44
902446,526826,2025-09-16,Not as Described,611.91
902447,526833,2026-02-26,Wrong Product,1557.51
902448,526839,2025-09-01,Not as Described,1843.1
902449,526846,2025-05-09,Poor Quality,110.53
902450,526857,2025-12-28,Wrong Product,2417.37
902451,526860,2026-07-14,Poor Quality,1084.76
902452,526861,2026-01-11,Damaged,767.43
902453,526863,2026-06-05,Unknown,770.62
902454,526865,2025-02-01,Changed Mind,1238.61
902455,526874,2026-02-02,Damaged,2329.86
902456,526876,2026-06-11,Damaged,842.4
902457,526879,2025-03-12,Changed Mind,939.39
902458,526889,2026-05-22,Poor Quality,2573.18
902459,526892,2025-03-25,Wrong Product,4200.41
902460,526914,2025-04-15,Not as Described,2633.18
902461,526922,2025-04-08,Not as Described,573.99
902462,526932,2026-03-30,Poor Quality,156.43
902463,526942,2026-07-06,Poor Quality,5412.08
902464,526944,2026-05-02,Poor Quality,287.1
902465,526987,2026-07-27,Late Delivery,848.94
902466,526994,2025-05-17,Late Delivery,3038.79
902467,527032,2025-04-04,Damaged,2157.99
902468,527036,2025-04-13,Not as Described,290.79
902469,527042,2026-03-28,Late Delivery,782.04
902470,527088,2025-08-27,Wrong Product,824.54
902471,527095,2026-01-08,Changed Mind,10088.71
902472,527101,2026-04-11,Changed Mind,3930.37
902473,527109,2025-03-07,Not as Described,14985.44
902474,527128,2025-04-27,Damaged,4325.04
902475,527148,2025-10-27,Changed Mind,2302.09
902476,527164,2026-07-09,Poor Quality,264.71
902477,527174,2025-08-05,Changed Mind,1697.48
902478,527175,2025-02-10,Changed Mind,1932.97
902479,527176,2025-11-13,Not as Described,4879.21
902480,527182,2025-05-04,Not as Described,445.41
902481,527191,2026-03-02,Damaged,2482.16
902482,527193,2025-07-05,Damaged,2258.39
902483,527210,2025-06-26,Poor Quality,737.57
902484,527221,2025-10-06,Not as Described,374.23
902485,527229,2025-07-11,Late Delivery,1512.23
902486,527231,2025-10-03,Damaged,1458.27
902487,527246,2025-10-10,Not as Described,1397.57
902488,527255,2026-01-23,Not as Described,2275.58
902489,527259,2025-08-30,Poor Quality,487.17
902490,527263,2026-01-09,Late Delivery,210.17
902491,527267,2025-10-23,Wrong Product,472.82
902492,527273,2026-04-17,Changed Mind,1161.83
902493,527282,2025-07-18,Wrong Product,870.52
902494,527308,2026-02-11,Changed Mind,718.68
902495,527315,2026-02-17,Poor Quality,281.16
902496,527331,2025-11-30,Not as Described,493.76
902497,527353,2025-03-12,Poor Quality,767.34
902498,527366,2025-10-31,Not as Described,136.97
902499,527402,2026-03-26,Not as Described,3636.28
902500,527404,2025-05-18,Poor Quality,6035.93
902501,527407,2026-05-09,Wrong Product,647.61
902502,527424,2026-02-11,Wrong Product,3087.58
902503,527443,2025-02-06,Changed Mind,997.98
902504,527466,2025-09-19,Wrong Product,1703.82
902505,527469,2026-01-14,Not as Described,2228.34
902506,527491,2025-01-24,Changed Mind,4146.18
902507,527522,2025-09-13,Poor Quality,1730.35
902508,527535,2025-09-19,Wrong Product,326.59
902509,527541,2025-06-06,Poor Quality,1250.3
902510,527552,2025-07-05,Late Delivery,990.64
902511,527553,2025-02-28,Damaged,1313.37
902512,527555,2025-09-15,Poor Quality,3915.43
902513,527569,2026-02-04,Not as Described,999.96
902514,527585,2026-02-02,Wrong Product,2243.24
902515,527589,2026-03-24,Poor Quality,434.95
902516,527603,2025-12-31,Late Delivery,1068.89
902517,527605,2026-01-05,Poor Quality,2317.37
902518,527612,2025-02-06,Poor Quality,1586.02
902519,527614,2025-08-06,Damaged,164.67
902520,527618,2025-12-14,Not as Described,731.51
902521,527621,2025-02-22,Late Delivery,763.12
902522,527622,2026-04-09,Damaged,2812.19
902523,527648,2025-01-30,Damaged,3264.09
902524,527649,2025-09-10,Poor Quality,1626.28
902525,527650,2025-11-05,Poor Quality,1655.9
902526,527656,2025-05-20,Changed Mind,964.7
902527,527659,2026-05-02,Damaged,1841.29
902528,527675,2025-08-27,Changed Mind,436.47
902529,527677,2025-03-16,Poor Quality,842.73
902530,527692,2025-12-05,Poor Quality,1354.91
902531,527707,2025-07-19,Damaged,1729.75
902532,527715,2025-04-28,Late Delivery,2188.22
902533,527735,2025-07-21,Poor Quality,2777.61
902534,527738,2025-02-12,Damaged,4534.81
902535,527765,2025-03-05,Wrong Product,715.37
902536,527767,2025-09-18,Late Delivery,794.08
902537,527777,2026-02-04,Unknown,810.55
902538,527819,2026-01-14,Poor Quality,1273.26
902539,527823,2025-01-11,Poor Quality,540.71
902540,527832,2026-01-07,Unknown,98.68
902541,527845,2025-10-06,Damaged,2929.16
902542,527855,2025-10-05,Late Delivery,1982.91
902543,527890,2026-01-04,Damaged,1348.44
902544,527908,2025-06-01,Late Delivery,1238.3
902545,527921,2025-06-03,Poor Quality,1172.95
902546,527926,2025-09-27,Damaged,156.05
902547,527961,2026-07-09,Late Delivery,11166.64
902548,527965,2025-08-20,Poor Quality,1512.07
902549,527967,2026-01-04,Wrong Product,1512.08
902550,527974,2025-06-02,Late Delivery,1285.89
902551,527990,2026-04-21,Wrong Product,259.18
902552,528048,2025-03-26,Not as Described,5169.39
902553,528060,2025-03-21,Late Delivery,2190.98
902554,528061,2026-04-25,Wrong Product,361.51
902555,528080,2026-05-04,Damaged,1384.49
902556,528081,2025-02-01,Changed Mind,1730.9
902557,528084,2026-05-07,Changed Mind,354.93
902558,528092,2026-06-06,Late Delivery,1560.96
902559,528102,2026-04-11,Poor Quality,1110.46
902560,528142,2026-01-10,Wrong Product,3020.76
902561,528145,2026-05-05,Not as Described,680.43
902562,528156,2025-10-08,Not as Described,3445.6
902563,528172,2025-06-30,Changed Mind,372.64
902564,528179,2026-01-14,Damaged,983.08
902565,528180,2026-02-08,Poor Quality,908.64
902566,528183,2025-10-23,Damaged,1070.95
902567,528201,2025-03-23,Changed Mind,655.39
902568,528209,2025-04-13,Late Delivery,80.51
902569,528218,2026-05-19,Unknown,1864.92
902570,528226,2025-01-09,Not as Described,3465.12
902571,528229,2025-08-26,Poor Quality,234.66
902572,528234,2025-10-12,Wrong Product,4567.68
902573,528247,2025-07-27,Not as Described,1737.23
902574,528248,2025-08-25,Damaged,11571.34
902575,528270,2025-12-03,Damaged,997.25
902576,528274,2025-08-09,Wrong Product,202.06
902577,528278,2026-01-24,Damaged,1189.45
902578,528280,2025-12-23,Late Delivery,1150.46
902579,528284,2025-11-03,Not as Described,1089.16
902580,528296,2026-06-13,Not as Described,708.08
902581,528298,2026-02-26,Not as Described,1068.08
902582,528303,2026-04-23,Damaged,2253.33
902583,528315,2026-01-30,Not as Described,819.82
902584,528333,2025-04-27,Unknown,1557.17
902585,528336,2026-02-26,Damaged,1066.45
902586,528337,2025-11-30,Changed Mind,303.53
902587,528355,2025-01-29,Damaged,3524.99
902588,528378,2025-12-19,Not as Described,1760.6
902589,528382,2025-09-25,Poor Quality,1166.51
902590,528390,2026-06-28,Wrong Product,3750.48
902591,528405,2025-05-15,Not as Described,1963.85
902592,528409,2025-09-15,Late Delivery,1000.35
902593,528414,2026-02-15,Damaged,343.44
902594,528429,2026-01-17,Late Delivery,901.86
902595,528447,2026-01-26,Wrong Product,4249.48
902596,528448,2025-09-17,Wrong Product,3925.03
902597,528456,2026-02-08,Damaged,3824.27
902598,528460,2025-07-03,Poor Quality,1005.98
902599,528477,2025-05-09,Damaged,2795.58
902600,528492,2026-01-17,Not as Described,3277.54
902601,528496,2026-04-28,Poor Quality,342.68
902602,528502,2026-01-09,Wrong Product,237.85
902603,528506,2026-04-12,Wrong Product,233.64
902604,528508,2026-06-10,Not as Described,710.15
902605,528515,2025-09-14,Damaged,1410.56
902606,528533,2025-04-21,Poor Quality,567.88
902607,528536,2026-06-27,Wrong Product,1375.81
902608,528542,2025-07-27,Poor Quality,1285.87
902609,528548,2025-04-07,Not as Described,2109.71
902610,528549,2025-07-07,Changed Mind,4407.23
902611,528557,2025-07-17,Damaged,670.43
902612,528560,2025-08-08,Poor Quality,3813.84
902613,528561,2025-11-15,Poor Quality,737.44
902614,528562,2025-06-29,Poor Quality,1944.64
902615,528573,2025-05-29,Damaged,695.35
902616,528577,2025-04-13,Poor Quality,1354.56
902617,528626,2025-10-25,Poor Quality,652.18
902618,528627,2025-02-10,Poor Quality,3888.76
902619,528633,2025-02-24,Wrong Product,613.68
902620,528642,2025-02-28,Not as Described,678.38
902621,528647,2025-02-24,Changed Mind,373.0
902622,528649,2026-02-03,Not as Described,1286.57
902623,528654,2025-09-10,Poor Quality,1350.53
902624,528659,2025-02-07,Poor Quality,1072.13
902625,528662,2025-01-25,Changed Mind,487.18
902626,528675,2026-02-25,Not as Described,1843.99
902627,528721,2025-12-16,Late Delivery,1065.38
902628,528730,2025-11-12,Poor Quality,514.3
902629,528742,2025-11-27,Damaged,8006.43
902630,528756,2025-07-01,Poor Quality,2318.67
902631,528759,2026-05-02,Poor Quality,601.92
902632,528765,2025-02-04,Damaged,5693.26
902633,528772,2025-01-27,Poor Quality,498.19
902634,528776,2025-02-28,Not as Described,1262.33
902635,528794,2026-07-19,Unknown,1166.63
902636,528798,2025-05-07,Wrong Product,1055.68
902637,528807,2025-01-25,Damaged,825.89
902638,528808,2025-04-24,Changed Mind,1782.3
902639,528831,2026-01-08,Poor Quality,954.89
902640,528866,2026-01-08,Not as Described,966.18
902641,528897,2025-07-05,Changed Mind,1123.84
902642,528900,2025-02-03,Poor Quality,1706.18
902643,528902,2025-04-29,Poor Quality,800.3
902644,528932,2026-06-25,Damaged,618.81
902645,528939,2025-02-25,Wrong Product,954.19
902646,528946,2025-07-27,Wrong Product,1691.92
902647,528948,2025-01-31,Changed Mind,288.04
902648,528952,2026-05-07,Wrong Product,1568.4
902649,528958,2026-03-29,Not as Described,1089.05
902650,528985,2025-02-16,Damaged,1010.05
902651,529003,2025-11-20,Wrong Product,582.92
902652,529036,2025-03-17,Changed Mind,273.53
902653,529040,2026-01-23,Poor Quality,712.47
902654,529050,2025-02-22,Damaged,3822.07
902655,529059,2026-07-05,Changed Mind,522.07
902656,529062,2025-06-12,Damaged,807.92
902657,529076,2025-12-31,Damaged,302.4
902658,529083,2025-06-21,Not as Described,806.89
902659,529102,2025-07-07,Not as Described,1226.02
902660,529103,2026-04-15,Late Delivery,461.42
902661,529104,2025-02-01,Not as Described,3235.65
902662,529109,2026-06-21,Late Delivery,1249.96
902663,529110,2025-05-28,Damaged,1065.01
902664,529113,2025-10-20,Wrong Product,624.75
902665,529146,2025-08-20,Damaged,124.03
902666,529147,2025-11-21,Wrong Product,333.12
902667,529166,2026-02-09,Damaged,1277.35
902668,529216,2025-07-31,Wrong Product,247.99
902669,529217,2025-05-19,Damaged,1903.63
902670,529223,2025-12-28,Poor Quality,1588.75
902671,529238,2026-01-12,Poor Quality,2053.45
902672,529242,2025-03-10,Damaged,232.33
902673,529243,2025-05-20,Poor Quality,612.48
902674,529244,2025-06-30,Poor Quality,391.49
902675,529261,2026-02-08,Damaged,1300.53
902676,529273,2025-08-23,Changed Mind,2200.86
902677,529299,2026-04-18,Poor Quality,48.41
902678,529301,2026-06-21,Wrong Product,96.81
902679,529302,2026-07-14,Late Delivery,1488.01
902680,529321,2026-05-29,Wrong Product,423.84
902681,529323,2026-02-18,Changed Mind,300.32
902682,529325,2025-12-10,Changed Mind,5284.88
902683,529350,2026-04-05,Changed Mind,663.42
902684,529352,2026-03-05,Changed Mind,256.05
902685,529358,2026-01-16,Damaged,409.29
902686,529376,2026-03-30,Wrong Product,385.43
902687,529401,2025-12-05,Not as Described,2102.49
902688,529409,2025-10-18,Damaged,3388.09
902689,529432,2026-01-30,Wrong Product,802.03
902690,529435,2025-01-18,Poor Quality,1407.92
902691,529436,2025-09-01,Not as Described,2383.19
902692,529437,2025-08-27,Not as Described,4499.71
902693,529489,2026-03-14,Not as Described,638.64
902694,529495,2025-09-20,Changed Mind,902.98
902695,529501,2026-04-09,Damaged,676.29
902696,529508,2026-01-25,Unknown,9333.89
902697,529531,2025-10-01,Wrong Product,1665.34
902698,529533,2025-07-23,Wrong Product,1124.32
902699,529552,2025-11-11,Changed Mind,2354.53
902700,529555,2025-02-02,Late Delivery,245.16
902701,529610,2026-01-22,Damaged,686.4
902702,529637,2025-05-07,Poor Quality,1204.18
902703,529649,2025-02-25,Poor Quality,1239.98
902704,529654,2025-06-11,Damaged,1082.46
902705,529661,2025-08-25,Wrong Product,7014.61
902706,529683,2025-02-28,Poor Quality,884.21
902707,529684,2026-05-22,Unknown,57.93
902708,529710,2025-04-03,Not as Described,1225.5
902709,529722,2026-01-08,Changed Mind,3674.89
902710,529737,2025-10-04,Damaged,167.12
902711,529744,2025-10-28,Late Delivery,1069.34
902712,529750,2025-12-27,Damaged,2141.81
902713,529771,2025-08-22,Poor Quality,1083.47
902714,529787,2025-10-08,Late Delivery,397.91
902715,529791,2025-02-10,Damaged,3065.06
902716,529792,2025-06-26,Late Delivery,488.26
902717,529820,2026-06-03,Changed Mind,7278.0
902718,529844,2026-05-26,Poor Quality,452.32
902719,529853,2026-01-01,Poor Quality,1736.91
902720,529879,2025-08-29,Late Delivery,446.48
902721,529880,2025-05-25,Poor Quality,2410.44
902722,529885,2025-04-08,Wrong Product,756.35
902723,529906,2026-04-20,Late Delivery,1154.72
902724,529910,2025-08-07,Poor Quality,1109.06
902725,529912,2025-04-22,Changed Mind,1642.94
902726,529917,2025-08-05,Late Delivery,1834.53
902727,529920,2025-09-12,Changed Mind,422.32
902728,529931,2025-08-04,Damaged,762.34
902729,529940,2025-07-25,Not as Described,2772.38
902730,529959,2026-01-08,Unknown,608.68
902731,529964,2025-12-14,Changed Mind,3804.27
902732,529965,2025-05-13,Damaged,1206.45
902733,529977,2025-05-23,Poor Quality,86.53
902734,529985,2026-01-15,Not as Described,301.25
902735,529990,2025-08-31,Not as Described,984.74
902736,530000,2026-07-06,Not as Described,1677.18
902737,530027,2025-04-14,Not as Described,1962.76
902738,530037,2025-08-28,Wrong Product,1290.68
902739,530042,2025-10-14,Poor Quality,2094.22
902740,530049,2025-01-19,Unknown,1035.96
902741,530052,2025-05-18,Not as Described,1161.52
902742,530059,2025-03-17,Changed Mind,1115.21
902743,530086,2025-07-03,Wrong Product,838.56
902744,530112,2025-07-08,Changed Mind,1235.06
902745,530117,2026-02-15,Wrong Product,335.12
902746,530120,2025-07-28,Not as Described,3241.75
902747,530122,2025-06-01,Not as Described,597.62
902748,530145,2025-03-02,Not as Described,1425.39
902749,530149,2025-12-24,Damaged,483.87
902750,530155,2026-06-12,Poor Quality,2004.31
902751,530159,2025-04-27,Wrong Product,762.35
902752,530163,2026-05-29,Not as Described,1270.83
902753,530179,2025-10-08,Not as Described,2457.83
902754,530191,2025-10-09,Damaged,861.45
902755,530197,2025-10-11,Damaged,1212.45
902756,530212,2025-11-02,Poor Quality,4520.04
902757,530216,2025-06-02,Damaged,511.66
902758,530224,2026-06-02,Not as Described,3699.27
902759,530234,2026-07-16,Not as Described,1497.85
902760,530235,2026-06-10,Poor Quality,92.17
902761,530245,2025-05-20,Unknown,2377.8
902762,530261,2026-04-03,Poor Quality,357.9
902763,530273,2025-02-22,Changed Mind,1980.23
902764,530275,2025-10-06,Late Delivery,1518.02
902765,530278,2025-01-16,Damaged,275.0
902766,530290,2026-05-07,Damaged,2191.89
902767,530300,2026-06-24,Damaged,2334.66
902768,530305,2026-03-16,Changed Mind,3056.64
902769,530306,2025-04-17,Damaged,274.03
902770,530310,2026-07-06,Damaged,643.19
902771,530342,2025-06-09,Damaged,9758.14
902772,530347,2025-02-04,Not as Described,1657.73
902773,530351,2025-09-18,Poor Quality,1918.92
902774,530358,2025-12-11,Damaged,1741.55
902775,530390,2026-06-17,Not as Described,1712.54
902776,530404,2025-05-07,Not as Described,1014.63
902777,530421,2026-05-28,Changed Mind,1799.21
902778,530429,2025-10-28,Poor Quality,1064.38
902779,530452,2025-12-09,Damaged,4066.21
902780,530453,2026-05-12,Damaged,1220.31
902781,530455,2026-05-19,Changed Mind,679.32
902782,530457,2025-08-09,Late Delivery,1600.31
902783,530464,2026-06-06,Poor Quality,9906.26
902784,530486,2025-04-14,Changed Mind,1329.56
902785,530491,2026-04-08,Damaged,578.45
902786,530502,2025-08-26,Changed Mind,690.23
902787,530516,2025-09-18,Not as Described,2105.63
902788,530521,2026-04-16,Late Delivery,3152.72
902789,530527,2026-06-25,Damaged,2779.05
902790,530531,2026-02-25,Poor Quality,1007.12
902791,530550,2025-08-23,Wrong Product,1999.03
902792,530558,2026-06-05,Changed Mind,280.92
902793,530570,2025-07-23,Late Delivery,2628.9
902794,530574,2025-10-07,Damaged,784.13
902795,530577,2026-01-28,Late Delivery,3534.42
902796,530583,2026-05-29,Changed Mind,4723.27
902797,530612,2025-12-06,Wrong Product,733.17
902798,530640,2025-04-18,Unknown,1340.17
902799,530645,2026-02-25,Poor Quality,227.06
902800,530648,2026-02-06,Changed Mind,1914.23
902801,530682,2025-07-28,Damaged,653.14
902802,530697,2026-03-13,Wrong Product,951.53
902803,530706,2026-07-05,Poor Quality,765.33
902804,530723,2025-11-25,Damaged,838.89
902805,530739,2025-02-21,Changed Mind,469.38
902806,530741,2026-04-03,Changed Mind,5881.84
902807,530760,2025-07-12,Poor Quality,6287.84
902808,530779,2025-03-13,Poor Quality,1046.63
902809,530786,2026-05-30,Not as Described,1750.9
902810,530789,2026-01-19,Wrong Product,1958.53
902811,530839,2025-12-12,Damaged,1122.6
902812,530853,2025-08-27,Wrong Product,398.1
902813,530868,2026-03-30,Not as Described,850.07
902814,530869,2025-07-11,Not as Described,2041.94
902815,530877,2025-09-11,Late Delivery,574.58
902816,530879,2025-11-29,Poor Quality,619.32
902817,530886,2026-06-03,Changed Mind,1419.39
902818,530891,2026-06-06,Damaged,885.66
902819,530906,2025-08-04,Poor Quality,1044.14
902820,530907,2025-11-11,Not as Described,2270.79
902821,530919,2025-03-15,Wrong Product,457.27
902822,530924,2025-10-28,Poor Quality,4688.98
902823,530932,2025-02-24,Damaged,503.21
902824,530961,2025-08-03,Changed Mind,1573.37
902825,530962,2025-05-10,Late Delivery,869.01
902826,530963,2025-12-30,Late Delivery,766.58
902827,530970,2026-05-24,Damaged,1249.43
902828,530981,2025-11-30,Wrong Product,396.15
902829,530989,2025-05-28,Damaged,222.88
902830,531011,2025-11-16,Not as Described,707.73
902831,531039,2026-06-23,Wrong Product,379.53
902832,531041,2026-05-28,Poor Quality,752.12
902833,531072,2025-02-01,Unknown,1081.74
902834,531087,2025-04-27,Poor Quality,1646.29
902835,531094,2025-09-04,Wrong Product,838.83
902836,531104,2026-02-25,Poor Quality,1061.39
902837,531105,2025-10-07,Changed Mind,860.97
902838,531108,2026-03-27,Damaged,694.48
902839,531114,2025-09-14,Not as Described,1510.43
902840,531154,2026-01-07,Not as Described,822.15
902841,531156,2025-01-19,Wrong Product,753.35
902842,531157,2025-03-31,Damaged,337.01
902843,531163,2025-09-20,Damaged,2957.94
902844,531164,2026-01-18,Poor Quality,843.69
902845,531166,2025-06-30,Not as Described,1681.51
902846,531173,2025-02-26,Poor Quality,567.45
902847,531177,2025-03-21,Not as Described,974.27
902848,531180,2025-03-11,Late Delivery,922.11
902849,531181,2025-05-29,Damaged,1361.02
902850,531182,2026-04-11,Poor Quality,1120.54
902851,531188,2026-03-28,Changed Mind,1690.19
902852,531220,2025-03-28,Not as Described,616.79
902853,531222,2025-11-01,Poor Quality,814.09
902854,531228,2026-04-03,Not as Described,3289.68
902855,531231,2026-04-16,Poor Quality,4030.52
902856,531271,2026-05-02,Damaged,4314.38
902857,531277,2026-02-03,Unknown,1031.27
902858,531281,2025-09-06,Wrong Product,657.65
902859,531289,2025-11-20,Wrong Product,3245.86
902860,531291,2025-08-11,Damaged,2537.43
902861,531292,2025-12-20,Changed Mind,1283.98
902862,531298,2025-08-12,Not as Described,3946.37
902863,531305,2025-10-04,Poor Quality,1098.07
902864,531322,2025-03-12,Poor Quality,153.91
902865,531327,2026-02-15,Changed Mind,274.4
902866,531343,2026-07-21,Poor Quality,5475.15
902867,531346,2026-05-27,Damaged,390.59
902868,531360,2025-02-06,Poor Quality,2511.79
902869,531376,2025-03-22,Not as Described,498.45
902870,531378,2025-05-27,Not as Described,957.47
902871,531397,2026-04-21,Damaged,1642.23
902872,531419,2025-02-13,Damaged,644.67
902873,531430,2025-09-30,Changed Mind,951.6
902874,531434,2025-12-24,Not as Described,217.08
902875,531443,2025-02-12,Poor Quality,1913.38
902876,531456,2025-06-03,Not as Described,1599.88
902877,531474,2026-07-03,Late Delivery,591.39
902878,531503,2025-05-14,Wrong Product,761.07
902879,531520,2025-08-15,Changed Mind,137.39
902880,531524,2025-01-15,Not as Described,12601.89
902881,531536,2025-04-21,Late Delivery,1793.79
902882,531541,2026-06-20,Changed Mind,1909.8
902883,531600,2025-07-02,Wrong Product,1050.91
902884,531602,2026-02-06,Wrong Product,882.72
902885,531605,2025-06-24,Wrong Product,281.26
902886,531606,2025-12-16,Poor Quality,357.97
902887,531612,2025-04-11,Wrong Product,670.08
902888,531621,2026-05-22,Poor Quality,473.02
902889,531629,2026-02-15,Damaged,3408.43
902890,531634,2025-04-23,Changed Mind,347.07
902891,531653,2025-08-18,Poor Quality,1124.24
902892,531654,2025-04-02,Wrong Product,5219.39
902893,531655,2025-08-01,Changed Mind,4545.61
902894,531657,2025-05-06,Poor Quality,3568.22
902895,531660,2025-03-08,Not as Described,548.44
902896,531663,2025-02-21,Wrong Product,627.41
902897,531664,2026-03-10,Changed Mind,1344.48
902898,531665,2025-12-15,Changed Mind,2069.07
902899,531678,2025-10-01,Damaged,3271.62
902900,531704,2025-03-13,Not as Described,2828.88
902901,531728,2025-04-23,Not as Described,2908.01
902902,531775,2026-06-20,Changed Mind,608.71
902903,531798,2025-06-01,Poor Quality,8231.67
902904,531803,2025-10-01,Wrong Product,1111.91
902905,531836,2026-05-04,Damaged,296.36
902906,531837,2025-06-27,Damaged,371.95
902907,531840,2025-12-26,Late Delivery,760.31
902908,531859,2025-03-21,Wrong Product,1265.18
902909,531863,2025-10-25,Poor Quality,407.01
902910,531894,2025-03-09,Damaged,2062.84
902911,531900,2025-09-25,Changed Mind,1170.11
902912,531926,2025-04-06,Changed Mind,880.81
902913,531927,2025-02-10,Late Delivery,5845.93
902914,531932,2025-05-14,Changed Mind,721.55
902915,531934,2025-11-02,Damaged,525.72
902916,531939,2025-05-30,Not as Described,588.67
902917,531947,2025-02-10,Damaged,691.22
902918,531953,2025-06-09,Changed Mind,2042.02
902919,531979,2025-04-01,Unknown,697.85
902920,531988,2025-10-09,Wrong Product,75.51
902921,532007,2026-06-23,Damaged,1440.65
902922,532011,2026-01-03,Poor Quality,2691.54
902923,532014,2026-06-26,Damaged,20021.77
902924,532016,2026-03-23,Wrong Product,502.67
902925,532018,2025-07-27,Not as Described,872.77
902926,532031,2025-02-16,Damaged,2524.15
902927,532035,2025-05-31,Not as Described,731.32
902928,532044,2026-04-10,Late Delivery,1270.54
902929,532048,2025-03-12,Poor Quality,834.6
902930,532072,2025-03-15,Unknown,293.37
902931,532078,2025-03-08,Not as Described,424.71
902932,532088,2025-12-29,Damaged,1322.56
902933,532102,2025-06-04,Unknown,655.69
902934,532108,2025-06-29,Wrong Product,1894.78
902935,532122,2025-10-29,Poor Quality,2769.79
902936,532132,2025-10-30,Poor Quality,682.13
902937,532141,2026-04-25,Poor Quality,922.46
902938,532172,2026-04-16,Damaged,366.82
902939,532176,2025-06-03,Damaged,783.83
902940,532206,2025-08-03,Not as Described,6154.45
902941,532212,2026-02-04,Damaged,1165.83
902942,532219,2025-04-14,Wrong Product,379.52
902943,532220,2025-11-14,Changed Mind,512.31
902944,532227,2025-07-11,Late Delivery,1715.73
902945,532232,2026-02-15,Not as Described,3066.5
902946,532234,2025-06-21,Not as Described,1660.9
902947,532243,2025-06-29,Poor Quality,612.81
902948,532247,2026-03-03,Not as Described,1076.65
902949,532270,2025-02-20,Unknown,1341.71
902950,532275,2026-03-06,Poor Quality,962.76
902951,532285,2026-02-18,Poor Quality,232.47
902952,532286,2025-01-27,Changed Mind,3923.24
902953,532306,2026-06-14,Damaged,312.79
902954,532316,2026-04-21,Wrong Product,3579.64
902955,532317,2025-07-09,Poor Quality,2095.44
902956,532325,2025-04-23,Late Delivery,518.77
902957,532340,2025-11-26,Damaged,1636.93
902958,532370,2025-08-10,Late Delivery,765.83
902959,532371,2026-05-17,Changed Mind,585.85
902960,532372,2026-03-18,Not as Described,1733.09
902961,532384,2026-05-03,Late Delivery,52.36
902962,532420,2025-02-17,Wrong Product,375.84
902963,532436,2025-02-08,Late Delivery,1147.91
902964,532443,2025-08-25,Changed Mind,1198.32
902965,532449,2025-12-02,Not as Described,5660.07
902966,532450,2026-05-08,Changed Mind,1854.82
902967,532462,2025-09-24,Changed Mind,2797.27
902968,532475,2026-06-12,Late Delivery,950.03
902969,532485,2025-12-27,Poor Quality,672.72
902970,532497,2026-01-11,Poor Quality,3048.88
902971,532509,2025-03-07,Late Delivery,2534.65
902972,532526,2025-02-20,Changed Mind,1252.38
902973,532533,2026-03-16,Changed Mind,1934.15
902974,532550,2025-07-19,Late Delivery,335.24
902975,532555,2025-04-06,Not as Described,8194.02
902976,532571,2025-04-23,Poor Quality,1878.88
902977,532590,2026-04-04,Wrong Product,394.56
902978,532595,2025-10-15,Not as Described,1024.17
902979,532606,2026-06-30,Not as Described,2973.26
902980,532631,2025-10-29,Wrong Product,5295.46
902981,532639,2026-05-23,Poor Quality,251.68
902982,532675,2026-02-09,Changed Mind,531.64
902983,532677,2025-08-03,Late Delivery,469.93
902984,532679,2025-03-20,Late Delivery,2070.33
902985,532684,2025-10-10,Changed Mind,1227.79
902986,532685,2025-08-12,Late Delivery,1565.09
902987,532697,2026-06-16,Poor Quality,70.71
902988,532698,2025-12-27,Damaged,1780.99
902989,532711,2026-06-01,Not as Described,211.67
902990,532727,2025-06-09,Late Delivery,2482.29
902991,532746,2025-06-11,Damaged,2498.58
902992,532775,2025-12-14,Not as Described,237.47
902993,532776,2026-06-11,Poor Quality,1075.5
902994,532783,2025-11-27,Poor Quality,1722.46
902995,532807,2025-05-10,Damaged,2555.5
902996,532808,2025-03-02,Late Delivery,4878.36
902997,532825,2026-05-05,Changed Mind,15676.48
902998,532828,2025-10-18,Changed Mind,3742.65
902999,532846,2025-06-17,Not as Described,1482.21
903000,532852,2026-02-08,Wrong Product,2570.51
903001,532856,2026-06-27,Not as Described,270.24
903002,532870,2026-02-06,Damaged,78.59
903003,532871,2025-04-23,Changed Mind,5564.4
903004,532874,2026-02-03,Poor Quality,880.77
903005,532876,2026-04-29,Changed Mind,827.32
903006,532887,2025-12-19,Poor Quality,5537.55
903007,532895,2026-03-25,Changed Mind,1076.08
903008,532917,2025-06-08,Damaged,354.36
903009,532930,2026-05-14,Damaged,403.29
903010,532946,2025-05-27,Not as Described,5177.8
903011,532984,2025-09-06,Poor Quality,579.1
903012,533003,2026-04-14,Poor Quality,1631.52
903013,533024,2026-06-08,Damaged,258.2
903014,533045,2026-04-21,Wrong Product,752.92
903015,533065,2026-03-13,Poor Quality,3431.34
903016,533077,2025-06-25,Poor Quality,663.95
903017,533083,2026-03-28,Not as Described,713.29
903018,533104,2025-09-03,Poor Quality,157.29
903019,533105,2025-07-09,Late Delivery,1767.3
903020,533107,2026-02-28,Late Delivery,1319.48
903021,533138,2026-05-04,Damaged,879.73
903022,533139,2025-09-02,Damaged,522.9
903023,533192,2025-05-05,Damaged,2194.14
903024,533203,2025-09-26,Poor Quality,175.48
903025,533213,2025-01-23,Damaged,1526.24
903026,533218,2025-08-16,Not as Described,2757.03
903027,533221,2025-05-27,Damaged,849.57
903028,533225,2026-06-21,Changed Mind,4722.74
903029,533229,2026-01-20,Poor Quality,1083.01
903030,533230,2026-06-19,Unknown,4307.74
903031,533233,2026-01-28,Wrong Product,1072.26
903032,533249,2025-05-05,Changed Mind,336.6
903033,533254,2025-12-15,Unknown,1529.04
903034,533263,2025-01-22,Wrong Product,532.62
903035,533308,2026-06-25,Not as Described,470.34
903036,533310,2025-11-04,Poor Quality,489.13
903037,533319,2025-09-24,Damaged,988.1
903038,533322,2026-03-17,Late Delivery,889.9
903039,533326,2026-05-21,Not as Described,2812.36
903040,533348,2025-05-13,Damaged,1402.12
903041,533352,2025-03-20,Changed Mind,473.49
903042,533353,2026-03-28,Not as Described,235.4
903043,533355,2026-05-25,Damaged,892.73
903044,533359,2025-02-12,Unknown,303.55
903045,533364,2026-05-03,Damaged,623.1
903046,533375,2025-08-07,Wrong Product,3486.24
903047,533394,2025-04-01,Changed Mind,1308.94
903048,533415,2026-01-16,Poor Quality,1213.71
903049,533447,2025-04-02,Poor Quality,1877.54
903050,533467,2026-03-07,Poor Quality,4782.76
903051,533470,2025-02-10,Poor Quality,638.4
903052,533471,2025-04-05,Late Delivery,316.83
903053,533474,2025-10-10,Wrong Product,678.75
903054,533502,2026-06-11,Not as Described,4076.53
903055,533514,2026-05-09,Not as Described,1409.52
903056,533518,2025-10-18,Not as Described,2267.41
903057,533520,2026-04-14,Wrong Product,474.7
903058,533528,2025-09-10,Damaged,4854.69
903059,533551,2025-07-20,Changed Mind,579.98
903060,533554,2025-04-17,Late Delivery,967.68
903061,533561,2026-01-08,Not as Described,1448.63
903062,533572,2026-07-02,Poor Quality,1075.09
903063,533611,2025-12-21,Damaged,710.78
903064,533619,2026-03-14,Poor Quality,677.62
903065,533627,2025-12-11,Late Delivery,4885.98
903066,533631,2026-05-30,Late Delivery,2872.66
903067,533650,2025-11-25,Changed Mind,740.68
903068,533651,2026-03-28,Wrong Product,989.74
903069,533657,2025-07-21,Wrong Product,1301.9
903070,533658,2025-03-06,Not as Described,2395.53
903071,533675,2026-06-13,Not as Described,2011.33
903072,533684,2025-11-07,Not as Described,214.9
903073,533711,2026-02-22,Poor Quality,155.38
903074,533714,2025-11-21,Poor Quality,2463.04
903075,533730,2025-12-28,Poor Quality,2261.56
903076,533752,2025-09-12,Not as Described,289.94
903077,533756,2025-06-12,Wrong Product,915.76
903078,533758,2025-07-02,Poor Quality,733.64
903079,533764,2025-04-07,Late Delivery,879.4
903080,533765,2026-01-02,Wrong Product,351.79
903081,533796,2026-01-22,Damaged,1601.33
903082,533800,2026-05-31,Damaged,1179.79
903083,533802,2025-02-03,Not as Described,4157.73
903084,533815,2025-05-16,Wrong Product,1046.21
903085,533831,2025-12-28,Not as Described,2618.7
903086,533833,2026-02-20,Not as Described,333.86
903087,533837,2026-05-17,Poor Quality,205.3
903088,533868,2026-03-19,Poor Quality,663.1
903089,533872,2025-10-05,Wrong Product,759.17
903090,533910,2026-07-13,Wrong Product,4446.2
903091,533914,2026-04-03,Damaged,1935.61
903092,533916,2025-04-20,Damaged,5286.83
903093,533950,2026-02-23,Damaged,275.37
903094,533953,2026-02-21,Damaged,964.93
903095,533965,2025-07-02,Late Delivery,545.19
903096,533984,2025-07-23,Damaged,1741.08
903097,533990,2025-07-17,Late Delivery,706.25
903098,533991,2025-02-04,Changed Mind,308.82
903099,533992,2025-11-06,Wrong Product,320.44
903100,533998,2025-09-06,Damaged,1130.04
903101,534012,2025-10-06,Damaged,4037.24
903102,534028,2026-01-05,Not as Described,2193.54
903103,534038,2025-04-06,Wrong Product,141.24
903104,534061,2025-03-17,Late Delivery,3617.47
903105,534063,2025-07-21,Wrong Product,3498.9
903106,534068,2026-01-04,Damaged,2215.83
903107,534126,2026-01-13,Wrong Product,1411.38
903108,534157,2026-03-09,Damaged,1677.04
903109,534168,2025-09-18,Poor Quality,1908.16
903110,534184,2025-11-19,Poor Quality,1258.37
903111,534202,2026-04-08,Late Delivery,1536.54
903112,534206,2026-02-23,Damaged,3837.57
903113,534226,2026-05-06,Late Delivery,2720.2
903114,534241,2025-12-09,Wrong Product,784.29
903115,534284,2025-02-07,Damaged,240.78
903116,534297,2026-02-18,Not as Described,3833.23
903117,534320,2025-04-11,Damaged,1282.12
903118,534322,2026-04-12,Wrong Product,2544.32
903119,534325,2025-10-07,Damaged,770.91
903120,534353,2026-01-27,Changed Mind,427.44
903121,534356,2025-06-05,Damaged,3053.63
903122,534383,2026-05-31,Changed Mind,326.9
903123,534385,2025-11-11,Changed Mind,1397.0
903124,534390,2025-10-07,Not as Described,1347.86
903125,534393,2025-04-24,Not as Described,936.19
903126,534401,2025-11-05,Not as Described,802.14
903127,534416,2025-08-22,Poor Quality,364.62
903128,534419,2025-09-04,Wrong Product,384.14
903129,534422,2026-01-23,Wrong Product,546.96
903130,534438,2026-03-23,Not as Described,828.58
903131,534440,2025-03-07,Poor Quality,5180.09
903132,534462,2025-02-04,Poor Quality,792.26
903133,534473,2025-02-13,Poor Quality,445.73
903134,534490,2026-06-01,Poor Quality,435.49
903135,534498,2026-01-26,Late Delivery,2021.13
903136,534516,2026-02-23,Damaged,606.71
903137,534517,2025-06-29,Not as Described,394.69
903138,534518,2026-04-05,Damaged,969.94
903139,534532,2026-03-01,Not as Described,499.28
903140,534542,2025-12-06,Poor Quality,798.4
903141,534544,2025-06-18,Wrong Product,1553.6
903142,534549,2025-08-26,Damaged,1876.8
903143,534560,2026-05-18,Wrong Product,1152.97
903144,534581,2026-03-13,Late Delivery,2013.69
903145,534586,2025-03-01,Unknown,3916.39
903146,534605,2025-05-15,Damaged,4892.49
903147,534606,2026-04-27,Changed Mind,1654.92
903148,534648,2025-03-29,Changed Mind,1394.55
903149,534692,2026-04-22,Poor Quality,234.88
903150,534699,2026-06-17,Poor Quality,2669.12
903151,534705,2026-02-19,Poor Quality,556.51
903152,534706,2026-03-19,Damaged,442.24
903153,534711,2025-03-07,Poor Quality,924.38
903154,534730,2025-08-11,Changed Mind,1703.0
903155,534731,2025-09-28,Not as Described,712.8
903156,534750,2025-07-14,Not as Described,2074.32
903157,534765,2026-02-06,Damaged,1011.83
903158,534789,2025-06-16,Poor Quality,1204.83
903159,534797,2025-06-17,Changed Mind,870.53
903160,534806,2025-07-10,Wrong Product,2357.07
903161,534853,2026-03-19,Damaged,743.66
903162,534855,2025-10-10,Not as Described,826.32
903163,534870,2025-03-09,Poor Quality,1089.87
903164,534895,2025-06-12,Damaged,1210.12
903165,534898,2025-12-24,Changed Mind,2782.16
903166,534930,2026-03-04,Damaged,2098.25
903167,534936,2025-06-29,Wrong Product,1022.2
903168,534938,2026-01-21,Changed Mind,881.55
903169,534943,2025-03-04,Changed Mind,798.61
903170,534945,2026-03-08,Changed Mind,341.39
903171,534960,2026-06-13,Poor Quality,987.5
903172,534964,2025-03-08,Wrong Product,529.46
903173,534969,2026-01-20,Changed Mind,1111.99
903174,534971,2025-10-21,Damaged,639.05
903175,534998,2026-01-11,Poor Quality,1762.2
903176,535004,2026-06-03,Damaged,3129.93
903177,535013,2025-11-05,Not as Described,143.59
903178,535018,2026-02-12,Damaged,959.06
903179,535021,2025-11-07,Damaged,108.05
903180,535023,2025-01-16,Not as Described,2580.45
903181,535024,2025-12-15,Changed Mind,1448.82
903182,535039,2026-06-15,Poor Quality,1948.63
903183,535041,2025-03-24,Poor Quality,2357.43
903184,535042,2025-12-21,Damaged,629.79
903185,535050,2026-04-16,Late Delivery,1657.24
903186,535059,2025-03-09,Poor Quality,306.75
903187,535120,2025-03-28,Poor Quality,4839.79
903188,535124,2025-05-12,Not as Described,1002.45
903189,535129,2025-04-28,Changed Mind,2568.09
903190,535146,2025-10-17,Not as Described,2426.96
903191,535150,2025-12-12,Wrong Product,506.01
903192,535161,2026-07-14,Damaged,524.61
903193,535168,2025-01-05,Not as Described,3706.6
903194,535177,2026-01-07,Unknown,5604.62
903195,535186,2026-06-12,Late Delivery,3696.49
903196,535199,2025-11-19,Poor Quality,592.18
903197,535207,2026-07-10,Poor Quality,569.14
903198,535220,2025-06-30,Poor Quality,3955.82
903199,535223,2026-01-25,Changed Mind,682.48
903200,535224,2025-08-23,Wrong Product,1834.31
903201,535233,2025-02-02,Not as Described,193.57
903202,535234,2025-12-25,Late Delivery,984.92
903203,535243,2025-09-21,Poor Quality,3106.95
903204,535247,2025-04-16,Poor Quality,4519.39
903205,535254,2025-11-26,Poor Quality,1180.12
903206,535260,2025-09-14,Changed Mind,652.99
903207,535273,2025-05-31,Wrong Product,502.0
903208,535290,2025-05-20,Changed Mind,1221.5
903209,535294,2026-02-27,Late Delivery,362.36
903210,535308,2025-12-24,Damaged,3354.88
903211,535325,2026-01-11,Not as Described,319.57
903212,535329,2025-08-28,Wrong Product,1092.96
903213,535346,2025-02-20,Damaged,1181.99
903214,535371,2025-04-02,Poor Quality,1087.2
903215,535379,2025-07-01,Late Delivery,256.36
903216,535383,2025-02-16,Damaged,1255.65
903217,535401,2026-03-02,Damaged,2580.66
903218,535406,2025-04-09,Poor Quality,317.71
903219,535419,2025-11-20,Wrong Product,1284.62
903220,535431,2026-07-16,Late Delivery,352.58
903221,535435,2025-03-28,Not as Described,2738.47
903222,535446,2026-03-21,Late Delivery,410.27
903223,535462,2025-08-30,Poor Quality,1206.45
903224,535473,2026-04-10,Not as Described,111.44
903225,535477,2026-03-02,Not as Described,4568.81
903226,535510,2026-01-17,Damaged,643.13
903227,535525,2026-03-22,Poor Quality,6488.56
903228,535530,2025-11-29,Poor Quality,243.37
903229,535534,2026-05-11,Damaged,1813.41
903230,535540,2026-06-04,Poor Quality,1770.44
903231,535545,2025-08-05,Poor Quality,134.06
903232,535569,2025-02-09,Poor Quality,353.1
903233,535571,2025-07-23,Damaged,1213.46
903234,535576,2025-10-31,Damaged,230.33
903235,535593,2026-06-24,Late Delivery,998.16
903236,535600,2025-06-12,Late Delivery,2523.68
903237,535624,2026-03-31,Damaged,952.38
903238,535627,2025-06-22,Late Delivery,183.52
903239,535646,2026-06-25,Poor Quality,949.98
903240,535647,2025-10-27,Wrong Product,3111.13
903241,535659,2026-06-29,Damaged,308.57
903242,535668,2026-04-14,Not as Described,510.89
903243,535676,2025-11-09,Late Delivery,449.71
903244,535678,2026-06-14,Not as Described,4523.19
903245,535697,2026-02-12,Late Delivery,216.55
903246,535757,2025-09-13,Changed Mind,496.35
903247,535784,2026-05-14,Wrong Product,1241.39
903248,535792,2026-04-30,Unknown,4431.96
903249,535797,2026-04-27,Not as Described,1558.68
903250,535805,2026-03-12,Poor Quality,1418.1
903251,535813,2025-11-29,Damaged,1282.31
903252,535837,2026-05-11,Poor Quality,2158.58
903253,535839,2025-07-06,Not as Described,2278.76
903254,535844,2025-10-10,Unknown,743.29
903255,535856,2026-06-30,Damaged,1392.67
903256,535859,2025-05-02,Wrong Product,8358.06
903257,535860,2026-02-12,Wrong Product,5951.35
903258,535865,2025-07-18,Not as Described,1499.71
903259,535867,2025-07-31,Wrong Product,244.15
903260,535881,2025-05-16,Poor Quality,2541.65
903261,535884,2025-05-25,Changed Mind,1081.87
903262,535887,2025-09-30,Wrong Product,1410.13
903263,535893,2025-09-18,Damaged,3381.41
903264,535904,2025-08-15,Damaged,8756.55
903265,535918,2025-10-04,Damaged,1617.38
903266,535927,2026-04-17,Late Delivery,562.81
903267,535931,2025-12-12,Changed Mind,244.54
903268,535941,2025-05-18,Poor Quality,383.21
903269,535953,2025-12-28,Wrong Product,3975.78
903270,535960,2025-05-11,Changed Mind,1043.71
903271,535975,2026-03-23,Late Delivery,1426.83
903272,536004,2025-02-15,Changed Mind,3564.05
903273,536022,2025-04-24,Poor Quality,4374.94
903274,536027,2026-04-12,Unknown,334.0
903275,536044,2026-02-26,Unknown,1738.67
903276,536051,2025-07-30,Poor Quality,169.19
903277,536065,2026-03-13,Poor Quality,950.91
903278,536076,2025-06-23,Poor Quality,210.37
903279,536103,2025-11-26,Poor Quality,939.42
903280,536107,2026-02-08,Poor Quality,1820.66
903281,536111,2025-01-21,Changed Mind,6425.34
903282,536128,2026-01-21,Wrong Product,1913.5
903283,536133,2026-03-03,Late Delivery,414.61
903284,536137,2025-02-28,Poor Quality,3133.51
903285,536154,2025-09-25,Poor Quality,1471.51
903286,536171,2025-10-31,Poor Quality,3263.6
903287,536185,2026-04-13,Wrong Product,1781.14
903288,536203,2025-06-07,Damaged,936.64
903289,536207,2025-02-15,Poor Quality,118.09
903290,536224,2025-04-24,Late Delivery,2914.15
903291,536225,2025-02-04,Not as Described,249.05
903292,536227,2025-11-22,Poor Quality,324.1
903293,536235,2026-03-31,Not as Described,2034.93
903294,536239,2025-05-27,Wrong Product,1252.15
903295,536242,2025-03-07,Not as Described,705.12
903296,536245,2026-06-24,Late Delivery,1509.08
903297,536268,2025-12-28,Poor Quality,1654.18
903298,536274,2025-02-20,Changed Mind,618.42
903299,536284,2026-01-24,Poor Quality,361.28
903300,536295,2025-02-16,Damaged,1748.39
903301,536304,2026-03-20,Late Delivery,1317.33
903302,536321,2026-03-09,Wrong Product,1724.82
903303,536332,2026-07-04,Changed Mind,850.81
903304,536360,2025-02-28,Changed Mind,1371.03
903305,536382,2025-07-10,Not as Described,781.28
903306,536386,2025-10-07,Poor Quality,1298.28
903307,536387,2026-04-06,Unknown,994.31
903308,536391,2026-07-22,Poor Quality,828.4
903309,536392,2025-01-23,Poor Quality,817.28
903310,536419,2025-01-14,Unknown,485.37
903311,536423,2026-01-24,Changed Mind,14773.57
903312,536428,2025-02-24,Poor Quality,592.16
903313,536430,2026-04-05,Not as Described,3184.46
903314,536432,2026-05-07,Late Delivery,1246.99
903315,536471,2025-05-27,Not as Described,833.83
903316,536488,2025-06-17,Damaged,12817.24
903317,536494,2025-12-06,Wrong Product,355.78
903318,536497,2025-04-25,Poor Quality,2406.67
903319,536509,2025-07-20,Late Delivery,1273.91
903320,536544,2026-06-21,Poor Quality,1415.31
903321,536559,2026-05-25,Late Delivery,2728.93
903322,536560,2026-06-02,Poor Quality,503.02
903323,536569,2025-09-06,Not as Described,1322.57
903324,536578,2025-11-17,Poor Quality,95.87
903325,536589,2025-07-30,Wrong Product,925.24
903326,536591,2025-05-01,Late Delivery,1986.7
903327,536603,2025-07-26,Damaged,81.89
903328,536612,2025-02-05,Poor Quality,1210.56
903329,536635,2025-09-23,Unknown,945.62
903330,536636,2025-02-24,Late Delivery,1094.11
903331,536638,2025-08-11,Not as Described,3730.76
903332,536658,2026-04-10,Poor Quality,2288.74
903333,536661,2026-04-08,Changed Mind,2076.94
903334,536681,2025-08-01,Damaged,3854.32
903335,536687,2025-12-17,Poor Quality,4124.11
903336,536716,2025-05-02,Changed Mind,687.7
903337,536756,2026-06-27,Poor Quality,1859.65
903338,536760,2025-12-23,Wrong Product,1416.7
903339,536800,2025-08-06,Damaged,438.87
903340,536836,2025-02-03,Late Delivery,2091.5
903341,536842,2025-02-25,Poor Quality,1628.34
903342,536846,2025-10-09,Poor Quality,282.58
903343,536861,2025-01-23,Not as Described,542.49
903344,536876,2026-07-19,Unknown,378.57
903345,536887,2025-07-29,Changed Mind,732.41
903346,536892,2025-06-03,Wrong Product,376.42
903347,536895,2025-07-20,Unknown,1841.3
903348,536901,2026-01-20,Not as Described,957.98
903349,536903,2025-11-27,Damaged,339.79
903350,536923,2025-07-25,Late Delivery,376.23
903351,536927,2026-01-24,Damaged,1952.85
903352,536932,2026-03-09,Damaged,110.69
903353,536951,2025-12-14,Changed Mind,462.97
903354,536954,2025-01-24,Poor Quality,295.64
903355,536970,2025-06-04,Late Delivery,842.11
903356,536976,2025-10-19,Poor Quality,313.46
903357,536982,2025-06-27,Damaged,109.13
903358,536989,2026-06-21,Late Delivery,271.03
903359,536999,2026-03-31,Not as Described,3420.63
903360,537026,2026-06-09,Not as Described,3403.67
903361,537036,2025-03-13,Damaged,2427.08
903362,537038,2025-06-03,Damaged,5792.01
903363,537058,2025-01-24,Damaged,1316.16
903364,537070,2025-04-04,Changed Mind,71.13
903365,537083,2026-05-29,Wrong Product,973.16
903366,537089,2026-02-01,Wrong Product,6697.62
903367,537091,2025-05-26,Poor Quality,684.54
903368,537123,2025-06-04,Late Delivery,251.61
903369,537127,2026-05-14,Damaged,2930.21
903370,537130,2025-07-24,Late Delivery,291.57
903371,537150,2025-06-16,Late Delivery,4361.56
903372,537155,2026-06-20,Changed Mind,194.6
903373,537157,2025-10-14,Late Delivery,476.17
903374,537164,2025-03-27,Not as Described,202.17
903375,537166,2026-01-04,Poor Quality,541.13
903376,537195,2025-11-21,Poor Quality,4207.54
903377,537202,2025-10-19,Late Delivery,1456.63
903378,537223,2026-07-03,Not as Described,542.19
903379,537233,2026-02-26,Unknown,1877.47
903380,537255,2026-07-02,Damaged,422.61
903381,537256,2025-05-19,Late Delivery,370.36
903382,537261,2025-12-30,Late Delivery,771.07
903383,537278,2026-07-09,Late Delivery,784.25
903384,537279,2025-03-23,Poor Quality,124.5
903385,537283,2025-03-20,Poor Quality,1020.64
903386,537301,2026-04-23,Poor Quality,733.65
903387,537336,2025-03-28,Changed Mind,459.81
903388,537364,2025-10-03,Wrong Product,398.16
903389,537374,2025-11-20,Changed Mind,3399.22
903390,537375,2025-06-04,Changed Mind,524.66
903391,537381,2026-03-14,Changed Mind,126.76
903392,537395,2025-08-13,Poor Quality,619.5
903393,537396,2026-02-08,Late Delivery,1212.51
903394,537399,2025-04-04,Damaged,726.9
903395,537401,2025-01-26,Not as Described,792.21
903396,537404,2025-03-20,Wrong Product,940.89
903397,537406,2025-03-09,Late Delivery,344.9
903398,537408,2025-09-06,Poor Quality,966.27
903399,537416,2025-02-07,Not as Described,325.42
903400,537432,2026-06-07,Poor Quality,1160.51
903401,537439,2025-05-06,Damaged,734.79
903402,537449,2026-03-08,Wrong Product,373.67
903403,537452,2025-09-03,Poor Quality,906.92
903404,537454,2025-01-31,Changed Mind,835.56
903405,537458,2025-03-29,Late Delivery,3218.56
903406,537460,2026-04-08,Changed Mind,1111.65
903407,537465,2026-05-24,Damaged,654.59
903408,537473,2026-03-02,Damaged,1356.06
903409,537475,2026-07-07,Wrong Product,2881.87
903410,537476,2026-02-10,Poor Quality,2233.78
903411,537499,2025-09-06,Wrong Product,3011.0
903412,537532,2026-01-13,Wrong Product,1272.38
903413,537542,2025-04-24,Poor Quality,747.31
903414,537552,2025-11-07,Damaged,1331.4
903415,537570,2026-06-08,Poor Quality,2474.37
903416,537574,2025-05-23,Changed Mind,3206.59
903417,537577,2025-12-17,Not as Described,1388.63
903418,537581,2025-06-12,Poor Quality,998.61
903419,537602,2025-06-22,Poor Quality,764.71
903420,537605,2025-11-08,Poor Quality,516.87
903421,537609,2025-01-29,Changed Mind,2332.26
903422,537613,2026-05-23,Not as Described,5999.48
903423,537621,2026-01-07,Poor Quality,1619.32
903424,537635,2026-07-04,Wrong Product,854.44
903425,537660,2025-12-23,Poor Quality,637.79
903426,537661,2026-04-30,Poor Quality,1814.56
903427,537681,2025-10-14,Not as Described,2090.92
903428,537683,2026-05-06,Damaged,901.89
903429,537686,2025-01-28,Late Delivery,2138.26
903430,537704,2026-05-19,Poor Quality,3925.2
903431,537722,2026-02-01,Poor Quality,1498.74
903432,537738,2025-09-06,Not as Described,270.59
903433,537763,2025-05-04,Changed Mind,492.4
903434,537767,2025-09-19,Late Delivery,2116.46
903435,537801,2025-06-07,Wrong Product,794.26
903436,537806,2026-07-02,Damaged,1432.14
903437,537812,2025-07-09,Poor Quality,2680.35
903438,537813,2026-06-07,Wrong Product,56.68
903439,537825,2025-11-30,Late Delivery,4604.82
903440,537831,2025-04-07,Late Delivery,1935.43
903441,537852,2025-06-06,Wrong Product,151.97
903442,537880,2026-06-28,Poor Quality,875.96
903443,537885,2025-06-20,Late Delivery,2663.37
903444,537895,2025-11-29,Damaged,9798.29
903445,537903,2026-02-06,Damaged,2196.49
903446,537904,2026-01-25,Not as Described,3050.23
903447,537915,2025-11-30,Not as Described,455.34
903448,537921,2025-07-17,Poor Quality,861.0
903449,537926,2025-02-06,Not as Described,1712.81
903450,537937,2025-04-27,Poor Quality,768.98
903451,537953,2025-06-10,Poor Quality,594.94
903452,537957,2026-01-04,Poor Quality,728.06
903453,537976,2025-09-22,Wrong Product,602.2
903454,537980,2026-01-04,Late Delivery,565.89
903455,537990,2026-01-05,Poor Quality,1062.62
903456,537999,2026-01-07,Damaged,766.52
903457,538016,2025-04-12,Late Delivery,3122.61
903458,538043,2026-06-07,Not as Described,4629.96
903459,538051,2026-01-17,Late Delivery,365.48
903460,538056,2025-02-19,Wrong Product,2992.65
903461,538076,2025-01-24,Damaged,2582.69
903462,538077,2025-04-22,Changed Mind,5746.4
903463,538088,2025-09-27,Changed Mind,2543.43
903464,538090,2025-09-23,Damaged,1509.05
903465,538092,2026-05-28,Not as Described,869.91
903466,538101,2026-02-20,Changed Mind,759.56
903467,538105,2026-01-21,Unknown,2624.38
903468,538110,2026-01-24,Changed Mind,1284.21
903469,538127,2025-02-05,Poor Quality,705.99
903470,538133,2025-09-27,Changed Mind,1817.72
903471,538148,2025-09-01,Changed Mind,4952.62
903472,538151,2025-10-16,Late Delivery,878.98
903473,538180,2025-07-02,Poor Quality,1227.44
903474,538187,2026-05-11,Wrong Product,2302.99
903475,538193,2025-07-22,Damaged,1195.71
903476,538206,2025-04-30,Damaged,646.75
903477,538237,2025-04-17,Not as Described,194.44
903478,538250,2026-04-14,Not as Described,4742.38
903479,538258,2025-12-14,Wrong Product,1252.77
903480,538268,2025-07-06,Changed Mind,567.47
903481,538270,2025-02-03,Wrong Product,645.93
903482,538279,2025-01-23,Poor Quality,14567.3
903483,538291,2025-10-06,Poor Quality,909.95
903484,538296,2025-12-11,Late Delivery,1084.05
903485,538301,2025-08-23,Late Delivery,3195.47
903486,538302,2025-03-25,Poor Quality,1185.77
903487,538309,2025-04-26,Changed Mind,285.49
903488,538340,2025-08-25,Poor Quality,434.17
903489,538352,2026-04-27,Changed Mind,753.33
903490,538364,2026-03-31,Poor Quality,279.56
903491,538398,2026-02-26,Not as Described,1421.3
903492,538413,2025-09-11,Poor Quality,710.45
903493,538448,2025-06-11,Wrong Product,1208.22
903494,538452,2026-02-22,Late Delivery,2118.19
903495,538488,2025-02-06,Late Delivery,1038.88
903496,538495,2026-07-09,Not as Described,394.18
903497,538498,2025-11-09,Not as Described,2468.26
903498,538505,2025-06-05,Changed Mind,1492.97
903499,538514,2025-03-24,Poor Quality,2211.18
903500,538522,2025-10-14,Damaged,3161.62
903501,538530,2025-05-02,Changed Mind,195.53
903502,538550,2025-08-23,Wrong Product,527.4
903503,538559,2026-02-20,Not as Described,572.05
903504,538587,2026-03-11,Not as Described,3916.76
903505,538589,2025-04-04,Late Delivery,739.87
903506,538655,2025-12-15,Not as Described,5093.31
903507,538661,2025-03-15,Damaged,500.76
903508,538663,2026-05-07,Poor Quality,3993.18
903509,538670,2026-06-02,Damaged,5064.94
903510,538677,2025-08-22,Poor Quality,7687.51
903511,538687,2026-02-06,Poor Quality,3703.54
903512,538693,2025-05-02,Poor Quality,583.09
903513,538694,2026-04-16,Poor Quality,3147.26
903514,538698,2025-03-08,Late Delivery,1994.09
903515,538703,2026-02-12,Damaged,355.87
903516,538707,2026-04-02,Not as Described,6114.52
903517,538715,2026-01-28,Poor Quality,181.06
903518,538720,2025-07-10,Unknown,2779.44
903519,538722,2025-09-02,Wrong Product,432.69
903520,538733,2025-06-29,Poor Quality,1137.07
903521,538788,2025-09-30,Unknown,775.25
903522,538806,2025-03-09,Poor Quality,124.03
903523,538811,2025-02-12,Not as Described,2332.28
903524,538827,2026-06-22,Late Delivery,1599.08
903525,538846,2025-07-17,Damaged,4287.1
903526,538848,2025-02-19,Poor Quality,1687.25
903527,538858,2026-03-01,Damaged,1195.73
903528,538865,2026-01-05,Damaged,1343.79
903529,538881,2026-05-04,Not as Described,3026.71
903530,538915,2025-08-08,Not as Described,236.78
903531,538922,2025-07-03,Poor Quality,3892.23
903532,538933,2026-05-22,Poor Quality,3705.7
903533,538937,2025-10-04,Wrong Product,2815.95
903534,538941,2025-08-13,Late Delivery,813.05
903535,538946,2025-06-30,Damaged,2118.42
903536,538956,2026-03-28,Late Delivery,3084.59
903537,538967,2025-04-08,Not as Described,1889.51
903538,538975,2025-05-09,Not as Described,5915.27
903539,538981,2025-07-26,Wrong Product,4068.37
903540,538995,2025-10-10,Damaged,2688.99
903541,539013,2025-04-09,Wrong Product,540.14
903542,539018,2026-07-13,Poor Quality,623.16
903543,539022,2026-07-08,Wrong Product,2460.04
903544,539024,2025-08-14,Changed Mind,1173.59
903545,539028,2026-02-16,Not as Described,473.98
903546,539045,2025-04-18,Poor Quality,729.81
903547,539053,2025-10-12,Damaged,502.89
903548,539057,2026-01-25,Poor Quality,736.47
903549,539063,2025-05-08,Unknown,2772.37
903550,539066,2026-04-15,Wrong Product,709.83
903551,539106,2025-10-06,Not as Described,181.05
903552,539112,2025-09-24,Not as Described,996.64
903553,539176,2026-04-15,Changed Mind,473.32
903554,539212,2025-10-12,Poor Quality,626.16
903555,539213,2026-03-27,Poor Quality,773.01
903556,539235,2025-08-05,Damaged,2584.58
903557,539237,2025-08-24,Not as Described,1077.5
903558,539238,2026-03-04,Poor Quality,567.37
903559,539261,2025-09-23,Damaged,748.95
903560,539268,2025-04-19,Late Delivery,796.73
903561,539278,2025-10-31,Damaged,1063.87
903562,539288,2026-01-11,Wrong Product,942.6
903563,539290,2025-07-16,Wrong Product,557.45
903564,539292,2025-09-28,Unknown,253.76
903565,539302,2025-11-30,Unknown,3506.43
903566,539304,2025-06-21,Changed Mind,837.58
903567,539305,2025-05-22,Not as Described,559.26
903568,539310,2026-05-24,Not as Described,811.41
903569,539333,2026-01-29,Damaged,1800.01
903570,539334,2025-11-16,Poor Quality,3123.68
903571,539358,2025-01-29,Changed Mind,722.78
903572,539368,2026-03-26,Wrong Product,1668.84
903573,539376,2025-08-14,Unknown,181.32
903574,539379,2026-05-28,Damaged,2833.95
903575,539390,2025-02-07,Not as Described,605.83
903576,539391,2025-10-12,Poor Quality,260.02
903577,539392,2025-11-30,Damaged,360.74
903578,539412,2025-11-11,Poor Quality,499.84
903579,539414,2025-11-05,Wrong Product,1192.93
903580,539415,2026-04-29,Wrong Product,492.98
903581,539416,2026-06-12,Not as Described,5534.37
903582,539421,2025-05-17,Changed Mind,773.15
903583,539428,2025-10-21,Unknown,9846.58
903584,539444,2026-01-21,Poor Quality,645.0
903585,539449,2026-04-26,Poor Quality,545.24
903586,539481,2025-04-13,Not as Described,337.09
903587,539506,2025-07-11,Poor Quality,353.31
903588,539510,2025-07-09,Changed Mind,648.24
903589,539515,2026-07-13,Damaged,1754.44
903590,539517,2025-11-25,Not as Described,565.81
903591,539530,2025-05-30,Wrong Product,1649.04
903592,539537,2025-06-19,Poor Quality,637.63
903593,539541,2025-11-02,Poor Quality,1091.98
903594,539550,2025-02-09,Damaged,483.75
903595,539565,2025-11-25,Damaged,2740.09
903596,539568,2025-09-08,Changed Mind,776.66
903597,539570,2025-04-23,Changed Mind,1635.69
903598,539580,2025-04-11,Not as Described,2579.33
903599,539587,2026-07-06,Damaged,1224.01
903600,539595,2025-08-12,Late Delivery,679.48
903601,539606,2025-03-09,Damaged,1002.65
903602,539608,2026-04-25,Damaged,1264.4
903603,539620,2025-04-24,Changed Mind,317.18
903604,539630,2025-02-18,Poor Quality,3422.09
903605,539652,2026-05-07,Changed Mind,536.02
903606,539653,2025-08-18,Not as Described,459.31
903607,539663,2025-06-29,Poor Quality,480.81
903608,539671,2026-05-04,Poor Quality,783.21
903609,539688,2025-07-18,Late Delivery,3295.28
903610,539690,2025-07-25,Changed Mind,38.39
903611,539691,2026-02-01,Poor Quality,1384.03
903612,539694,2026-06-05,Poor Quality,2282.47
903613,539709,2025-06-08,Poor Quality,3856.73
903614,539711,2025-02-04,Poor Quality,862.68
903615,539737,2026-01-30,Not as Described,2172.76
903616,539769,2025-03-31,Not as Described,1788.52
903617,539783,2025-10-25,Poor Quality,3073.76
903618,539790,2025-03-26,Not as Described,293.18
903619,539810,2026-05-13,Poor Quality,3154.03
903620,539827,2026-01-20,Damaged,5594.84
903621,539835,2025-03-13,Damaged,653.4
903622,539841,2025-06-27,Late Delivery,371.18
903623,539864,2026-05-14,Not as Described,343.25
903624,539880,2026-02-27,Damaged,1008.47
903625,539896,2025-06-29,Not as Described,989.1
903626,539912,2026-01-19,Wrong Product,110.09
903627,539918,2025-09-10,Late Delivery,422.75
903628,539920,2025-02-06,Poor Quality,2376.13
903629,539925,2025-07-17,Poor Quality,1651.72
903630,539928,2025-09-03,Not as Described,449.04
903631,539942,2025-01-09,Changed Mind,3384.18
903632,539945,2025-08-05,Changed Mind,363.92
903633,539959,2025-07-30,Damaged,262.78
903634,539963,2025-05-12,Not as Described,1319.82
903635,539966,2025-10-26,Wrong Product,140.63
903636,539979,2026-05-31,Poor Quality,2399.11
903637,539988,2026-02-08,Changed Mind,956.74
903638,539994,2025-12-01,Damaged,3232.75
903639,540012,2026-05-01,Damaged,5024.57
903640,540024,2026-01-02,Late Delivery,1871.13
903641,540025,2025-11-20,Damaged,1633.96
903642,540055,2026-03-18,Damaged,1808.44
903643,540060,2026-02-04,Not as Described,255.94
903644,540097,2025-04-07,Wrong Product,542.65
903645,540108,2025-09-04,Damaged,284.23
903646,540117,2026-06-28,Wrong Product,485.53
903647,540120,2026-03-08,Poor Quality,528.95
903648,540127,2025-07-10,Damaged,1279.56
903649,540137,2026-05-07,Wrong Product,280.12
903650,540146,2026-03-15,Changed Mind,1679.83
903651,540155,2026-03-06,Wrong Product,2163.06
903652,540167,2025-11-07,Not as Described,788.66
903653,540201,2026-02-06,Poor Quality,352.79
903654,540207,2025-09-12,Not as Described,1027.1
903655,540214,2025-12-11,Damaged,758.77
903656,540226,2026-05-02,Wrong Product,359.2
903657,540230,2025-11-02,Poor Quality,1032.13
903658,540236,2025-05-06,Damaged,499.01
903659,540241,2025-06-05,Damaged,858.58
903660,540242,2025-11-12,Changed Mind,70.17
903661,540256,2025-05-08,Changed Mind,182.13
903662,540286,2026-01-27,Poor Quality,254.14
903663,540292,2025-04-16,Late Delivery,848.6
903664,540305,2026-07-01,Damaged,269.51
903665,540332,2025-10-31,Poor Quality,216.63
903666,540336,2025-12-19,Changed Mind,1111.61
903667,540356,2025-02-27,Damaged,496.33
903668,540359,2025-02-02,Not as Described,3316.05
903669,540377,2025-09-21,Damaged,800.64
903670,540383,2025-08-28,Wrong Product,1482.98
903671,540388,2025-03-12,Not as Described,86.47
903672,540391,2025-12-10,Damaged,1304.97
903673,540462,2025-10-08,Damaged,589.89
903674,540485,2025-09-28,Not as Described,5098.32
903675,540508,2025-07-05,Changed Mind,212.81
903676,540510,2025-04-27,Poor Quality,2861.2
903677,540516,2025-05-30,Changed Mind,5284.33
903678,540519,2026-06-07,Poor Quality,1548.76
903679,540531,2025-08-28,Poor Quality,178.08
903680,540538,2026-05-19,Wrong Product,647.31
903681,540540,2025-10-14,Late Delivery,1248.18
903682,540562,2025-10-26,Poor Quality,113.67
903683,540568,2026-04-16,Changed Mind,2674.83
903684,540572,2025-12-25,Damaged,2248.04
903685,540578,2026-06-10,Damaged,1420.32
903686,540581,2025-03-07,Damaged,824.68
903687,540601,2025-03-04,Not as Described,956.1
903688,540611,2025-09-26,Damaged,777.66
903689,540626,2026-02-11,Not as Described,794.36
903690,540640,2025-05-03,Changed Mind,209.57
903691,540679,2025-01-31,Not as Described,2018.41
903692,540692,2026-02-22,Poor Quality,345.58
903693,540696,2025-12-10,Poor Quality,2944.94
903694,540702,2025-03-28,Damaged,2172.54
903695,540718,2025-08-18,Changed Mind,5879.37
903696,540740,2026-03-14,Poor Quality,2405.23
903697,540753,2025-07-27,Not as Described,2926.5
903698,540768,2025-11-03,Changed Mind,724.72
903699,540772,2025-09-11,Changed Mind,598.53
903700,540796,2026-07-21,Not as Described,3065.93
903701,540805,2025-06-13,Wrong Product,585.45
903702,540810,2026-06-28,Damaged,503.54
903703,540815,2025-02-14,Damaged,1628.88
903704,540816,2025-06-14,Wrong Product,1853.52
903705,540818,2026-06-28,Poor Quality,1044.9
903706,540822,2025-06-09,Poor Quality,961.84
903707,540829,2026-05-26,Unknown,284.67
903708,540832,2026-06-19,Wrong Product,2444.73
903709,540833,2026-01-12,Changed Mind,2311.92
903710,540843,2026-01-20,Unknown,1187.92
903711,540851,2025-04-27,Late Delivery,2088.51
903712,540856,2025-08-19,Poor Quality,1292.45
903713,540863,2026-06-29,Poor Quality,225.13
903714,540872,2025-06-19,Poor Quality,226.21
903715,540882,2025-01-03,Poor Quality,702.88
903716,540892,2026-01-10,Damaged,2234.0
903717,540894,2026-03-24,Late Delivery,603.56
903718,540946,2025-03-30,Late Delivery,875.77
903719,540955,2025-03-31,Late Delivery,3206.83
903720,540957,2025-09-28,Wrong Product,627.59
903721,540965,2025-08-21,Not as Described,464.62
903722,540972,2025-02-04,Damaged,1285.57
903723,540996,2026-03-09,Poor Quality,745.24
903724,541004,2025-05-28,Not as Described,1319.65
903725,541006,2025-03-11,Damaged,703.73
903726,541019,2026-02-28,Wrong Product,1119.52
903727,541034,2025-12-22,Not as Described,902.47
903728,541036,2025-09-21,Not as Described,2309.38
903729,541052,2025-07-11,Wrong Product,1040.47
903730,541061,2025-12-14,Poor Quality,524.58
903731,541086,2026-06-30,Damaged,1490.16
903732,541089,2026-03-28,Poor Quality,3836.86
903733,541093,2025-03-01,Changed Mind,1199.63
903734,541096,2025-03-17,Not as Described,2968.91
903735,541101,2025-04-21,Poor Quality,340.57
903736,541131,2026-01-21,Late Delivery,1181.27
903737,541134,2025-11-20,Damaged,699.96
903738,541137,2026-04-12,Late Delivery,685.58
903739,541139,2025-03-20,Not as Described,778.08
903740,541149,2025-08-09,Not as Described,1573.22
903741,541151,2025-04-02,Late Delivery,1437.15
903742,541158,2025-04-10,Changed Mind,2931.2
903743,541174,2026-06-13,Poor Quality,6876.62
903744,541175,2025-09-20,Late Delivery,5309.79
903745,541194,2026-03-03,Damaged,484.44
903746,541204,2025-03-12,Poor Quality,1012.63
903747,541211,2026-05-21,Poor Quality,3016.01
903748,541212,2025-09-22,Wrong Product,2427.51
903749,541221,2025-06-23,Unknown,6209.77
903750,541229,2025-08-29,Changed Mind,983.12
903751,541234,2026-03-13,Late Delivery,2206.98
903752,541266,2025-03-15,Late Delivery,1110.92
903753,541271,2025-03-29,Damaged,712.66
903754,541286,2025-04-27,Late Delivery,525.82
903755,541337,2025-10-04,Damaged,1319.14
903756,541341,2025-02-08,Damaged,499.09
903757,541374,2025-04-18,Poor Quality,413.72
903758,541395,2026-07-11,Late Delivery,358.32
903759,541407,2026-04-21,Late Delivery,1056.81
903760,541424,2025-01-29,Poor Quality,644.54
903761,541430,2025-01-18,Poor Quality,1501.28
903762,541432,2026-01-01,Unknown,14389.82
903763,541439,2025-05-22,Late Delivery,1541.87
903764,541443,2025-06-01,Late Delivery,73.57
903765,541456,2025-03-14,Unknown,542.71
903766,541470,2026-02-26,Wrong Product,815.68
903767,541472,2025-02-22,Wrong Product,518.62
903768,541474,2025-02-24,Not as Described,821.05
903769,541480,2025-10-10,Wrong Product,1929.46
903770,541494,2025-09-18,Late Delivery,1440.52
903771,541520,2026-01-14,Late Delivery,113.89
903772,541522,2026-05-29,Wrong Product,899.0
903773,541538,2025-05-12,Late Delivery,971.2
903774,541539,2026-04-26,Poor Quality,3308.99
903775,541547,2026-03-25,Late Delivery,2936.82
903776,541563,2025-10-24,Not as Described,7365.93
903777,541564,2026-01-22,Not as Described,93.49
903778,541566,2026-01-06,Not as Described,721.12
903779,541570,2026-05-27,Poor Quality,522.54
903780,541580,2026-03-13,Damaged,488.6
903781,541581,2025-04-13,Poor Quality,149.93
903782,541587,2025-12-16,Late Delivery,2254.85
903783,541600,2025-10-05,Poor Quality,185.28
903784,541603,2026-07-01,Not as Described,402.47
903785,541604,2026-06-05,Not as Described,453.89
903786,541610,2026-02-07,Damaged,1626.06
903787,541611,2025-05-22,Poor Quality,367.68
903788,541638,2025-06-21,Changed Mind,1547.74
903789,541641,2026-05-14,Poor Quality,831.52
903790,541645,2026-06-22,Wrong Product,395.64
903791,541666,2025-11-17,Not as Described,3713.93
903792,541679,2026-05-16,Wrong Product,425.92
903793,541682,2025-02-18,Late Delivery,1507.95
903794,541683,2025-02-26,Late Delivery,117.12
903795,541706,2025-10-31,Poor Quality,2175.5
903796,541712,2025-09-03,Not as Described,188.64
903797,541740,2026-03-16,Poor Quality,2402.95
903798,541747,2025-08-14,Poor Quality,929.63
903799,541775,2025-11-13,Not as Described,2543.74
903800,541786,2025-02-24,Late Delivery,1272.72
903801,541790,2025-04-18,Not as Described,5463.83
903802,541796,2026-05-05,Damaged,614.26
903803,541823,2026-05-17,Damaged,1817.01
903804,541832,2025-08-31,Late Delivery,321.33
903805,541839,2026-03-28,Not as Described,967.87
903806,541846,2026-03-06,Poor Quality,1159.05
903807,541890,2026-04-28,Late Delivery,384.17
903808,541894,2025-12-07,Poor Quality,2028.32
903809,541900,2026-03-16,Poor Quality,274.09
903810,541911,2025-12-10,Poor Quality,607.18
903811,541915,2026-04-04,Damaged,385.33
903812,541922,2025-11-19,Damaged,1931.95
903813,541933,2025-07-24,Poor Quality,1918.09
903814,541940,2025-08-05,Changed Mind,3341.18
903815,541951,2025-02-18,Not as Described,1438.02
903816,541957,2025-08-15,Poor Quality,1109.66
903817,541973,2025-11-17,Not as Described,1764.73
903818,542012,2025-08-10,Late Delivery,212.78
903819,542013,2025-03-20,Changed Mind,1098.74
903820,542014,2026-02-11,Changed Mind,2941.08
903821,542073,2026-06-12,Damaged,243.29
903822,542080,2025-07-01,Poor Quality,1932.95
903823,542085,2026-04-30,Poor Quality,280.55
903824,542100,2025-05-29,Poor Quality,261.15
903825,542109,2026-06-27,Damaged,207.44
903826,542173,2026-01-14,Poor Quality,1153.58
903827,542181,2025-03-15,Poor Quality,1121.36
903828,542200,2025-10-24,Damaged,1265.64
903829,542216,2026-03-08,Damaged,333.07
903830,542221,2026-06-22,Unknown,2158.18
903831,542228,2025-10-20,Poor Quality,2822.19
903832,542229,2025-02-01,Late Delivery,898.21
903833,542235,2026-05-29,Poor Quality,1949.25
903834,542245,2025-08-22,Not as Described,335.45
903835,542252,2026-03-05,Not as Described,354.28
903836,542278,2025-02-15,Not as Described,2048.22
903837,542282,2025-09-24,Changed Mind,1930.07
903838,542293,2025-07-05,Poor Quality,4254.11
903839,542298,2026-06-25,Poor Quality,1151.14
903840,542303,2026-07-17,Poor Quality,635.15
903841,542318,2025-01-19,Damaged,730.65
903842,542320,2026-01-26,Changed Mind,374.63
903843,542332,2025-10-12,Damaged,312.82
903844,542334,2025-07-08,Late Delivery,287.49
903845,542350,2025-05-20,Not as Described,1462.34
903846,542368,2026-03-19,Changed Mind,3363.19
903847,542381,2025-02-04,Damaged,2229.22
903848,542386,2025-04-02,Wrong Product,496.32
903849,542387,2025-11-13,Not as Described,350.42
903850,542388,2025-10-27,Not as Described,757.25
903851,542422,2025-07-21,Late Delivery,704.0
903852,542423,2025-02-04,Poor Quality,4363.11
903853,542429,2025-02-19,Changed Mind,753.71
903854,542431,2025-05-23,Poor Quality,637.95
903855,542448,2025-10-25,Late Delivery,40.03
903856,542464,2025-01-17,Late Delivery,1691.5
903857,542466,2025-11-29,Poor Quality,467.77
903858,542468,2025-11-13,Changed Mind,454.97
903859,542470,2026-03-12,Damaged,2343.15
903860,542505,2025-07-25,Not as Described,168.19
903861,542519,2025-06-08,Damaged,4478.49
903862,542542,2025-09-25,Damaged,1236.65
903863,542544,2026-07-02,Late Delivery,734.58
903864,542557,2025-10-05,Not as Described,609.82
903865,542560,2025-08-13,Late Delivery,355.22
903866,542565,2026-07-02,Unknown,709.31
903867,542568,2025-08-25,Late Delivery,2328.74
903868,542572,2026-04-13,Changed Mind,993.26
903869,542575,2026-01-23,Late Delivery,2431.67
903870,542607,2025-07-29,Poor Quality,1293.39
903871,542612,2025-09-25,Late Delivery,2644.75
903872,542623,2025-02-06,Poor Quality,1860.78
903873,542643,2026-06-28,Late Delivery,2221.89
903874,542647,2025-05-28,Damaged,820.17
903875,542664,2025-06-29,Poor Quality,427.0
903876,542668,2025-07-21,Damaged,537.64
903877,542677,2025-03-21,Changed Mind,2363.35
903878,542682,2026-02-21,Changed Mind,1218.54
903879,542705,2026-03-04,Wrong Product,409.69
903880,542708,2025-07-23,Changed Mind,824.88
903881,542714,2025-04-06,Wrong Product,1492.81
903882,542717,2025-09-12,Changed Mind,1615.25
903883,542770,2026-01-05,Poor Quality,992.13
903884,542785,2025-08-25,Changed Mind,1638.95
903885,542802,2026-03-22,Poor Quality,3773.57
903886,542809,2025-12-03,Not as Described,2270.84
903887,542815,2026-02-02,Damaged,529.34
903888,542860,2025-09-13,Changed Mind,2685.11
903889,542863,2025-02-20,Damaged,3683.93
903890,542889,2025-06-03,Unknown,302.81
903891,542904,2026-01-02,Not as Described,1401.08
903892,542907,2025-08-14,Poor Quality,3639.53
903893,542912,2026-06-19,Damaged,643.26
903894,542914,2026-04-25,Damaged,210.51
903895,542925,2025-02-01,Late Delivery,898.71
903896,542933,2026-05-18,Changed Mind,67.58
903897,542952,2025-07-26,Changed Mind,3431.14
903898,542958,2025-01-22,Poor Quality,385.47
903899,542971,2026-04-10,Damaged,114.34
903900,542973,2025-10-02,Not as Described,479.07
903901,542983,2025-03-23,Wrong Product,975.29
903902,542994,2025-05-28,Wrong Product,863.19
903903,543000,2026-05-11,Not as Described,644.59
903904,543030,2025-03-01,Changed Mind,929.22
903905,543033,2026-07-19,Damaged,971.84
903906,543039,2025-05-25,Wrong Product,1049.66
903907,543043,2026-02-19,Wrong Product,1605.51
903908,543079,2026-03-29,Damaged,299.81
903909,543084,2026-03-16,Changed Mind,10626.07
903910,543093,2026-04-21,Poor Quality,978.76
903911,543097,2025-03-08,Changed Mind,268.36
903912,543104,2025-10-21,Damaged,4111.01
903913,543111,2025-04-02,Damaged,1567.05
903914,543139,2026-05-15,Damaged,702.72
903915,543150,2025-11-09,Not as Described,908.13
903916,543179,2026-05-31,Not as Described,489.34
903917,543182,2026-02-05,Changed Mind,483.23
903918,543195,2026-04-18,Late Delivery,191.59
903919,543197,2025-08-08,Wrong Product,655.55
903920,543199,2025-09-16,Changed Mind,1239.57
903921,543200,2025-10-29,Damaged,427.63
903922,543216,2025-07-09,Poor Quality,310.51
903923,543228,2025-02-10,Wrong Product,170.24
903924,543234,2025-12-05,Wrong Product,2093.76
903925,543236,2025-03-02,Damaged,921.11
903926,543244,2026-01-16,Not as Described,2708.52
903927,543247,2025-12-29,Poor Quality,482.75
903928,543248,2026-02-22,Changed Mind,3171.05
903929,543258,2025-01-25,Poor Quality,1041.42
903930,543269,2026-06-06,Wrong Product,100.33
903931,543270,2025-05-30,Unknown,830.19
903932,543282,2026-07-05,Late Delivery,317.68
903933,543314,2025-06-17,Changed Mind,367.72
903934,543322,2025-12-23,Not as Described,5143.23
903935,543335,2025-06-09,Changed Mind,1945.15
903936,543336,2026-06-26,Poor Quality,2515.92
903937,543357,2026-06-27,Damaged,294.74
903938,543361,2025-09-23,Damaged,607.93
903939,543401,2026-06-06,Damaged,2928.95
903940,543405,2025-04-18,Not as Described,1065.81
903941,543408,2026-03-27,Changed Mind,355.18
903942,543419,2025-06-20,Changed Mind,2689.84
903943,543433,2025-02-08,Changed Mind,11112.38
903944,543456,2026-02-22,Changed Mind,949.43
903945,543458,2025-08-07,Wrong Product,3229.16
903946,543465,2026-05-14,Unknown,71.06
903947,543497,2026-06-30,Changed Mind,663.63
903948,543501,2026-01-12,Damaged,2491.64
903949,543527,2026-02-11,Changed Mind,309.98
903950,543540,2025-10-06,Wrong Product,2978.37
903951,543542,2025-09-03,Wrong Product,1217.18
903952,543573,2025-06-11,Poor Quality,1562.76
903953,543581,2025-11-04,Wrong Product,432.73
903954,543609,2025-12-30,Wrong Product,494.5
903955,543634,2025-11-17,Poor Quality,294.01
903956,543638,2025-11-16,Late Delivery,1353.42
903957,543641,2025-07-01,Not as Described,5687.97
903958,543692,2026-06-18,Damaged,1037.11
903959,543713,2026-06-18,Damaged,6203.95
903960,543724,2025-12-17,Changed Mind,2047.69
903961,543744,2025-07-20,Changed Mind,980.08
903962,543749,2026-06-08,Poor Quality,1385.14
903963,543778,2025-06-13,Damaged,1280.36
903964,543793,2025-01-23,Poor Quality,783.81
903965,543804,2026-01-17,Changed Mind,677.62
903966,543808,2026-05-15,Not as Described,4195.5
903967,543819,2026-05-31,Late Delivery,345.3
903968,543845,2025-09-10,Poor Quality,312.64
903969,543847,2026-01-14,Poor Quality,270.45
903970,543853,2025-08-31,Changed Mind,507.14
903971,543861,2025-04-22,Wrong Product,210.6
903972,543863,2025-08-11,Late Delivery,1527.27
903973,543871,2025-02-08,Late Delivery,234.44
903974,543873,2026-06-04,Poor Quality,1451.29
903975,543876,2025-04-06,Poor Quality,1323.41
903976,543901,2025-01-15,Damaged,331.39
903977,543918,2026-01-22,Not as Described,3010.19
903978,543935,2026-03-24,Wrong Product,252.26
903979,543966,2025-08-11,Damaged,227.69
903980,543984,2025-07-22,Changed Mind,1428.11
903981,543990,2026-06-22,Changed Mind,864.22
903982,543997,2025-08-11,Poor Quality,2024.7
903983,544012,2026-03-13,Damaged,467.11
903984,544022,2025-10-13,Poor Quality,1290.11
903985,544023,2025-02-08,Poor Quality,374.31
903986,544026,2025-11-30,Damaged,2100.99
903987,544035,2025-05-11,Wrong Product,592.88
903988,544040,2026-04-07,Poor Quality,449.34
903989,544042,2026-06-30,Poor Quality,1424.66
903990,544043,2025-12-14,Not as Described,475.7
903991,544051,2026-06-01,Not as Described,1386.03
903992,544074,2025-09-01,Late Delivery,817.25
903993,544083,2025-12-14,Poor Quality,2329.44
903994,544087,2026-02-19,Damaged,5541.92
903995,544091,2025-05-06,Damaged,521.26
903996,544099,2025-07-17,Not as Described,832.28
903997,544106,2026-01-20,Wrong Product,267.31
903998,544124,2025-08-24,Late Delivery,1372.11
903999,544130,2026-04-29,Damaged,331.52
904000,544133,2026-02-27,Wrong Product,4567.84
904001,544144,2025-03-25,Not as Described,3552.96
904002,544161,2025-07-01,Changed Mind,3450.28
904003,544168,2025-02-28,Not as Described,1124.54
904004,544170,2025-03-27,Late Delivery,587.97
904005,544192,2026-05-14,Damaged,226.31
904006,544206,2026-02-11,Poor Quality,270.47
904007,544213,2026-03-16,Unknown,90.57
904008,544219,2025-09-30,Not as Described,1152.57
904009,544225,2025-06-01,Not as Described,732.25
904010,544230,2026-03-01,Not as Described,2145.41
904011,544253,2025-10-14,Changed Mind,301.22
904012,544271,2026-01-01,Not as Described,8652.8
904013,544275,2025-11-13,Changed Mind,547.9
904014,544283,2026-03-28,Damaged,2206.21
904015,544303,2025-07-11,Not as Described,96.04
904016,544340,2025-11-26,Not as Described,1468.52
904017,544344,2025-04-09,Not as Described,1613.41
904018,544350,2026-03-17,Damaged,769.09
904019,544353,2026-07-10,Late Delivery,4465.49
904020,544355,2025-04-01,Not as Described,478.61
904021,544369,2025-08-20,Not as Described,2529.95
904022,544387,2025-09-12,Damaged,351.31
904023,544388,2025-11-14,Damaged,947.84
904024,544390,2025-06-01,Late Delivery,484.97
904025,544395,2025-01-21,Changed Mind,623.74
904026,544407,2025-11-18,Poor Quality,1362.94
904027,544455,2025-02-09,Not as Described,1226.31
904028,544463,2025-11-09,Changed Mind,4640.86
904029,544464,2025-05-23,Poor Quality,10433.83
904030,544478,2025-02-18,Not as Described,736.8
904031,544488,2026-03-16,Changed Mind,2275.7
904032,544510,2025-03-03,Late Delivery,6466.35
904033,544535,2026-04-01,Wrong Product,215.8
904034,544540,2025-12-18,Changed Mind,3839.98
904035,544557,2025-05-02,Wrong Product,428.96
904036,544559,2026-05-04,Poor Quality,340.48
904037,544578,2025-09-26,Changed Mind,3375.71
904038,544623,2026-02-18,Wrong Product,1824.01
904039,544642,2025-01-28,Damaged,418.91
904040,544645,2025-08-15,Not as Described,248.17
904041,544650,2026-04-28,Wrong Product,126.75
904042,544672,2025-12-02,Damaged,1146.16
904043,544679,2025-06-26,Poor Quality,1121.28
904044,544680,2026-03-18,Not as Described,1828.31
904045,544683,2025-06-24,Damaged,1456.4
904046,544688,2026-06-22,Poor Quality,101.21
904047,544698,2025-07-29,Changed Mind,7769.38
904048,544704,2025-07-10,Wrong Product,191.6
904049,544714,2026-02-14,Poor Quality,855.8
904050,544724,2025-08-24,Not as Described,1367.1
904051,544728,2025-10-24,Changed Mind,2026.6
904052,544732,2025-05-14,Changed Mind,656.9
904053,544734,2025-10-30,Wrong Product,895.67
904054,544743,2025-10-01,Not as Described,41.86
904055,544749,2026-05-30,Damaged,428.6
904056,544761,2025-05-02,Wrong Product,1694.74
904057,544766,2025-09-08,Poor Quality,530.13
904058,544767,2026-07-01,Wrong Product,1208.27
904059,544768,2026-01-30,Changed Mind,2690.28
904060,544771,2025-12-10,Damaged,378.73
904061,544780,2025-02-18,Changed Mind,361.64
904062,544783,2026-03-18,Poor Quality,4408.76
904063,544788,2026-03-27,Poor Quality,915.77
904064,544794,2026-03-18,Damaged,4038.75
904065,544808,2025-05-21,Not as Described,962.6
904066,544810,2026-03-12,Changed Mind,325.02
904067,544815,2025-10-12,Damaged,454.07
904068,544821,2025-01-21,Unknown,274.3
904069,544844,2025-12-03,Not as Described,1407.3
904070,544845,2025-11-27,Changed Mind,496.67
904071,544865,2026-06-19,Changed Mind,71.6
904072,544876,2026-01-11,Not as Described,458.94
904073,544887,2025-09-25,Not as Described,734.42
904074,544896,2025-03-16,Poor Quality,359.73
904075,544915,2025-09-09,Damaged,153.68
904076,544919,2026-02-12,Damaged,675.64
904077,544921,2025-03-30,Not as Described,382.27
904078,544947,2026-07-04,Damaged,1007.9
904079,544960,2025-05-23,Poor Quality,525.05
904080,544962,2026-01-29,Wrong Product,2088.78
904081,544981,2025-01-19,Not as Described,890.33
904082,544983,2026-01-17,Damaged,275.1
904083,544984,2025-01-10,Wrong Product,1712.03
904084,545004,2026-05-07,Changed Mind,1814.36
904085,545016,2025-10-31,Unknown,1098.43
904086,545019,2026-01-14,Poor Quality,799.62
904087,545026,2025-06-05,Poor Quality,1957.6
904088,545044,2025-11-23,Not as Described,2417.34
904089,545091,2025-04-01,Late Delivery,504.34
904090,545094,2025-02-26,Changed Mind,2174.12
904091,545112,2026-06-30,Damaged,574.47
904092,545118,2026-04-17,Late Delivery,1078.66
904093,545134,2025-12-22,Wrong Product,5721.82
904094,545157,2026-06-29,Damaged,62.49
904095,545164,2025-03-06,Late Delivery,1600.63
904096,545171,2025-11-28,Changed Mind,2570.5
904097,545174,2025-12-11,Late Delivery,9358.19
904098,545180,2026-04-28,Wrong Product,3498.1
904099,545182,2026-01-15,Changed Mind,3731.89
904100,545193,2025-06-06,Not as Described,382.58
904101,545196,2026-01-29,Poor Quality,1883.83
904102,545203,2025-04-09,Wrong Product,2002.27
904103,545208,2025-09-09,Wrong Product,393.65
904104,545211,2025-04-23,Not as Described,2018.96
904105,545223,2026-06-28,Poor Quality,339.51
904106,545225,2026-07-10,Not as Described,768.31
904107,545228,2026-06-05,Not as Described,1212.95
904108,545233,2025-04-24,Unknown,2147.48
904109,545234,2025-12-26,Poor Quality,940.36
904110,545236,2025-12-15,Not as Described,612.56
904111,545242,2025-12-11,Changed Mind,474.06
904112,545254,2026-03-13,Not as Described,2511.09
904113,545259,2025-01-24,Wrong Product,2811.5
904114,545287,2025-05-01,Damaged,1366.2
904115,545290,2025-09-21,Damaged,3547.03
904116,545292,2026-04-24,Changed Mind,597.9
904117,545311,2025-12-27,Damaged,2714.43
904118,545317,2025-02-14,Damaged,9839.62
904119,545323,2026-03-25,Changed Mind,422.88
904120,545324,2025-12-05,Poor Quality,554.56
904121,545334,2026-06-10,Poor Quality,3957.33
904122,545346,2025-11-16,Poor Quality,1068.8
904123,545348,2025-10-22,Not as Described,627.3
904124,545355,2025-08-13,Poor Quality,1431.07
904125,545366,2025-05-29,Poor Quality,399.79
904126,545370,2025-07-30,Unknown,1217.0
904127,545373,2026-01-26,Damaged,486.1
904128,545397,2025-05-15,Wrong Product,610.67
904129,545407,2025-04-24,Poor Quality,702.71
904130,545409,2026-03-02,Late Delivery,2302.24
904131,545422,2025-07-18,Late Delivery,859.05
904132,545423,2025-09-08,Poor Quality,2054.5
904133,545448,2025-01-12,Poor Quality,1356.83
904134,545449,2025-01-20,Late Delivery,2494.21
904135,545451,2026-01-27,Not as Described,1248.04
904136,545508,2025-08-20,Poor Quality,3704.8
904137,545516,2026-03-08,Unknown,202.03
904138,545549,2025-06-30,Not as Described,320.95
904139,545554,2025-09-06,Damaged,2656.42
904140,545555,2026-03-20,Poor Quality,751.2
904141,545558,2025-05-03,Late Delivery,760.55
904142,545601,2026-02-13,Poor Quality,1465.76
904143,545604,2025-04-18,Poor Quality,1258.47
904144,545619,2026-06-11,Late Delivery,1466.75
904145,545632,2025-05-22,Damaged,584.94
904146,545637,2025-10-24,Changed Mind,2277.47
904147,545652,2025-07-16,Damaged,14498.14
904148,545654,2026-02-02,Unknown,3824.84
904149,545656,2025-05-11,Changed Mind,2821.23
904150,545666,2025-08-27,Late Delivery,426.5
904151,545668,2026-03-25,Damaged,1674.19
904152,545686,2026-01-06,Not as Described,685.48
904153,545689,2025-12-09,Poor Quality,135.27
904154,545700,2026-03-04,Damaged,3342.84
904155,545707,2025-12-01,Wrong Product,439.86
904156,545709,2026-01-04,Damaged,240.88
904157,545710,2025-05-01,Not as Described,2967.79
904158,545725,2026-04-16,Not as Described,618.58
904159,545731,2025-11-14,Poor Quality,661.99
904160,545759,2025-08-06,Poor Quality,362.23
904161,545772,2025-08-01,Damaged,451.58
904162,545778,2025-07-20,Poor Quality,549.22
904163,545781,2025-07-02,Wrong Product,144.24
904164,545784,2025-05-07,Poor Quality,3319.01
904165,545807,2025-07-02,Late Delivery,2254.93
904166,545809,2026-01-25,Not as Described,394.26
904167,545827,2026-04-03,Wrong Product,1011.75
904168,545832,2025-01-22,Wrong Product,940.19
904169,545856,2025-11-15,Unknown,5662.55
904170,545866,2025-12-09,Not as Described,2691.97
904171,545873,2026-03-05,Damaged,2100.52
904172,545901,2026-03-28,Changed Mind,1806.06
904173,545909,2026-05-19,Not as Described,405.55
904174,545914,2025-06-02,Wrong Product,2052.13
904175,545917,2025-05-06,Poor Quality,522.58
904176,545919,2025-03-31,Not as Described,413.09
904177,545960,2026-07-05,Not as Described,1742.1
904178,545967,2025-09-22,Wrong Product,756.61
904179,545985,2026-03-10,Damaged,1576.94
904180,545993,2025-10-31,Not as Described,357.34
904181,546006,2026-03-21,Poor Quality,4314.59
904182,546012,2025-08-23,Damaged,2284.04
904183,546034,2026-05-15,Not as Described,3039.38
904184,546036,2026-05-19,Poor Quality,440.13
904185,546043,2026-01-24,Not as Described,1116.0
904186,546047,2025-06-22,Late Delivery,1534.06
904187,546049,2025-08-07,Unknown,361.48
904188,546080,2026-03-13,Poor Quality,642.97
904189,546081,2026-06-23,Wrong Product,2474.64
904190,546091,2025-05-27,Changed Mind,677.97
904191,546146,2026-04-23,Poor Quality,4648.43
904192,546174,2025-02-26,Damaged,626.54
904193,546178,2025-09-24,Changed Mind,1103.54
904194,546187,2026-03-12,Damaged,843.34
904195,546189,2026-01-20,Wrong Product,2927.5
904196,546196,2026-03-13,Poor Quality,1000.25
904197,546203,2025-03-01,Late Delivery,474.89
904198,546204,2025-02-13,Damaged,659.88
904199,546211,2025-08-12,Changed Mind,1707.21
904200,546213,2025-01-27,Wrong Product,1156.76
904201,546242,2025-03-21,Poor Quality,617.27
904202,546263,2026-04-25,Not as Described,3184.17
904203,546288,2026-06-10,Damaged,1456.84
904204,546319,2025-09-25,Poor Quality,379.1
904205,546322,2025-05-08,Damaged,595.78
904206,546326,2025-10-04,Poor Quality,265.97
904207,546335,2026-06-17,Unknown,5174.11
904208,546362,2025-04-08,Changed Mind,2319.29
904209,546373,2025-09-10,Not as Described,1223.53
904210,546400,2025-09-08,Damaged,689.36
904211,546421,2026-04-03,Late Delivery,462.68
904212,546424,2025-01-15,Wrong Product,1327.34
904213,546435,2026-03-14,Changed Mind,1861.17
904214,546440,2025-02-04,Poor Quality,1224.23
904215,546443,2025-01-20,Late Delivery,3969.89
904216,546458,2025-08-25,Changed Mind,1086.52
904217,546500,2025-01-22,Wrong Product,1970.58
904218,546502,2025-07-24,Changed Mind,217.02
904219,546504,2025-06-30,Late Delivery,1174.28
904220,546506,2025-02-02,Changed Mind,333.66
904221,546507,2025-03-19,Late Delivery,1021.46
904222,546512,2025-06-07,Poor Quality,3345.1
904223,546515,2026-01-30,Poor Quality,4264.94
904224,546547,2025-03-26,Wrong Product,794.05
904225,546560,2025-09-28,Wrong Product,2133.16
904226,546567,2025-08-09,Late Delivery,588.28
904227,546576,2026-05-10,Damaged,437.04
904228,546577,2025-02-05,Changed Mind,3427.25
904229,546599,2025-03-18,Poor Quality,1707.46
904230,546614,2025-01-17,Damaged,796.28
904231,546617,2025-05-08,Poor Quality,4191.82
904232,546620,2026-05-29,Not as Described,305.18
904233,546628,2025-05-23,Poor Quality,6448.82
904234,546630,2025-11-26,Wrong Product,1957.82
904235,546636,2025-01-19,Poor Quality,577.48
904236,546646,2025-09-11,Changed Mind,4195.17
904237,546654,2026-02-25,Damaged,462.93
904238,546655,2026-01-26,Not as Described,171.23
904239,546660,2025-06-19,Poor Quality,11077.28
904240,546661,2025-11-30,Changed Mind,4449.32
904241,546675,2026-05-10,Not as Described,804.58
904242,546683,2026-06-23,Damaged,3191.64
904243,546706,2026-07-02,Wrong Product,1187.37
904244,546709,2026-03-01,Changed Mind,687.81
904245,546728,2025-11-18,Poor Quality,713.69
904246,546770,2026-06-05,Late Delivery,1114.91
904247,546772,2026-04-26,Changed Mind,1953.15
904248,546774,2025-08-08,Wrong Product,314.76
904249,546775,2025-12-04,Not as Described,4139.75
904250,546777,2026-03-25,Poor Quality,5603.63
904251,546786,2025-02-06,Damaged,1021.04
904252,546807,2026-05-02,Wrong Product,153.15
904253,546810,2025-07-25,Changed Mind,477.9
904254,546813,2025-01-26,Wrong Product,267.17
904255,546819,2025-11-03,Poor Quality,11330.62
904256,546834,2025-02-04,Poor Quality,604.41
904257,546845,2025-10-05,Changed Mind,355.64
904258,546861,2026-05-26,Late Delivery,1605.11
904259,546877,2026-03-04,Changed Mind,906.73
904260,546881,2025-11-14,Poor Quality,2158.21
904261,546885,2026-07-17,Damaged,454.25
904262,546895,2025-04-08,Damaged,1752.46
904263,546899,2025-05-11,Damaged,677.62
904264,546906,2026-02-17,Poor Quality,1996.99
904265,546909,2026-07-03,Damaged,608.98
904266,546948,2026-02-09,Damaged,1127.42
904267,546949,2026-02-07,Damaged,906.33
904268,546959,2025-04-26,Poor Quality,335.04
904269,547014,2025-01-20,Changed Mind,1787.84
904270,547016,2025-02-01,Late Delivery,1191.57
904271,547044,2025-12-14,Poor Quality,3804.44
904272,547052,2026-01-23,Poor Quality,3010.47
904273,547054,2025-04-24,Late Delivery,1147.94
904274,547060,2025-05-20,Not as Described,1151.26
904275,547092,2025-02-02,Late Delivery,1561.64
904276,547103,2025-10-18,Not as Described,786.67
904277,547110,2025-03-27,Damaged,184.7
904278,547127,2025-07-21,Wrong Product,2047.73
904279,547144,2025-02-09,Not as Described,2254.4
904280,547153,2025-03-22,Poor Quality,576.69
904281,547155,2025-12-03,Not as Described,675.33
904282,547196,2025-03-19,Poor Quality,868.4
904283,547208,2026-05-21,Wrong Product,1097.92
904284,547217,2025-03-01,Poor Quality,951.02
904285,547222,2025-03-20,Not as Described,795.66
904286,547224,2025-05-27,Damaged,764.37
904287,547227,2026-01-24,Changed Mind,625.83
904288,547235,2025-07-26,Not as Described,1735.55
904289,547250,2025-12-09,Not as Described,1819.48
904290,547251,2025-02-28,Damaged,5141.0
904291,547256,2026-01-08,Late Delivery,1181.7
904292,547269,2026-04-10,Wrong Product,336.58
904293,547285,2026-06-25,Damaged,124.97
904294,547298,2025-06-11,Not as Described,1739.01
904295,547303,2026-04-14,Unknown,320.53
904296,547310,2025-03-01,Wrong Product,1244.23
904297,547326,2025-03-17,Late Delivery,806.89
904298,547331,2026-02-03,Late Delivery,231.31
904299,547373,2026-02-17,Damaged,182.3
904300,547426,2026-03-04,Unknown,3622.44
904301,547440,2026-04-02,Poor Quality,591.65
904302,547445,2025-06-06,Wrong Product,1588.97
904303,547448,2025-03-11,Wrong Product,711.87
904304,547455,2025-08-29,Unknown,1886.59
904305,547521,2025-03-03,Not as Described,1280.09
904306,547524,2026-03-14,Wrong Product,855.82
904307,547525,2026-02-24,Damaged,1422.74
904308,547542,2026-05-22,Poor Quality,734.82
904309,547551,2026-04-16,Changed Mind,1183.31
904310,547552,2026-01-21,Not as Described,644.41
904311,547560,2025-05-26,Wrong Product,1325.08
904312,547571,2026-07-06,Late Delivery,7529.29
904313,547572,2026-03-01,Wrong Product,1139.77
904314,547584,2025-03-07,Damaged,142.76
904315,547591,2025-02-10,Not as Described,4987.76
904316,547617,2026-04-01,Wrong Product,1536.79
904317,547652,2025-09-23,Poor Quality,176.07
904318,547656,2025-05-03,Poor Quality,671.17
904319,547660,2025-05-05,Damaged,1539.13
904320,547664,2025-08-14,Wrong Product,2774.06
904321,547715,2025-03-14,Poor Quality,480.22
904322,547747,2026-02-26,Poor Quality,2768.57
904323,547757,2025-02-06,Not as Described,610.23
904324,547773,2025-05-25,Poor Quality,8396.57
904325,547775,2025-02-19,Wrong Product,2878.26
904326,547793,2026-03-31,Damaged,600.12
904327,547797,2025-07-23,Wrong Product,1220.05
904328,547798,2025-10-12,Not as Described,401.35
904329,547807,2025-11-19,Poor Quality,231.16
904330,547837,2026-07-05,Poor Quality,2593.04
904331,547853,2025-03-16,Poor Quality,804.07
904332,547857,2025-10-19,Poor Quality,651.32
904333,547864,2026-06-18,Late Delivery,143.11
904334,547866,2025-07-21,Poor Quality,861.78
904335,547870,2025-04-14,Wrong Product,2590.51
904336,547885,2025-05-28,Late Delivery,1063.14
904337,547916,2025-12-30,Unknown,1433.31
904338,547925,2026-02-01,Damaged,1215.92
904339,547947,2025-06-10,Changed Mind,764.61
904340,547948,2025-02-22,Wrong Product,2150.48
904341,547971,2025-02-20,Not as Described,798.37
904342,548001,2026-05-24,Damaged,2183.18
904343,548002,2025-11-04,Poor Quality,970.97
904344,548009,2025-09-15,Poor Quality,1519.77
904345,548016,2026-03-14,Wrong Product,2327.62
904346,548031,2026-03-25,Unknown,2223.16
904347,548051,2025-10-18,Poor Quality,579.79
904348,548053,2025-03-17,Not as Described,791.23
904349,548064,2026-03-18,Poor Quality,571.16
904350,548065,2026-03-20,Poor Quality,1010.99
904351,548076,2025-02-03,Late Delivery,1442.2
904352,548079,2026-01-22,Poor Quality,641.57
904353,548086,2026-01-05,Poor Quality,2221.26
904354,548091,2025-05-23,Not as Described,694.15
904355,548092,2026-01-02,Poor Quality,2088.48
904356,548101,2025-12-15,Late Delivery,245.06
904357,548105,2025-08-07,Changed Mind,1542.48
904358,548118,2025-08-09,Wrong Product,2352.59
904359,548119,2025-04-09,Not as Described,1592.01
904360,548120,2026-03-25,Late Delivery,4780.43
904361,548139,2026-04-08,Damaged,251.24
904362,548158,2026-05-03,Not as Described,702.53
904363,548164,2025-02-09,Poor Quality,1303.12
904364,548179,2025-09-28,Damaged,873.72
904365,548183,2025-12-31,Poor Quality,3284.48
904366,548187,2025-10-23,Changed Mind,1646.63
904367,548208,2025-10-17,Changed Mind,954.4
904368,548211,2026-01-23,Damaged,484.37
904369,548222,2025-03-10,Changed Mind,794.18
904370,548227,2025-05-27,Wrong Product,80.71
904371,548235,2025-09-05,Damaged,393.43
904372,548266,2025-01-21,Damaged,1478.59
904373,548295,2026-04-08,Late Delivery,913.71
904374,548303,2026-04-04,Poor Quality,948.0
904375,548304,2025-06-17,Wrong Product,3183.59
904376,548317,2025-06-22,Poor Quality,762.68
904377,548323,2025-10-31,Changed Mind,1198.64
904378,548326,2025-06-19,Not as Described,2135.89
904379,548329,2026-04-08,Damaged,1622.26
904380,548339,2026-06-09,Changed Mind,739.43
904381,548358,2025-01-21,Poor Quality,342.25
904382,548364,2025-06-12,Not as Described,3103.02
904383,548375,2026-01-31,Poor Quality,2179.53
904384,548377,2025-05-11,Damaged,1995.44
904385,548389,2026-03-20,Wrong Product,1974.78
904386,548394,2025-12-03,Poor Quality,2170.93
904387,548403,2026-07-07,Poor Quality,2252.25
904388,548453,2026-06-10,Not as Described,945.2
904389,548471,2026-05-11,Damaged,1497.51
904390,548479,2025-05-29,Not as Described,2505.73
904391,548480,2025-10-17,Not as Described,1418.87
904392,548488,2025-02-06,Late Delivery,857.08
904393,548491,2025-12-31,Not as Described,424.22
904394,548495,2026-01-07,Not as Described,280.61
904395,548506,2026-04-07,Poor Quality,1577.96
904396,548509,2025-03-24,Damaged,419.09
904397,548528,2025-04-01,Poor Quality,5571.49
904398,548536,2025-08-08,Poor Quality,721.49
904399,548570,2026-01-15,Damaged,1448.61
904400,548574,2026-02-11,Changed Mind,666.07
904401,548575,2025-11-09,Damaged,2528.95
904402,548609,2026-03-11,Damaged,1855.35
904403,548612,2025-09-20,Late Delivery,184.13
904404,548619,2025-07-21,Poor Quality,1051.51
904405,548621,2025-05-31,Damaged,260.09
904406,548624,2025-06-14,Wrong Product,2757.93
904407,548628,2025-08-21,Wrong Product,3178.59
904408,548642,2025-08-28,Poor Quality,311.35
904409,548645,2025-10-07,Not as Described,381.09
904410,548652,2026-01-20,Wrong Product,446.09
904411,548660,2025-12-06,Poor Quality,1443.07
904412,548664,2025-05-23,Poor Quality,1690.56
904413,548701,2025-05-22,Damaged,2637.07
904414,548713,2025-12-06,Late Delivery,1639.99
904415,548721,2026-07-01,Late Delivery,50.74
904416,548731,2025-02-15,Poor Quality,698.6
904417,548740,2026-04-23,Not as Described,1484.13
904418,548751,2025-02-08,Not as Described,1169.32
904419,548754,2025-04-06,Poor Quality,2673.91
904420,548773,2026-02-09,Late Delivery,1269.28
904421,548774,2026-06-22,Late Delivery,6598.68
904422,548777,2025-09-24,Damaged,363.83
904423,548780,2026-02-16,Damaged,489.05
904424,548802,2025-12-30,Wrong Product,1787.54
904425,548813,2025-05-29,Not as Described,2423.77
904426,548820,2025-04-06,Poor Quality,1338.58
904427,548838,2026-06-17,Not as Described,403.37
904428,548839,2025-02-21,Unknown,1015.68
904429,548845,2025-04-04,Wrong Product,534.37
904430,548850,2025-11-12,Not as Described,456.99
904431,548867,2025-10-13,Changed Mind,658.38
904432,548895,2025-05-20,Changed Mind,1067.6
904433,548914,2026-04-03,Poor Quality,799.73
904434,548916,2025-12-25,Poor Quality,132.01
904435,548919,2026-03-11,Damaged,2290.97
904436,548926,2025-05-12,Poor Quality,4015.75
904437,548938,2025-10-01,Damaged,1138.78
904438,548962,2025-06-28,Damaged,112.2
904439,548970,2025-06-30,Poor Quality,1197.44
904440,548972,2026-06-26,Not as Described,2295.64
904441,548975,2026-04-04,Wrong Product,953.63
904442,548979,2025-12-08,Damaged,672.91
904443,549003,2026-05-25,Wrong Product,1140.1
904444,549013,2026-02-25,Damaged,1511.36
904445,549033,2026-05-15,Changed Mind,592.89
904446,549048,2025-12-08,Poor Quality,2325.47
904447,549068,2025-06-01,Damaged,1154.92
904448,549085,2025-11-23,Poor Quality,277.53
904449,549090,2026-01-04,Damaged,521.6
904450,549098,2026-02-26,Changed Mind,3710.68
904451,549111,2025-07-10,Poor Quality,5441.71
904452,549117,2025-01-23,Wrong Product,6528.09
904453,549127,2025-03-13,Wrong Product,3576.83
904454,549141,2025-06-03,Poor Quality,253.57
904455,549162,2025-04-14,Not as Described,472.42
904456,549190,2025-05-27,Wrong Product,759.02
904457,549199,2025-06-19,Poor Quality,1843.29
904458,549213,2025-09-10,Not as Described,612.41
904459,549217,2026-06-18,Not as Described,97.28
904460,549220,2025-05-29,Late Delivery,2345.48
904461,549228,2026-02-16,Poor Quality,664.64
904462,549241,2025-05-16,Poor Quality,2309.44
904463,549246,2025-09-09,Damaged,1232.24
904464,549271,2026-04-11,Poor Quality,703.63
904465,549281,2026-07-22,Wrong Product,799.7
904466,549295,2025-09-25,Changed Mind,532.77
904467,549296,2026-05-02,Poor Quality,845.09
904468,549299,2025-01-11,Damaged,3938.79
904469,549303,2025-10-25,Damaged,536.7
904470,549312,2025-01-16,Poor Quality,2194.16
904471,549316,2025-10-14,Changed Mind,2769.62
904472,549317,2025-09-25,Poor Quality,641.03
904473,549328,2026-04-18,Wrong Product,1138.94
904474,549332,2025-07-04,Damaged,291.38
904475,549358,2025-12-21,Unknown,733.18
904476,549364,2026-04-10,Changed Mind,670.75
904477,549409,2026-03-16,Poor Quality,386.14
904478,549416,2025-10-08,Damaged,540.53
904479,549430,2025-12-18,Not as Described,773.28
904480,549433,2025-07-10,Late Delivery,617.55
904481,549443,2025-08-06,Poor Quality,2675.08
904482,549446,2025-09-23,Late Delivery,3287.34
904483,549452,2026-06-19,Damaged,691.92
904484,549471,2025-06-04,Late Delivery,2722.28
904485,549474,2025-10-30,Poor Quality,4233.96
904486,549503,2025-09-12,Poor Quality,802.74
904487,549509,2026-05-16,Unknown,1342.52
904488,549513,2026-05-28,Changed Mind,268.69
904489,549537,2026-05-03,Late Delivery,2099.68
904490,549540,2026-04-14,Damaged,3245.49
904491,549592,2025-10-29,Poor Quality,3076.11
904492,549596,2025-01-22,Damaged,256.23
904493,549600,2025-09-02,Changed Mind,4237.2
904494,549620,2025-10-03,Late Delivery,2003.4
904495,549638,2025-05-25,Damaged,266.35
904496,549646,2026-05-23,Late Delivery,2104.58
904497,549656,2025-02-16,Late Delivery,816.35
904498,549658,2026-06-13,Late Delivery,1085.26
904499,549677,2025-11-26,Changed Mind,4092.69
904500,549678,2026-04-20,Poor Quality,306.46
904501,549703,2025-05-05,Poor Quality,2215.88
904502,549711,2025-06-14,Late Delivery,1823.68
904503,549715,2025-07-07,Wrong Product,3664.41
904504,549722,2025-09-29,Not as Described,1448.49
904505,549723,2025-11-28,Damaged,2341.21
904506,549738,2025-03-11,Changed Mind,2455.56
904507,549760,2025-02-03,Late Delivery,699.21
904508,549768,2025-04-14,Wrong Product,3014.02
904509,549769,2025-03-24,Poor Quality,1069.86
904510,549773,2025-04-22,Poor Quality,1247.93
904511,549775,2025-02-21,Damaged,1594.58
904512,549777,2025-08-22,Changed Mind,6620.58
904513,549784,2026-06-24,Wrong Product,981.59
904514,549785,2026-01-17,Unknown,2229.89
904515,549792,2026-04-13,Poor Quality,650.31
904516,549807,2025-09-10,Not as Described,2823.47
904517,549815,2026-02-15,Changed Mind,385.72
904518,549825,2025-06-01,Poor Quality,575.38
904519,549831,2026-05-14,Unknown,4025.02
904520,549847,2025-09-19,Damaged,608.69
904521,549852,2025-09-15,Damaged,1318.24
904522,549853,2025-09-05,Damaged,1355.06
904523,549870,2026-01-20,Late Delivery,2240.33
904524,549874,2025-09-06,Not as Described,689.23
904525,549883,2026-03-06,Damaged,2219.0
904526,549893,2025-12-09,Damaged,1281.88
904527,549903,2026-04-21,Poor Quality,416.25
904528,549905,2025-07-01,Wrong Product,1129.8
904529,549909,2025-04-28,Changed Mind,486.87
904530,549912,2025-12-21,Wrong Product,612.85
904531,549931,2025-04-17,Damaged,645.3
904532,549975,2026-01-26,Damaged,2720.07
904533,549993,2025-03-27,Changed Mind,757.24
904534,549996,2025-01-17,Late Delivery,1582.82
904535,549998,2026-06-26,Wrong Product,816.49
904536,550004,2025-04-04,Damaged,2408.95
904537,550013,2025-10-31,Damaged,266.56
904538,550014,2025-08-20,Wrong Product,1897.37
904539,550025,2026-04-27,Changed Mind,2737.74
904540,550044,2025-09-22,Poor Quality,437.13
904541,550057,2025-08-14,Not as Described,726.91
904542,550062,2025-03-29,Changed Mind,2788.42
904543,550079,2025-09-21,Changed Mind,707.79
904544,550080,2026-01-06,Not as Described,544.69
904545,550092,2025-03-26,Not as Described,558.62
904546,550102,2025-06-19,Poor Quality,497.62
904547,550112,2025-12-25,Late Delivery,791.69
904548,550125,2026-04-09,Not as Described,708.53
904549,550142,2025-08-31,Poor Quality,252.29
904550,550147,2026-01-07,Changed Mind,1058.33
904551,550157,2025-07-01,Poor Quality,1404.07
904552,550161,2025-09-17,Late Delivery,2351.15
904553,550187,2026-03-27,Not as Described,675.73
904554,550189,2026-07-16,Late Delivery,306.39
904555,550222,2025-08-22,Damaged,1080.52
904556,550225,2026-03-02,Changed Mind,1481.95
904557,550234,2025-12-14,Not as Described,635.44
904558,550257,2025-04-18,Poor Quality,2109.39
904559,550261,2026-03-07,Changed Mind,450.81
904560,550271,2026-01-10,Changed Mind,2207.36
904561,550275,2025-09-02,Not as Described,1467.11
904562,550279,2025-12-07,Damaged,3776.46
904563,550288,2026-01-11,Poor Quality,1418.84
904564,550289,2025-07-19,Late Delivery,727.63
904565,550290,2026-03-24,Damaged,977.99
904566,550304,2025-05-19,Damaged,1086.05
904567,550342,2025-02-21,Damaged,1077.01
904568,550365,2025-06-12,Late Delivery,652.53
904569,550367,2026-02-06,Late Delivery,1530.07
904570,550375,2025-02-20,Not as Described,2888.42
904571,550382,2025-02-19,Poor Quality,1681.35
904572,550386,2025-09-29,Changed Mind,1371.76
904573,550388,2025-04-16,Wrong Product,1255.24
904574,550419,2025-03-17,Poor Quality,1430.39
904575,550422,2026-05-25,Poor Quality,767.59
904576,550434,2025-02-23,Changed Mind,2631.65
904577,550438,2026-06-16,Changed Mind,1440.86
904578,550457,2026-04-05,Poor Quality,1768.62
904579,550459,2026-06-23,Poor Quality,904.74
904580,550466,2025-06-23,Not as Described,1635.43
904581,550474,2026-06-22,Not as Described,250.85
904582,550496,2025-11-04,Damaged,947.71
904583,550500,2026-04-16,Damaged,1093.58
904584,550512,2025-08-27,Not as Described,52.05
904585,550521,2025-09-30,Changed Mind,479.02
904586,550534,2025-03-25,Late Delivery,1670.87
904587,550540,2025-05-30,Late Delivery,3394.2
904588,550550,2025-10-27,Not as Described,81.12
904589,550587,2026-04-04,Damaged,1180.13
904590,550588,2026-02-20,Late Delivery,593.39
904591,550591,2026-03-20,Late Delivery,801.66
904592,550599,2025-03-10,Poor Quality,602.63
904593,550605,2026-04-13,Damaged,9994.44
904594,550611,2025-06-05,Late Delivery,1192.5
904595,550616,2026-04-10,Not as Described,1045.43
904596,550617,2025-12-10,Poor Quality,1475.11
904597,550618,2025-02-20,Damaged,849.59
904598,550625,2025-01-29,Late Delivery,395.12
904599,550635,2025-04-11,Not as Described,2324.33
904600,550645,2026-07-16,Poor Quality,433.88
904601,550649,2025-01-16,Wrong Product,1120.45
904602,550673,2026-05-29,Changed Mind,1080.83
904603,550686,2025-11-19,Damaged,1247.97
904604,550711,2025-01-30,Not as Described,2265.11
904605,550729,2026-03-01,Not as Described,560.52
904606,550740,2026-06-13,Not as Described,1989.17
904607,550741,2025-02-06,Not as Described,929.55
904608,550744,2025-11-21,Changed Mind,3979.48
904609,550750,2025-05-05,Changed Mind,894.25
904610,550776,2026-05-22,Not as Described,1058.35
904611,550787,2026-03-30,Damaged,1265.0
904612,550794,2025-06-07,Not as Described,1803.8
904613,550801,2026-06-22,Not as Described,1407.49
904614,550808,2026-04-08,Late Delivery,1794.79
904615,550809,2025-10-21,Poor Quality,5933.65
904616,550815,2026-01-09,Not as Described,1192.51
904617,550819,2025-06-08,Changed Mind,106.67
904618,550825,2025-10-17,Damaged,3428.7
904619,550832,2026-04-27,Poor Quality,727.61
904620,550837,2025-04-14,Poor Quality,580.14
904621,550838,2025-11-25,Poor Quality,732.71
904622,550847,2025-08-18,Not as Described,747.84
904623,550856,2025-09-06,Not as Described,61.18
904624,550861,2025-06-21,Damaged,1415.64
904625,550865,2026-04-13,Damaged,547.42
904626,550867,2025-12-28,Changed Mind,1950.2
904627,550880,2025-06-10,Wrong Product,1955.18
904628,550885,2026-01-26,Not as Described,270.39
904629,550887,2025-02-05,Poor Quality,1117.86
904630,550893,2026-04-09,Wrong Product,140.0
904631,550900,2025-06-08,Not as Described,1593.86
904632,550909,2025-06-21,Damaged,413.23
904633,550910,2026-02-27,Changed Mind,225.7
904634,550919,2025-10-24,Late Delivery,563.25
904635,550936,2025-08-14,Poor Quality,562.21
904636,550937,2025-08-17,Late Delivery,880.15
904637,550943,2026-03-23,Poor Quality,6960.01
904638,550964,2026-04-18,Late Delivery,1956.65
904639,550966,2025-10-23,Changed Mind,107.94
904640,550987,2025-02-08,Late Delivery,92.57
904641,551010,2025-09-26,Damaged,246.59
904642,551011,2025-11-23,Wrong Product,288.66
904643,551012,2025-02-14,Changed Mind,509.13
904644,551016,2025-07-30,Damaged,1126.16
904645,551038,2026-06-28,Not as Described,822.14
904646,551039,2026-01-07,Wrong Product,734.81
904647,551040,2025-01-13,Not as Described,244.33
904648,551078,2026-05-06,Not as Described,1132.1
904649,551098,2025-06-18,Poor Quality,719.74
904650,551129,2026-05-26,Poor Quality,874.39
904651,551138,2025-07-22,Wrong Product,2727.86
904652,551149,2025-03-30,Wrong Product,69.4
904653,551150,2025-11-07,Not as Described,2183.62
904654,551153,2026-03-19,Changed Mind,540.71
904655,551162,2025-03-08,Damaged,969.35
904656,551166,2025-10-30,Poor Quality,4277.87
904657,551171,2025-10-20,Changed Mind,1550.55
904658,551202,2025-06-26,Not as Described,416.3
904659,551206,2025-11-02,Not as Described,399.62
904660,551225,2026-02-01,Wrong Product,316.02
904661,551243,2026-06-19,Wrong Product,1629.01
904662,551249,2026-04-29,Poor Quality,1196.69
904663,551261,2025-07-04,Poor Quality,1008.3
904664,551267,2025-06-07,Poor Quality,404.44
904665,551307,2025-01-30,Damaged,405.0
904666,551308,2026-06-11,Not as Described,6270.68
904667,551309,2025-07-09,Late Delivery,1814.14
904668,551334,2025-06-24,Changed Mind,1061.11
904669,551355,2025-07-14,Damaged,4729.7
904670,551384,2025-03-16,Not as Described,4022.1
904671,551391,2025-11-17,Poor Quality,1532.46
904672,551394,2026-01-21,Late Delivery,688.95
904673,551426,2026-04-12,Changed Mind,1840.34
904674,551431,2026-05-29,Damaged,1920.73
904675,551437,2026-02-11,Changed Mind,785.72
904676,551471,2026-06-23,Wrong Product,700.2
904677,551483,2025-10-14,Not as Described,276.62
904678,551512,2026-01-14,Damaged,786.23
904679,551514,2025-06-04,Wrong Product,943.64
904680,551539,2025-10-07,Not as Described,2423.95
904681,551543,2025-10-21,Wrong Product,103.06
904682,551561,2026-02-05,Poor Quality,267.17
904683,551564,2026-01-28,Wrong Product,212.66
904684,551569,2026-05-05,Poor Quality,1215.93
904685,551570,2025-08-15,Not as Described,2591.39
904686,551574,2026-07-08,Changed Mind,173.85
904687,551588,2025-09-09,Wrong Product,1042.08
904688,551592,2025-12-03,Late Delivery,1048.87
904689,551598,2025-07-25,Damaged,514.84
904690,551599,2025-02-03,Damaged,90.82
904691,551606,2025-12-24,Late Delivery,3065.93
904692,551627,2025-12-31,Changed Mind,175.4
904693,551636,2025-05-26,Changed Mind,772.52
904694,551637,2025-12-03,Wrong Product,515.02
904695,551685,2025-05-22,Not as Described,1057.22
904696,551687,2025-07-07,Late Delivery,328.88
904697,551702,2025-10-17,Late Delivery,880.9
904698,551704,2025-11-26,Wrong Product,3156.05
904699,551741,2026-04-21,Late Delivery,583.4
904700,551742,2025-04-14,Damaged,1842.97
904701,551746,2026-03-04,Late Delivery,304.6
904702,551771,2025-09-14,Damaged,144.97
904703,551772,2025-03-14,Wrong Product,257.62
904704,551778,2026-03-06,Not as Described,545.02
904705,551785,2025-03-20,Late Delivery,400.64
904706,551794,2026-02-23,Damaged,1337.44
904707,551805,2026-07-08,Poor Quality,9983.76
904708,551833,2025-10-07,Damaged,786.65
904709,551834,2026-05-11,Poor Quality,1650.27
904710,551841,2026-05-26,Unknown,1149.2
904711,551858,2026-07-27,Not as Described,906.42
904712,551866,2025-02-21,Not as Described,394.38
904713,551867,2025-04-29,Not as Described,1592.47
904714,551868,2025-08-03,Late Delivery,1486.85
904715,551877,2025-11-23,Damaged,1674.85
904716,551901,2025-12-27,Changed Mind,3054.53
904717,551926,2025-03-04,Damaged,519.46
904718,551934,2025-02-09,Late Delivery,1224.88
904719,551937,2025-09-16,Changed Mind,2299.62
904720,551938,2025-11-06,Damaged,3075.48
904721,551940,2025-11-27,Wrong Product,519.62
904722,551950,2025-07-19,Poor Quality,691.0
904723,551959,2025-06-26,Late Delivery,4770.6
904724,551964,2025-12-09,Changed Mind,2557.39
904725,551965,2026-05-24,Changed Mind,2443.6
904726,551968,2025-04-19,Damaged,842.72
904727,551971,2025-04-26,Damaged,1829.74
904728,551983,2025-08-08,Poor Quality,2379.33
904729,552014,2025-07-06,Changed Mind,736.07
904730,552034,2026-05-31,Wrong Product,238.05
904731,552050,2025-12-20,Not as Described,178.14
904732,552058,2026-02-01,Damaged,494.61
904733,552067,2025-05-30,Damaged,3167.18
904734,552071,2025-05-28,Damaged,1010.37
904735,552073,2025-07-09,Late Delivery,341.63
904736,552081,2026-01-05,Poor Quality,333.68
904737,552087,2025-06-06,Poor Quality,3307.95
904738,552093,2025-08-06,Wrong Product,1747.81
904739,552097,2026-02-18,Not as Described,4085.12
904740,552102,2025-11-24,Damaged,594.33
904741,552114,2026-04-30,Not as Described,527.42
904742,552128,2025-07-10,Late Delivery,304.02
904743,552151,2025-12-09,Not as Described,2459.93
904744,552154,2025-10-13,Not as Described,1123.91
904745,552155,2026-03-02,Not as Described,1251.39
904746,552163,2026-01-08,Changed Mind,287.55
904747,552175,2025-09-03,Changed Mind,5648.77
904748,552222,2025-05-29,Damaged,451.85
904749,552236,2025-02-22,Changed Mind,554.69
904750,552276,2026-01-24,Not as Described,3433.45
904751,552295,2025-05-14,Not as Described,448.46
904752,552329,2025-03-22,Poor Quality,1071.42
904753,552340,2026-03-16,Changed Mind,582.16
904754,552347,2025-06-25,Not as Described,454.88
904755,552363,2025-08-26,Poor Quality,593.34
904756,552364,2025-03-24,Not as Described,785.29
904757,552365,2026-05-29,Damaged,428.3
904758,552376,2025-12-17,Not as Described,2329.68
904759,552395,2026-04-01,Unknown,3102.76
904760,552399,2026-04-19,Poor Quality,2965.28
904761,552422,2025-01-22,Poor Quality,369.9
904762,552423,2025-06-23,Not as Described,1116.79
904763,552431,2026-05-28,Damaged,215.63
904764,552455,2025-01-21,Poor Quality,2081.63
904765,552467,2025-09-10,Poor Quality,1633.75
904766,552478,2025-04-08,Wrong Product,3359.82
904767,552483,2026-07-24,Not as Described,833.84
904768,552509,2025-11-08,Changed Mind,1487.09
904769,552523,2025-07-04,Unknown,1588.48
904770,552533,2025-04-05,Changed Mind,1272.33
904771,552540,2025-12-14,Poor Quality,890.8
904772,552544,2026-02-08,Changed Mind,642.01
904773,552561,2026-03-06,Damaged,5436.88
904774,552577,2025-01-28,Not as Described,805.06
904775,552591,2025-11-20,Poor Quality,1084.78
904776,552596,2025-11-16,Changed Mind,737.06
904777,552606,2025-03-07,Not as Described,773.16
904778,552611,2025-03-21,Changed Mind,207.08
904779,552634,2025-02-09,Poor Quality,1799.3
904780,552636,2026-01-23,Not as Described,1085.1
904781,552643,2025-06-12,Poor Quality,642.11
904782,552647,2026-01-05,Changed Mind,1539.08
904783,552652,2025-03-04,Poor Quality,2543.47
904784,552653,2026-06-15,Poor Quality,1803.58
904785,552655,2026-03-09,Changed Mind,576.79
904786,552672,2025-02-05,Late Delivery,3237.48
904787,552673,2025-11-24,Poor Quality,4426.72
904788,552674,2025-04-16,Late Delivery,497.85
904789,552686,2026-01-14,Damaged,1561.63
904790,552690,2026-03-26,Poor Quality,176.01
904791,552739,2026-01-22,Not as Described,4404.86
904792,552742,2025-11-15,Damaged,551.57
904793,552751,2026-03-14,Changed Mind,205.87
904794,552758,2025-11-05,Changed Mind,305.49
904795,552774,2025-11-03,Changed Mind,2913.48
904796,552781,2025-09-22,Poor Quality,1499.93
904797,552795,2025-01-30,Damaged,91.18
904798,552862,2025-02-04,Wrong Product,8871.42
904799,552868,2025-11-29,Wrong Product,334.22
904800,552871,2026-02-25,Not as Described,1764.64
904801,552875,2025-01-20,Late Delivery,2009.03
904802,552883,2026-06-10,Poor Quality,836.68
904803,552884,2025-04-29,Late Delivery,1328.47
904804,552897,2025-02-07,Late Delivery,4188.15
904805,552903,2025-12-21,Damaged,3081.03
904806,552914,2026-06-30,Poor Quality,1440.1
904807,552929,2025-06-16,Not as Described,4875.26
904808,552935,2026-07-10,Unknown,906.56
904809,552943,2026-02-07,Poor Quality,1876.25
904810,552944,2025-10-25,Wrong Product,202.73
904811,552947,2025-12-21,Damaged,899.09
904812,552961,2025-06-16,Not as Described,3165.91
904813,552962,2025-12-17,Late Delivery,2149.6
904814,552970,2026-02-18,Poor Quality,867.51
904815,552972,2025-06-04,Late Delivery,829.12
904816,552981,2025-04-05,Late Delivery,460.27
904817,552992,2025-03-26,Not as Described,400.89
904818,553005,2025-03-24,Poor Quality,253.68
904819,553008,2026-07-18,Late Delivery,765.68
904820,553012,2026-06-11,Poor Quality,63.9
904821,553023,2026-07-05,Wrong Product,1213.58
904822,553069,2025-08-14,Poor Quality,516.37
904823,553081,2025-03-07,Not as Described,763.54
904824,553095,2026-02-02,Late Delivery,4917.67
904825,553099,2025-01-22,Poor Quality,710.69
904826,553116,2026-02-25,Damaged,488.09
904827,553126,2026-04-16,Not as Described,115.67
904828,553131,2025-01-19,Damaged,2601.05
904829,553145,2025-03-12,Wrong Product,429.42
904830,553154,2026-05-14,Unknown,808.27
904831,553175,2025-11-17,Not as Described,383.15
904832,553177,2025-02-19,Not as Described,4563.46
904833,553179,2025-08-13,Unknown,1336.21
904834,553183,2026-05-07,Not as Described,2076.31
904835,553189,2025-11-27,Wrong Product,786.4
904836,553191,2025-06-11,Poor Quality,654.34
904837,553201,2026-01-18,Poor Quality,4450.76
904838,553204,2026-05-02,Changed Mind,891.37
904839,553230,2026-01-24,Poor Quality,940.21
904840,553264,2025-08-27,Changed Mind,673.17
904841,553269,2026-03-15,Late Delivery,4275.83
904842,553272,2025-04-25,Not as Described,196.17
904843,553280,2025-07-05,Changed Mind,4411.47
904844,553289,2026-02-05,Poor Quality,1906.5
904845,553315,2026-04-13,Damaged,3697.9
904846,553329,2025-02-18,Poor Quality,335.23
904847,553330,2026-03-04,Not as Described,1328.68
904848,553333,2025-10-04,Poor Quality,572.32
904849,553342,2025-06-19,Damaged,1848.06
904850,553343,2025-08-30,Poor Quality,1360.07
904851,553348,2026-03-04,Poor Quality,2249.02
904852,553366,2025-12-17,Changed Mind,1302.9
904853,553371,2025-12-10,Wrong Product,513.83
904854,553379,2025-10-30,Not as Described,1260.71
904855,553384,2025-10-13,Poor Quality,2157.22
904856,553412,2025-11-27,Damaged,1092.76
904857,553424,2026-06-11,Not as Described,620.72
904858,553437,2026-05-30,Poor Quality,3166.31
904859,553441,2025-06-30,Damaged,407.32
904860,553456,2026-01-23,Poor Quality,2290.58
904861,553496,2025-01-27,Late Delivery,1684.9
904862,553509,2025-12-22,Changed Mind,1528.13
904863,553522,2026-06-27,Late Delivery,2056.37
904864,553532,2026-01-08,Changed Mind,1191.87
904865,553533,2025-09-20,Changed Mind,670.95
904866,553537,2025-01-31,Not as Described,766.17
904867,553543,2025-03-04,Changed Mind,14652.37
904868,553549,2025-04-04,Not as Described,1799.21
904869,553552,2025-05-28,Changed Mind,160.29
904870,553558,2026-05-17,Poor Quality,1536.58
904871,553564,2025-07-06,Changed Mind,991.3
904872,553567,2025-04-20,Changed Mind,1756.44
904873,553574,2025-01-08,Damaged,2055.42
904874,553584,2025-04-20,Not as Described,4910.69
904875,553589,2025-07-15,Damaged,3660.16
904876,553594,2025-07-23,Wrong Product,1892.96
904877,553601,2025-06-05,Damaged,241.21
904878,553609,2026-03-10,Wrong Product,712.29
904879,553634,2025-11-20,Changed Mind,365.0
904880,553640,2026-07-12,Wrong Product,1118.54
904881,553666,2026-05-24,Unknown,153.6
904882,553681,2025-05-30,Damaged,1223.81
904883,553687,2025-02-22,Wrong Product,414.63
904884,553689,2026-04-25,Damaged,9217.83
904885,553700,2025-10-17,Changed Mind,240.19
904886,553715,2025-10-03,Poor Quality,361.82
904887,553717,2026-01-27,Late Delivery,1543.49
904888,553737,2025-08-16,Damaged,5185.37
904889,553745,2026-03-09,Poor Quality,2185.96
904890,553752,2026-06-22,Not as Described,1124.49
904891,553766,2026-02-28,Poor Quality,1885.9
904892,553786,2026-07-18,Wrong Product,1105.47
904893,553789,2025-04-10,Not as Described,875.94
904894,553790,2025-06-02,Wrong Product,951.77
904895,553793,2025-05-06,Wrong Product,1384.37
904896,553801,2025-11-26,Poor Quality,1098.1
904897,553808,2026-01-27,Poor Quality,2556.65
904898,553810,2026-07-29,Poor Quality,1104.5
904899,553819,2026-05-21,Late Delivery,718.18
904900,553833,2025-05-09,Not as Described,3611.05
904901,553836,2026-05-27,Changed Mind,202.41
904902,553872,2025-10-03,Damaged,2280.15
904903,553886,2025-11-11,Not as Described,1159.7
904904,553917,2025-10-31,Poor Quality,275.99
904905,553919,2025-12-28,Not as Described,821.98
904906,553921,2025-02-09,Not as Described,1186.01
904907,553933,2026-02-18,Unknown,2630.05
904908,553953,2026-01-29,Wrong Product,340.21
904909,553959,2026-07-19,Not as Described,3165.36
904910,553964,2026-06-04,Poor Quality,6618.76
904911,554003,2025-03-11,Damaged,996.25
904912,554015,2025-02-21,Damaged,440.13
904913,554025,2025-04-14,Not as Described,477.96
904914,554029,2025-04-25,Unknown,1038.94
904915,554055,2026-05-29,Not as Described,270.87
904916,554075,2025-08-11,Damaged,604.75
904917,554080,2026-02-04,Poor Quality,3157.1
904918,554104,2025-11-07,Damaged,624.04
904919,554125,2025-03-02,Wrong Product,547.38
904920,554126,2025-04-25,Wrong Product,1390.9
904921,554130,2025-06-30,Damaged,5547.1
904922,554145,2025-08-07,Damaged,4904.58
904923,554147,2025-04-02,Late Delivery,708.41
904924,554161,2026-07-18,Damaged,4334.52
904925,554177,2026-04-14,Wrong Product,466.0
904926,554192,2025-06-29,Changed Mind,404.5
904927,554194,2025-07-24,Poor Quality,171.81
904928,554201,2026-04-28,Damaged,153.14
904929,554206,2025-02-28,Poor Quality,732.07
904930,554236,2026-03-11,Wrong Product,373.55
904931,554242,2025-04-13,Damaged,2094.8
904932,554249,2026-07-20,Not as Described,386.18
904933,554257,2025-12-10,Changed Mind,891.62
904934,554268,2025-09-02,Late Delivery,763.23
904935,554282,2025-08-02,Late Delivery,577.57
904936,554299,2025-07-28,Changed Mind,890.31
904937,554319,2026-06-29,Damaged,3798.56
904938,554333,2025-06-30,Poor Quality,751.36
904939,554339,2025-01-24,Poor Quality,158.62
904940,554350,2025-04-08,Unknown,3854.98
904941,554368,2025-10-29,Poor Quality,556.79
904942,554372,2026-05-05,Changed Mind,474.34
904943,554379,2026-03-14,Wrong Product,1509.3
904944,554383,2025-02-13,Late Delivery,1967.24
904945,554385,2025-06-25,Changed Mind,458.57
904946,554394,2025-10-10,Wrong Product,588.85
904947,554397,2026-03-10,Wrong Product,297.49
904948,554416,2026-04-05,Poor Quality,1090.85
904949,554421,2026-05-04,Poor Quality,95.19
904950,554423,2025-03-13,Poor Quality,2296.52
904951,554428,2026-04-19,Late Delivery,1422.37
904952,554433,2025-08-04,Not as Described,411.75
904953,554461,2025-11-13,Wrong Product,5955.37
904954,554467,2026-02-13,Not as Described,1318.3
904955,554469,2025-12-13,Late Delivery,686.39
904956,554474,2025-03-06,Late Delivery,6134.31
904957,554479,2026-06-27,Not as Described,970.0
904958,554487,2026-05-03,Late Delivery,1879.97
904959,554491,2025-07-02,Not as Described,1070.42
904960,554492,2026-02-10,Poor Quality,827.14
904961,554494,2026-06-28,Poor Quality,3895.93
904962,554505,2025-10-10,Poor Quality,1799.21
904963,554519,2026-06-15,Wrong Product,274.62
904964,554520,2025-07-14,Wrong Product,964.45
904965,554528,2025-09-18,Damaged,183.55
904966,554529,2026-04-12,Not as Described,227.9
904967,554544,2025-11-24,Damaged,1164.4
904968,554551,2025-05-01,Damaged,2637.59
904969,554573,2025-03-22,Not as Described,667.37
904970,554584,2026-02-27,Late Delivery,1009.58
904971,554590,2025-12-09,Damaged,2051.04
904972,554591,2026-02-09,Poor Quality,675.22
904973,554606,2025-12-02,Damaged,936.53
904974,554618,2025-03-28,Not as Described,2731.3
904975,554619,2025-08-18,Wrong Product,1855.1
904976,554640,2026-02-24,Poor Quality,1876.73
904977,554666,2025-05-27,Poor Quality,979.34
904978,554675,2026-04-06,Wrong Product,612.45
904979,554690,2025-04-30,Poor Quality,3385.89
904980,554695,2025-03-06,Late Delivery,5023.54
904981,554706,2025-02-18,Poor Quality,1388.55
904982,554718,2025-02-26,Damaged,1827.29
904983,554719,2025-07-08,Changed Mind,151.68
904984,554726,2025-04-29,Not as Described,308.15
904985,554751,2025-07-29,Poor Quality,411.79
904986,554752,2026-05-21,Damaged,6921.3
904987,554761,2025-04-03,Changed Mind,379.22
904988,554766,2025-11-15,Late Delivery,2646.67
904989,554769,2025-05-10,Poor Quality,1592.67
904990,554779,2025-06-27,Poor Quality,815.49
904991,554784,2025-09-02,Damaged,1062.0
904992,554786,2026-03-23,Unknown,3780.22
904993,554787,2026-01-03,Not as Described,532.89
904994,554802,2025-12-02,Poor Quality,2648.75
904995,554803,2025-01-16,Poor Quality,2067.4
904996,554813,2025-11-18,Poor Quality,743.51
904997,554816,2025-02-21,Poor Quality,1730.48
904998,554826,2026-02-09,Wrong Product,441.37
904999,554854,2026-02-23,Damaged,343.57
905000,554859,2026-04-07,Late Delivery,1782.55
905001,554883,2025-07-15,Late Delivery,637.02
905002,554885,2026-02-05,Poor Quality,2572.23
905003,554889,2026-01-15,Changed Mind,742.52
905004,554891,2026-06-15,Damaged,2470.94
905005,554892,2025-02-10,Late Delivery,1029.65
905006,554918,2025-09-09,Late Delivery,962.54
905007,554957,2025-05-12,Damaged,908.76
905008,554964,2025-10-16,Poor Quality,70.49
905009,554974,2025-09-01,Damaged,2397.5
905010,554979,2025-04-07,Poor Quality,675.12
905011,554984,2025-06-29,Damaged,480.77
905012,555016,2026-05-16,Poor Quality,748.1
905013,555017,2025-05-24,Changed Mind,212.78
905014,555023,2025-08-06,Damaged,2957.23
905015,555032,2026-04-10,Late Delivery,2376.37
905016,555036,2025-03-23,Poor Quality,4257.8
905017,555055,2025-08-28,Wrong Product,397.62
905018,555062,2025-12-26,Wrong Product,643.8
905019,555065,2025-02-04,Late Delivery,743.13
905020,555086,2025-06-03,Damaged,1138.72
905021,555091,2025-12-15,Damaged,1003.18
905022,555093,2025-03-05,Not as Described,4238.82
905023,555094,2026-01-02,Late Delivery,925.95
905024,555103,2025-05-04,Not as Described,2087.92
905025,555104,2025-02-03,Changed Mind,337.43
905026,555123,2025-03-08,Not as Described,1838.21
905027,555131,2025-04-01,Poor Quality,588.52
905028,555149,2025-09-29,Damaged,505.76
905029,555164,2025-06-22,Not as Described,225.27
905030,555172,2026-03-05,Damaged,4736.66
905031,555194,2026-01-02,Poor Quality,669.94
905032,555214,2025-02-28,Damaged,317.36
905033,555221,2025-05-08,Changed Mind,1674.92
905034,555228,2025-05-08,Poor Quality,627.06
905035,555237,2026-01-30,Poor Quality,551.91
905036,555239,2026-06-04,Changed Mind,3391.08
905037,555240,2025-11-30,Poor Quality,3218.83
905038,555245,2025-08-14,Poor Quality,2888.66
905039,555250,2025-02-25,Not as Described,1100.3
905040,555255,2025-11-09,Unknown,5790.67
905041,555256,2025-10-29,Changed Mind,1142.22
905042,555263,2025-12-24,Damaged,1346.78
905043,555269,2025-06-03,Not as Described,636.33
905044,555272,2025-07-30,Poor Quality,3762.42
905045,555277,2026-03-05,Poor Quality,850.77
905046,555285,2026-01-15,Not as Described,1675.67
905047,555293,2026-01-01,Not as Described,754.71
905048,555297,2025-07-10,Damaged,903.82
905049,555299,2025-12-22,Changed Mind,958.24
905050,555325,2025-08-11,Not as Described,855.14
905051,555330,2026-03-19,Damaged,391.13
905052,555346,2025-03-30,Wrong Product,366.31
905053,555356,2026-05-09,Not as Described,2997.26
905054,555361,2025-11-05,Late Delivery,801.57
905055,555364,2025-04-01,Damaged,1019.47
905056,555370,2025-06-04,Poor Quality,615.19
905057,555373,2025-11-30,Not as Described,300.2
905058,555383,2025-10-19,Changed Mind,3603.41
905059,555391,2025-06-26,Not as Described,3618.51
905060,555400,2025-08-15,Late Delivery,4512.65
905061,555431,2025-06-08,Poor Quality,1462.88
905062,555463,2025-06-12,Not as Described,292.83
905063,555466,2026-02-09,Changed Mind,865.46
905064,555473,2025-03-30,Changed Mind,691.08
905065,555476,2025-04-02,Late Delivery,1263.26
905066,555479,2025-06-19,Poor Quality,2612.33
905067,555485,2025-03-10,Poor Quality,395.58
905068,555497,2025-11-16,Damaged,5661.57
905069,555508,2026-05-26,Changed Mind,1723.97
905070,555525,2025-10-28,Late Delivery,1082.99
905071,555546,2025-05-13,Damaged,277.89
905072,555553,2026-05-03,Damaged,4449.02
905073,555554,2025-11-13,Wrong Product,1693.98
905074,555568,2026-01-01,Damaged,2343.8
905075,555581,2025-08-18,Damaged,2987.92
905076,555598,2025-02-11,Wrong Product,1087.06
905077,555604,2026-07-18,Damaged,699.26
905078,555616,2025-12-06,Changed Mind,6785.35
905079,555625,2025-05-31,Late Delivery,319.71
905080,555634,2026-03-26,Late Delivery,1835.05
905081,555639,2026-05-23,Damaged,1491.41
905082,555651,2026-06-25,Not as Described,533.06
905083,555664,2025-09-05,Poor Quality,825.72
905084,555690,2025-03-15,Wrong Product,323.48
905085,555706,2026-05-13,Changed Mind,1149.38
905086,555715,2025-09-01,Poor Quality,230.33
905087,555721,2026-05-07,Damaged,709.21
905088,555738,2025-06-18,Poor Quality,1430.93
905089,555740,2026-01-17,Wrong Product,371.57
905090,555765,2025-04-27,Changed Mind,1901.65
905091,555771,2026-06-10,Poor Quality,13679.77
905092,555778,2026-05-24,Not as Described,1192.49
905093,555790,2025-04-03,Not as Described,1790.15
905094,555795,2026-01-19,Wrong Product,374.06
905095,555810,2025-02-07,Late Delivery,201.27
905096,555814,2025-02-21,Poor Quality,1110.02
905097,555824,2025-03-22,Poor Quality,798.11
905098,555835,2025-03-31,Poor Quality,445.99
905099,555844,2025-04-14,Not as Described,1152.24
905100,555894,2025-02-02,Not as Described,805.56
905101,555895,2025-06-26,Not as Described,1527.93
905102,555907,2026-01-10,Damaged,875.2
905103,555911,2025-06-23,Damaged,933.9
905104,555919,2025-02-27,Late Delivery,902.96
905105,555923,2025-10-06,Changed Mind,79.65
905106,555927,2025-10-03,Poor Quality,1265.48
905107,555936,2025-11-11,Damaged,3984.54
905108,555965,2025-03-15,Not as Described,4072.54
905109,555966,2025-07-25,Poor Quality,1973.21
905110,555978,2025-06-18,Late Delivery,456.24
905111,555979,2025-09-07,Damaged,978.53
905112,555985,2025-05-06,Changed Mind,727.57
905113,555988,2025-08-13,Late Delivery,709.01
905114,555989,2025-02-27,Not as Described,313.06
905115,555991,2025-08-15,Late Delivery,614.0
905116,555998,2026-03-24,Not as Described,2341.97
905117,556027,2025-09-25,Not as Described,697.14
905118,556036,2025-04-12,Damaged,5328.02
905119,556045,2025-08-02,Wrong Product,2563.36
905120,556056,2026-06-15,Damaged,1823.72
905121,556070,2026-02-07,Unknown,2734.76
905122,556073,2025-09-26,Wrong Product,1304.37
905123,556076,2026-01-20,Wrong Product,1050.74
905124,556084,2025-07-27,Poor Quality,1350.72
905125,556109,2025-03-01,Unknown,731.24
905126,556114,2025-05-07,Damaged,593.53
905127,556123,2026-03-10,Damaged,273.35
905128,556159,2026-06-01,Damaged,465.52
905129,556171,2026-03-11,Poor Quality,2691.07
905130,556204,2026-05-28,Changed Mind,1203.9
905131,556233,2025-09-11,Changed Mind,3578.11
905132,556243,2025-09-06,Changed Mind,283.72
905133,556250,2026-04-02,Poor Quality,1816.25
905134,556252,2025-12-12,Changed Mind,496.85
905135,556255,2026-02-25,Poor Quality,905.81
905136,556277,2026-04-30,Wrong Product,1318.38
905137,556290,2026-03-07,Not as Described,2919.8
905138,556293,2026-04-27,Poor Quality,452.38
905139,556294,2025-05-29,Poor Quality,2321.07
905140,556332,2025-08-07,Damaged,840.86
905141,556363,2025-02-26,Unknown,1024.72
905142,556384,2025-10-30,Late Delivery,1297.21
905143,556390,2025-11-19,Late Delivery,443.52
905144,556391,2026-04-06,Poor Quality,446.66
905145,556395,2025-12-17,Not as Described,592.92
905146,556396,2025-06-27,Changed Mind,1485.0
905147,556399,2026-01-03,Changed Mind,2580.68
905148,556401,2025-10-30,Wrong Product,1549.65
905149,556416,2025-11-07,Wrong Product,4702.95
905150,556423,2025-07-21,Late Delivery,217.52
905151,556431,2025-11-06,Wrong Product,1119.48
905152,556433,2025-12-15,Poor Quality,507.46
905153,556440,2025-03-23,Damaged,1365.31
905154,556449,2025-06-18,Damaged,1505.04
905155,556466,2026-01-07,Poor Quality,393.28
905156,556471,2025-07-29,Changed Mind,2306.17
905157,556480,2026-03-10,Damaged,965.24
905158,556483,2025-03-24,Unknown,3151.87
905159,556490,2026-01-20,Not as Described,496.04
905160,556505,2025-02-23,Wrong Product,1893.26
905161,556506,2025-01-22,Damaged,577.55
905162,556513,2026-04-26,Poor Quality,180.17
905163,556522,2025-10-31,Late Delivery,914.44
905164,556545,2026-06-29,Poor Quality,1321.2
905165,556565,2025-05-31,Changed Mind,3849.3
905166,556575,2025-08-16,Poor Quality,615.81
905167,556586,2026-07-16,Poor Quality,1863.24
905168,556602,2025-06-21,Changed Mind,747.1
905169,556622,2025-02-16,Late Delivery,4804.17
905170,556671,2025-05-17,Not as Described,4974.45
905171,556682,2025-12-12,Damaged,987.92
905172,556700,2025-12-05,Changed Mind,1030.53
905173,556701,2025-08-06,Poor Quality,500.08
905174,556712,2025-10-18,Damaged,941.24
905175,556715,2025-10-04,Not as Described,2581.91
905176,556727,2025-10-27,Poor Quality,8760.08
905177,556729,2026-05-21,Late Delivery,940.03
905178,556735,2025-10-08,Poor Quality,1967.4
905179,556738,2025-08-31,Not as Described,1612.1
905180,556741,2025-10-11,Poor Quality,1761.56
905181,556752,2026-01-08,Not as Described,367.99
905182,556771,2026-05-30,Not as Described,2723.78
905183,556788,2026-01-27,Not as Described,335.0
905184,556789,2026-07-12,Not as Described,351.8
905185,556805,2025-11-07,Not as Described,924.69
905186,556827,2025-01-29,Wrong Product,573.71
905187,556833,2025-10-28,Damaged,774.03
905188,556887,2025-02-07,Wrong Product,311.34
905189,556892,2026-01-29,Wrong Product,562.16
905190,556922,2025-01-23,Late Delivery,2922.01
905191,556927,2025-07-13,Damaged,522.78
905192,556928,2025-02-06,Damaged,1674.64
905193,556935,2025-02-22,Changed Mind,2315.69
905194,556949,2026-07-01,Changed Mind,519.6
905195,556970,2025-04-11,Not as Described,173.27
905196,556976,2025-09-06,Wrong Product,1243.16
905197,556989,2025-02-24,Not as Described,2781.62
905198,556996,2025-04-28,Wrong Product,338.54
905199,557033,2025-02-26,Damaged,7238.84
905200,557036,2025-06-06,Late Delivery,418.74
905201,557042,2025-09-04,Poor Quality,6157.74
905202,557053,2026-02-07,Poor Quality,699.48
905203,557064,2026-03-05,Not as Described,550.14
905204,557071,2026-02-06,Not as Described,5691.43
905205,557073,2025-02-21,Late Delivery,2552.63
905206,557075,2026-03-30,Wrong Product,1283.67
905207,557080,2026-03-24,Changed Mind,6197.39
905208,557082,2025-07-10,Poor Quality,404.23
905209,557084,2025-08-02,Damaged,1483.41
905210,557098,2026-07-08,Not as Described,676.73
905211,557117,2026-02-21,Poor Quality,734.44
905212,557151,2025-01-31,Changed Mind,1168.82
905213,557152,2025-02-01,Damaged,610.9
905214,557153,2025-11-07,Poor Quality,729.43
905215,557162,2026-02-05,Not as Described,1595.88
905216,557163,2026-07-09,Poor Quality,1694.71
905217,557167,2026-03-28,Not as Described,3724.23
905218,557174,2025-01-28,Changed Mind,6896.75
905219,557175,2025-12-11,Unknown,1473.12
905220,557176,2026-03-24,Late Delivery,1283.84
905221,557177,2025-07-18,Wrong Product,500.34
905222,557182,2026-07-06,Changed Mind,1051.54
905223,557197,2025-12-08,Late Delivery,4638.11
905224,557202,2025-11-05,Damaged,987.38
905225,557216,2026-04-22,Wrong Product,992.82
905226,557225,2025-02-04,Wrong Product,1717.35
905227,557247,2026-03-12,Changed Mind,351.74
905228,557254,2025-09-13,Changed Mind,1812.15
905229,557285,2025-10-29,Poor Quality,451.58
905230,557291,2025-10-27,Wrong Product,1457.95
905231,557292,2026-07-08,Damaged,619.71
905232,557295,2025-02-10,Changed Mind,2203.26
905233,557305,2025-11-06,Damaged,739.06
905234,557323,2026-04-08,Not as Described,2956.27
905235,557324,2025-04-09,Late Delivery,1161.86
905236,557330,2026-04-11,Poor Quality,209.85
905237,557340,2026-07-07,Damaged,884.98
905238,557341,2025-01-19,Late Delivery,910.18
905239,557345,2026-03-04,Late Delivery,684.23
905240,557357,2026-07-08,Poor Quality,318.56
905241,557362,2025-08-09,Late Delivery,3123.56
905242,557363,2026-01-26,Poor Quality,3229.36
905243,557364,2026-06-09,Wrong Product,1271.06
905244,557374,2025-09-02,Not as Described,80.87
905245,557378,2025-09-12,Poor Quality,532.14
905246,557382,2026-03-18,Not as Described,1170.02
905247,557393,2026-05-07,Changed Mind,344.69
905248,557403,2026-07-24,Wrong Product,6279.54
905249,557428,2026-05-30,Not as Described,238.74
905250,557431,2025-10-24,Damaged,1704.06
905251,557451,2026-05-11,Late Delivery,2094.39
905252,557453,2025-12-26,Damaged,1657.02
905253,557459,2025-10-08,Changed Mind,255.82
905254,557473,2026-03-18,Changed Mind,543.48
905255,557476,2025-07-22,Damaged,352.57
905256,557479,2026-05-25,Damaged,243.02
905257,557485,2026-01-31,Not as Described,8420.87
905258,557491,2025-03-05,Damaged,3745.01
905259,557506,2025-04-12,Wrong Product,504.93
905260,557517,2025-03-12,Poor Quality,1079.61
905261,557524,2025-04-16,Poor Quality,228.5
905262,557526,2026-06-22,Unknown,1738.37
905263,557532,2025-07-05,Damaged,942.15
905264,557541,2025-03-08,Unknown,985.82
905265,557555,2025-09-23,Poor Quality,1056.15
905266,557558,2025-02-24,Wrong Product,2291.07
905267,557560,2025-04-15,Poor Quality,204.55
905268,557575,2026-05-13,Poor Quality,1559.61
905269,557600,2025-06-09,Late Delivery,2272.19
905270,557602,2026-02-14,Late Delivery,434.75
905271,557605,2025-06-22,Not as Described,722.01
905272,557622,2025-11-09,Poor Quality,660.05
905273,557624,2025-04-10,Late Delivery,405.65
905274,557639,2025-04-04,Poor Quality,2643.24
905275,557649,2025-10-13,Not as Described,486.36
905276,557662,2025-12-22,Unknown,1400.21
905277,557663,2025-02-17,Late Delivery,681.5
905278,557675,2025-03-12,Late Delivery,7955.53
905279,557677,2025-06-18,Not as Described,1012.15
905280,557680,2026-06-22,Poor Quality,357.91
905281,557686,2026-05-02,Poor Quality,530.84
905282,557699,2025-03-11,Changed Mind,819.4
905283,557702,2025-08-23,Changed Mind,1140.31
905284,557705,2026-06-15,Poor Quality,1798.89
905285,557710,2025-12-27,Poor Quality,241.74
905286,557718,2026-05-25,Unknown,1270.67
905287,557732,2026-01-15,Damaged,1582.8
905288,557737,2026-02-17,Damaged,681.91
905289,557741,2026-03-16,Damaged,1183.72
905290,557747,2025-04-09,Wrong Product,1854.46
905291,557752,2025-08-08,Poor Quality,1853.52
905292,557769,2026-05-25,Poor Quality,1159.13
905293,557788,2026-04-16,Not as Described,2662.7
905294,557790,2026-02-22,Poor Quality,1570.0
905295,557792,2026-05-23,Late Delivery,785.48
905296,557807,2025-09-19,Damaged,2083.71
905297,557816,2026-03-13,Not as Described,2224.92
905298,557836,2026-02-01,Poor Quality,2876.04
905299,557839,2026-05-23,Changed Mind,887.57
905300,557860,2025-04-04,Wrong Product,3745.27
905301,557871,2026-01-13,Changed Mind,724.76
905302,557872,2025-07-16,Damaged,428.07
905303,557882,2025-05-24,Late Delivery,2489.95
905304,557886,2025-08-11,Late Delivery,1801.13
905305,557888,2025-02-06,Late Delivery,993.83
905306,557890,2025-07-02,Poor Quality,2392.99
905307,557899,2026-04-24,Damaged,981.48
905308,557900,2026-06-07,Not as Described,262.16
905309,557902,2026-06-20,Late Delivery,448.93
905310,557913,2026-06-07,Poor Quality,2352.79
905311,557924,2025-12-28,Poor Quality,522.39
905312,557941,2026-04-24,Wrong Product,2818.52
905313,557946,2025-07-13,Changed Mind,86.3
905314,557960,2025-10-10,Late Delivery,574.01
905315,557987,2026-05-30,Not as Described,647.89
905316,558044,2025-11-22,Not as Described,1301.69
905317,558046,2026-04-20,Poor Quality,2358.26
905318,558053,2026-05-29,Wrong Product,619.65
905319,558059,2025-07-22,Poor Quality,924.29
905320,558062,2026-03-02,Wrong Product,2458.33
905321,558065,2025-03-21,Wrong Product,5130.72
905322,558071,2025-05-15,Changed Mind,123.72
905323,558074,2026-01-20,Poor Quality,439.32
905324,558096,2026-01-13,Changed Mind,1658.51
905325,558101,2025-12-27,Changed Mind,905.86
905326,558104,2025-10-02,Late Delivery,2021.32
905327,558106,2025-03-10,Changed Mind,1525.57
905328,558110,2025-06-28,Wrong Product,1544.28
905329,558114,2025-11-12,Changed Mind,1462.82
905330,558121,2026-03-27,Not as Described,3967.27
905331,558142,2025-04-23,Damaged,1797.42
905332,558150,2025-10-23,Poor Quality,3339.78
905333,558162,2026-06-20,Wrong Product,1413.65
905334,558185,2025-06-30,Poor Quality,3036.02
905335,558186,2025-02-23,Wrong Product,2229.38
905336,558194,2025-08-04,Changed Mind,310.87
905337,558208,2025-12-26,Not as Described,329.28
905338,558213,2026-02-18,Changed Mind,4379.39
905339,558226,2025-07-17,Damaged,3364.73
905340,558245,2025-02-22,Not as Described,796.94
905341,558250,2025-07-21,Wrong Product,1497.93
905342,558262,2025-07-27,Wrong Product,465.58
905343,558271,2025-01-23,Late Delivery,644.43
905344,558280,2025-12-11,Changed Mind,49.18
905345,558281,2025-04-01,Changed Mind,1790.28
905346,558295,2025-12-28,Damaged,3442.69
905347,558302,2025-07-03,Damaged,1532.92
905348,558309,2025-11-24,Not as Described,2672.48
905349,558321,2026-01-08,Wrong Product,657.79
905350,558325,2025-05-01,Changed Mind,2417.61
905351,558332,2026-02-12,Poor Quality,314.81
905352,558334,2025-06-08,Poor Quality,749.64
905353,558347,2025-04-12,Poor Quality,1050.42
905354,558350,2025-07-10,Changed Mind,2296.07
905355,558370,2025-11-14,Late Delivery,1520.68
905356,558383,2025-03-17,Late Delivery,3488.79
905357,558390,2025-09-22,Changed Mind,203.16
905358,558396,2025-07-29,Damaged,6392.66
905359,558397,2026-06-04,Not as Described,1431.5
905360,558418,2025-08-05,Not as Described,658.89
905361,558422,2026-04-06,Changed Mind,323.75
905362,558447,2025-06-05,Poor Quality,848.93
905363,558453,2025-03-06,Late Delivery,1165.49
905364,558467,2025-04-07,Damaged,588.28
905365,558476,2026-06-14,Wrong Product,1278.51
905366,558477,2025-12-28,Late Delivery,591.79
905367,558488,2025-06-22,Not as Described,633.1
905368,558489,2026-03-08,Wrong Product,591.3
905369,558519,2025-11-16,Not as Described,706.88
905370,558524,2026-03-26,Late Delivery,1720.74
905371,558528,2026-03-04,Damaged,1269.94
905372,558555,2025-07-04,Not as Described,1096.41
905373,558557,2025-10-17,Damaged,1597.49
905374,558558,2026-07-13,Not as Described,318.15
905375,558562,2025-09-03,Poor Quality,1376.46
905376,558569,2025-06-28,Not as Described,1327.79
905377,558588,2025-04-19,Not as Described,2434.33
905378,558604,2025-09-09,Changed Mind,2598.34
905379,558606,2025-12-18,Not as Described,6250.23
905380,558611,2026-02-19,Poor Quality,2598.2
905381,558632,2025-01-19,Poor Quality,1034.38
905382,558634,2026-01-02,Late Delivery,1804.36
905383,558669,2026-03-24,Late Delivery,838.91
905384,558679,2025-02-08,Poor Quality,633.23
905385,558700,2026-05-20,Poor Quality,159.98
905386,558708,2025-11-23,Wrong Product,399.06
905387,558724,2026-07-04,Wrong Product,574.84
905388,558727,2026-03-17,Poor Quality,1766.45
905389,558742,2026-07-05,Wrong Product,753.97
905390,558746,2025-09-30,Damaged,1470.71
905391,558747,2025-03-02,Late Delivery,2090.26
905392,558751,2026-01-18,Not as Described,861.71
905393,558761,2025-07-24,Not as Described,1163.42
905394,558770,2025-03-09,Late Delivery,688.62
905395,558786,2026-04-11,Damaged,1247.46
905396,558789,2025-03-06,Damaged,2621.55
905397,558791,2026-06-26,Damaged,6185.58
905398,558801,2025-08-12,Unknown,1173.73
905399,558812,2025-10-17,Poor Quality,1052.58
905400,558818,2025-02-13,Poor Quality,4735.92
905401,558819,2025-12-05,Damaged,491.25
905402,558833,2025-02-21,Unknown,2632.45
905403,558838,2025-05-21,Damaged,1837.73
905404,558849,2025-11-27,Not as Described,3903.05
905405,558856,2025-07-25,Poor Quality,1710.95
905406,558860,2025-11-13,Damaged,1319.58
905407,558889,2026-02-01,Wrong Product,632.89
905408,558893,2025-08-15,Wrong Product,747.84
905409,558897,2025-03-29,Late Delivery,6168.23
905410,558899,2025-10-18,Wrong Product,692.47
905411,558905,2025-07-20,Late Delivery,504.55
905412,558909,2025-05-16,Unknown,3319.67
905413,558920,2026-04-07,Late Delivery,607.6
905414,558939,2025-04-20,Wrong Product,408.07
905415,558952,2026-01-06,Late Delivery,549.82
905416,558980,2026-05-30,Changed Mind,630.76
905417,558987,2025-05-21,Damaged,1195.85
905418,558996,2026-02-18,Not as Described,1269.59
905419,559000,2026-03-21,Damaged,776.92
905420,559002,2025-09-09,Damaged,437.03
905421,559023,2025-01-24,Wrong Product,1228.99
905422,559040,2025-01-21,Late Delivery,1250.3
905423,559060,2025-02-16,Late Delivery,290.57
905424,559063,2025-09-08,Wrong Product,2492.63
905425,559089,2025-09-03,Poor Quality,396.22
905426,559096,2025-08-22,Late Delivery,80.63
905427,559098,2025-11-26,Wrong Product,1440.98
905428,559157,2025-11-16,Changed Mind,1581.61
905429,559171,2025-02-09,Wrong Product,2646.99
905430,559174,2026-05-19,Not as Described,449.98
905431,559178,2026-07-02,Changed Mind,1195.86
905432,559250,2025-02-05,Wrong Product,399.94
905433,559260,2025-11-15,Poor Quality,166.25
905434,559266,2026-07-19,Late Delivery,935.57
905435,559270,2025-09-08,Damaged,382.86
905436,559273,2025-04-02,Not as Described,1215.99
905437,559289,2025-02-10,Not as Described,909.53
905438,559322,2025-10-10,Poor Quality,785.3
905439,559324,2026-06-19,Wrong Product,1147.13
905440,559332,2025-07-27,Poor Quality,2757.74
905441,559336,2026-05-24,Late Delivery,2014.29
905442,559345,2025-08-03,Wrong Product,222.02
905443,559350,2025-06-29,Wrong Product,2615.54
905444,559352,2025-12-11,Damaged,110.42
905445,559363,2025-11-17,Damaged,547.4
905446,559391,2025-10-20,Poor Quality,1395.26
905447,559396,2026-04-16,Not as Described,3012.97
905448,559398,2026-02-19,Wrong Product,728.46
905449,559411,2025-11-30,Changed Mind,268.68
905450,559413,2026-04-13,Late Delivery,932.45
905451,559419,2026-01-14,Wrong Product,1102.51
905452,559422,2025-11-11,Not as Described,352.7
905453,559431,2026-06-21,Not as Described,818.22
905454,559448,2025-09-29,Poor Quality,4578.7
905455,559456,2026-06-25,Changed Mind,1233.55
905456,559458,2026-03-03,Not as Described,849.39
905457,559459,2026-01-16,Changed Mind,11666.35
905458,559494,2025-09-26,Changed Mind,285.01
905459,559503,2026-04-03,Damaged,1345.54
905460,559513,2025-03-20,Changed Mind,183.25
905461,559521,2026-05-06,Not as Described,1185.81
905462,559531,2025-01-13,Late Delivery,2356.64
905463,559533,2026-04-14,Damaged,473.03
905464,559546,2025-04-09,Damaged,496.58
905465,559549,2026-02-24,Wrong Product,2222.0
905466,559560,2025-11-01,Poor Quality,1264.75
905467,559602,2025-09-15,Wrong Product,1678.08
905468,559609,2025-03-25,Late Delivery,134.46
905469,559624,2026-02-10,Not as Described,964.58
905470,559632,2025-11-12,Damaged,549.4
905471,559638,2026-02-14,Changed Mind,387.55
905472,559679,2026-01-07,Changed Mind,212.98
905473,559686,2026-06-15,Changed Mind,43.95
905474,559710,2026-01-31,Wrong Product,1253.81
905475,559730,2025-05-30,Changed Mind,1396.25
905476,559740,2026-06-17,Poor Quality,1042.38
905477,559747,2025-03-17,Changed Mind,1659.09
905478,559755,2026-03-07,Poor Quality,591.07
905479,559756,2025-03-26,Not as Described,701.76
905480,559777,2026-02-08,Poor Quality,886.63
905481,559779,2026-07-22,Changed Mind,1141.29
905482,559831,2026-04-22,Not as Described,2891.99
905483,559847,2025-10-31,Poor Quality,1851.93
905484,559860,2025-12-21,Poor Quality,878.48
905485,559863,2025-12-03,Poor Quality,2958.94
905486,559871,2025-11-01,Poor Quality,578.77
905487,559902,2026-04-26,Damaged,6096.95
905488,559908,2025-01-18,Damaged,987.3
905489,559911,2025-09-28,Damaged,1011.86
905490,559927,2026-03-12,Changed Mind,2933.03
905491,559939,2025-03-18,Not as Described,697.54
905492,559943,2025-01-10,Not as Described,2126.33
905493,559949,2026-02-20,Wrong Product,719.51
905494,559960,2025-06-07,Damaged,792.11
905495,559970,2026-04-20,Not as Described,1036.76
905496,559971,2025-10-28,Not as Described,1843.17
905497,559977,2025-08-06,Poor Quality,148.12
905498,559979,2025-07-30,Damaged,4624.89
905499,559982,2025-12-24,Poor Quality,402.16
905500,559993,2026-07-12,Late Delivery,1607.82
905501,560014,2025-02-01,Wrong Product,422.7
905502,560031,2025-06-11,Not as Described,6402.37
905503,560036,2025-03-03,Poor Quality,755.48
905504,560048,2026-04-08,Late Delivery,3176.9
905505,560050,2025-08-03,Late Delivery,664.6
905506,560054,2025-09-03,Damaged,920.45
905507,560084,2026-05-19,Damaged,1329.86
905508,560089,2026-03-03,Wrong Product,1187.29
905509,560106,2026-04-10,Poor Quality,2619.29
905510,560125,2025-06-02,Poor Quality,1124.66
905511,560126,2025-08-31,Not as Described,1947.89
905512,560128,2025-10-17,Damaged,712.56
905513,560133,2025-08-23,Poor Quality,2732.85
905514,560151,2025-08-31,Poor Quality,504.46
905515,560152,2025-09-03,Damaged,2887.64
905516,560153,2026-01-17,Poor Quality,363.19
905517,560156,2026-07-04,Damaged,718.73
905518,560158,2025-08-17,Poor Quality,664.47
905519,560159,2025-10-04,Changed Mind,573.55
905520,560178,2025-12-03,Changed Mind,1538.3
905521,560187,2025-05-13,Not as Described,606.6
905522,560194,2025-04-22,Changed Mind,718.21
905523,560202,2025-02-06,Not as Described,2911.24
905524,560245,2025-06-23,Not as Described,626.72
905525,560257,2025-02-15,Wrong Product,367.24
905526,560259,2026-05-05,Late Delivery,2623.66
905527,560281,2026-06-06,Wrong Product,993.87
905528,560282,2026-05-20,Poor Quality,3157.67
905529,560283,2026-05-17,Changed Mind,4789.47
905530,560301,2026-03-16,Poor Quality,561.12
905531,560316,2025-08-18,Poor Quality,2649.24
905532,560340,2025-04-12,Poor Quality,210.8
905533,560352,2025-11-26,Poor Quality,1714.52
905534,560355,2025-02-19,Wrong Product,1416.1
905535,560361,2025-04-26,Damaged,399.87
905536,560383,2025-03-07,Not as Described,5252.5
905537,560392,2025-02-21,Changed Mind,782.36
905538,560414,2025-12-29,Wrong Product,184.84
905539,560416,2025-08-01,Poor Quality,1027.95
905540,560460,2025-01-17,Late Delivery,1137.8
905541,560465,2026-04-10,Damaged,1008.15
905542,560481,2026-01-20,Wrong Product,2465.88
905543,560484,2025-08-08,Changed Mind,426.14
905544,560495,2025-05-01,Late Delivery,1366.55
905545,560501,2025-02-08,Late Delivery,435.53
905546,560513,2026-06-16,Damaged,3017.33
905547,560522,2025-02-24,Poor Quality,704.29
905548,560526,2025-07-09,Not as Described,1128.38
905549,560545,2025-05-16,Changed Mind,1549.04
905550,560559,2025-10-23,Changed Mind,751.64
905551,560565,2025-12-29,Poor Quality,2944.41
905552,560571,2026-06-21,Damaged,3789.47
905553,560583,2026-06-16,Poor Quality,1261.17
905554,560596,2026-03-17,Changed Mind,552.27
905555,560615,2025-11-01,Wrong Product,580.68
905556,560619,2026-05-22,Damaged,737.91
905557,560624,2025-09-21,Poor Quality,463.86
905558,560639,2026-05-11,Damaged,118.42
905559,560647,2025-09-04,Changed Mind,1915.76
905560,560650,2026-03-27,Late Delivery,1653.9
905561,560654,2025-05-03,Not as Described,94.22
905562,560656,2025-06-06,Not as Described,4927.05
905563,560737,2026-02-22,Changed Mind,6322.99
905564,560748,2025-10-27,Poor Quality,2515.57
905565,560763,2026-05-24,Poor Quality,520.9
905566,560780,2025-01-19,Changed Mind,590.08
905567,560793,2025-06-16,Late Delivery,3889.95
905568,560795,2026-03-09,Poor Quality,696.71
905569,560806,2025-07-21,Damaged,306.2
905570,560822,2026-05-26,Wrong Product,2807.15
905571,560826,2026-06-23,Changed Mind,59.7
905572,560828,2026-04-28,Poor Quality,1512.61
905573,560829,2025-02-13,Changed Mind,825.1
905574,560839,2026-06-20,Damaged,1128.67
905575,560861,2025-12-24,Wrong Product,164.73
905576,560864,2025-09-22,Damaged,2516.89
905577,560865,2026-03-23,Poor Quality,217.69
905578,560878,2025-08-25,Damaged,716.14
905579,560884,2026-05-23,Poor Quality,272.38
905580,560915,2026-04-06,Poor Quality,2071.6
905581,560920,2025-07-02,Poor Quality,1409.5
905582,560924,2025-11-11,Late Delivery,1708.43
905583,560965,2026-06-26,Poor Quality,4646.47
905584,560977,2026-03-29,Poor Quality,390.28
905585,560979,2025-06-11,Not as Described,4893.17
905586,560987,2025-10-02,Not as Described,2049.87
905587,560991,2026-06-02,Poor Quality,1966.99
905588,560997,2026-02-27,Late Delivery,1181.99
905589,561003,2026-03-13,Wrong Product,79.94
905590,561015,2026-07-10,Wrong Product,1201.64
905591,561026,2025-10-22,Wrong Product,2066.68
905592,561028,2026-05-23,Poor Quality,2351.99
905593,561035,2026-01-01,Wrong Product,488.31
905594,561050,2026-04-30,Not as Described,142.57
905595,561056,2025-10-14,Poor Quality,9795.26
905596,561086,2026-07-02,Poor Quality,335.01
905597,561087,2025-02-25,Damaged,1908.46
905598,561118,2025-11-10,Not as Described,1619.91
905599,561122,2025-07-01,Poor Quality,315.82
905600,561125,2026-02-25,Not as Described,2602.4
905601,561128,2026-05-26,Damaged,1494.99
905602,561134,2025-03-28,Wrong Product,501.91
905603,561140,2026-05-20,Not as Described,358.04
905604,561150,2025-07-03,Changed Mind,267.74
905605,561176,2026-06-13,Not as Described,583.56
905606,561177,2026-06-13,Not as Described,694.53
905607,561185,2026-06-08,Wrong Product,894.49
905608,561187,2026-05-14,Poor Quality,932.49
905609,561194,2025-09-11,Changed Mind,1629.93
905610,561197,2025-11-18,Damaged,1060.91
905611,561210,2026-03-07,Poor Quality,1640.21
905612,561224,2026-05-17,Poor Quality,315.83
905613,561250,2025-08-05,Late Delivery,1587.34
905614,561252,2025-03-13,Poor Quality,578.03
905615,561257,2025-02-28,Late Delivery,3454.51
905616,561259,2026-04-04,Poor Quality,1716.83
905617,561260,2025-02-18,Damaged,526.69
905618,561267,2026-06-05,Changed Mind,1966.7
905619,561277,2025-12-31,Poor Quality,318.04
905620,561296,2025-05-27,Wrong Product,780.27
905621,561313,2026-06-09,Wrong Product,659.9
905622,561335,2026-05-04,Poor Quality,893.06
905623,561349,2025-08-12,Late Delivery,1938.19
905624,561352,2025-11-09,Not as Described,747.08
905625,561353,2025-04-16,Poor Quality,459.76
905626,561380,2026-06-13,Poor Quality,1200.79
905627,561396,2025-04-25,Poor Quality,337.86
905628,561408,2026-03-02,Late Delivery,2733.18
905629,561412,2026-05-10,Poor Quality,6718.84
905630,561420,2025-06-04,Poor Quality,1799.76
905631,561421,2026-07-20,Unknown,3436.34
905632,561424,2026-04-19,Late Delivery,747.57
905633,561441,2025-01-21,Not as Described,1072.77
905634,561446,2025-11-11,Changed Mind,273.75
905635,561458,2026-05-12,Wrong Product,3517.75
905636,561463,2026-02-03,Poor Quality,1348.68
905637,561475,2025-03-10,Not as Described,559.64
905638,561500,2025-09-29,Poor Quality,1131.39
905639,561509,2026-04-17,Poor Quality,3153.64
905640,561510,2026-06-30,Late Delivery,808.66
905641,561548,2025-07-13,Wrong Product,409.34
905642,561565,2025-06-25,Not as Described,4851.81
905643,561572,2025-03-20,Unknown,262.74
905644,561591,2026-07-14,Poor Quality,828.61
905645,561608,2025-08-11,Poor Quality,1769.74
905646,561620,2026-04-14,Poor Quality,4997.38
905647,561621,2025-06-29,Damaged,778.36
905648,561625,2026-06-12,Changed Mind,3089.38
905649,561670,2026-04-09,Late Delivery,1339.53
905650,561679,2026-03-07,Poor Quality,1635.96
905651,561703,2025-05-15,Poor Quality,711.49
905652,561747,2025-01-21,Unknown,251.53
905653,561758,2026-01-31,Not as Described,827.81
905654,561760,2026-04-02,Changed Mind,834.22
905655,561769,2025-08-02,Poor Quality,894.47
905656,561777,2026-06-29,Late Delivery,274.85
905657,561815,2025-09-02,Late Delivery,752.26
905658,561839,2026-05-29,Poor Quality,803.35
905659,561883,2025-04-13,Wrong Product,1209.31
905660,561895,2025-10-03,Not as Described,3233.08
905661,561899,2025-01-15,Damaged,1267.16
905662,561903,2026-05-30,Late Delivery,1197.33
905663,561907,2025-08-29,Damaged,360.03
905664,561909,2026-07-20,Damaged,368.83
905665,561915,2026-01-31,Late Delivery,1178.42
905666,561922,2026-02-04,Late Delivery,1050.02
905667,561927,2026-02-04,Damaged,103.21
905668,561932,2025-07-06,Poor Quality,8197.31
905669,561941,2026-02-24,Damaged,1512.16
905670,561945,2025-11-01,Not as Described,693.4
905671,561967,2026-01-16,Wrong Product,612.25
905672,561973,2025-06-15,Damaged,4905.86
905673,561978,2026-01-16,Damaged,735.81
905674,561982,2026-04-15,Not as Described,2353.89
905675,561990,2025-04-28,Poor Quality,1607.84
905676,561993,2026-03-30,Damaged,908.63
905677,561999,2025-05-12,Wrong Product,847.17
905678,562008,2025-03-14,Poor Quality,1371.2
905679,562014,2026-04-13,Wrong Product,1067.61
905680,562022,2025-12-11,Poor Quality,1352.49
905681,562025,2025-11-08,Damaged,509.83
905682,562040,2026-02-25,Wrong Product,6080.36
905683,562045,2025-02-20,Changed Mind,4048.12
905684,562066,2025-04-28,Damaged,3243.68
905685,562134,2026-03-27,Not as Described,3437.56
905686,562147,2025-02-25,Damaged,277.75
905687,562152,2025-04-07,Unknown,635.45
905688,562201,2025-12-23,Not as Described,514.83
905689,562230,2025-03-26,Changed Mind,773.79
905690,562243,2026-03-27,Damaged,313.82
905691,562253,2025-12-06,Not as Described,1707.0
905692,562266,2025-01-28,Changed Mind,601.8
905693,562288,2025-10-12,Poor Quality,4728.98
905694,562290,2025-03-20,Changed Mind,2591.19
905695,562297,2025-09-16,Poor Quality,1122.9
905696,562325,2025-12-07,Poor Quality,1911.82
905697,562329,2025-09-27,Wrong Product,1368.57
905698,562332,2025-04-05,Late Delivery,6472.58
905699,562333,2026-07-08,Not as Described,2602.98
905700,562348,2025-02-27,Unknown,1053.62
905701,562373,2026-03-03,Unknown,411.83
905702,562386,2025-02-27,Wrong Product,4588.27
905703,562416,2025-08-09,Wrong Product,260.06
905704,562423,2025-11-02,Poor Quality,222.16
905705,562427,2026-03-28,Damaged,1465.21
905706,562428,2026-03-04,Not as Described,1442.56
905707,562430,2025-01-24,Poor Quality,695.04
905708,562442,2025-12-11,Not as Described,428.14
905709,562445,2026-02-07,Wrong Product,104.15
905710,562462,2026-03-11,Poor Quality,2041.62
905711,562474,2025-05-08,Poor Quality,1833.65
905712,562477,2026-03-14,Poor Quality,1163.23
905713,562478,2026-01-21,Unknown,2459.1
905714,562483,2025-05-15,Poor Quality,1853.32
905715,562484,2025-08-07,Changed Mind,1755.4
905716,562488,2026-04-22,Changed Mind,697.87
905717,562499,2025-07-03,Damaged,1093.04
905718,562530,2026-03-13,Not as Described,874.27
905719,562533,2026-05-11,Poor Quality,1022.3
905720,562535,2025-01-31,Damaged,629.69
905721,562555,2025-08-23,Damaged,107.36
905722,562572,2025-07-26,Damaged,237.47
905723,562574,2025-03-06,Wrong Product,547.99
905724,562580,2025-06-30,Damaged,2769.8
905725,562584,2025-01-17,Wrong Product,2085.42
905726,562589,2025-09-06,Damaged,179.41
905727,562596,2026-05-12,Damaged,5174.4
905728,562603,2026-07-18,Poor Quality,41.12
905729,562604,2025-10-02,Poor Quality,806.08
905730,562606,2025-02-06,Unknown,968.8
905731,562619,2026-05-28,Changed Mind,1665.23
905732,562634,2025-12-24,Poor Quality,759.34
905733,562641,2026-07-14,Not as Described,1286.3
905734,562643,2025-06-11,Poor Quality,757.25
905735,562648,2025-11-25,Changed Mind,625.26
905736,562653,2026-01-09,Late Delivery,83.85
905737,562678,2026-03-29,Not as Described,254.13
905738,562688,2025-11-24,Damaged,772.6
905739,562746,2025-06-19,Unknown,1862.61
905740,562747,2025-08-15,Late Delivery,572.88
905741,562769,2025-12-12,Poor Quality,3048.09
905742,562774,2026-05-21,Not as Described,564.53
905743,562783,2025-05-27,Wrong Product,1512.12
905744,562801,2026-03-15,Damaged,4300.07
905745,562804,2025-03-29,Damaged,1846.66
905746,562822,2025-05-29,Unknown,443.31
905747,562830,2026-05-28,Wrong Product,2985.48
905748,562832,2025-09-26,Not as Described,326.39
905749,562839,2026-06-05,Poor Quality,5441.03
905750,562840,2025-03-01,Wrong Product,604.62
905751,562842,2025-05-06,Not as Described,228.23
905752,562852,2026-06-30,Damaged,1256.59
905753,562857,2025-03-28,Damaged,1560.24
905754,562872,2026-05-05,Damaged,335.38
905755,562877,2026-03-29,Poor Quality,3626.02
905756,562896,2025-10-30,Wrong Product,3622.44
905757,562910,2026-04-13,Changed Mind,455.07
905758,562931,2026-01-20,Changed Mind,115.06
905759,562938,2025-05-19,Late Delivery,86.13
905760,562951,2025-05-25,Not as Described,506.1
905761,562980,2025-05-18,Damaged,2219.96
905762,562998,2026-06-19,Poor Quality,1134.12
905763,563009,2025-10-31,Not as Described,1640.21
905764,563017,2026-01-26,Unknown,655.47
905765,563019,2025-10-04,Not as Described,479.58
905766,563041,2025-05-01,Damaged,696.85
905767,563048,2026-02-17,Wrong Product,1251.79
905768,563053,2025-04-11,Wrong Product,1558.36
905769,563068,2025-09-09,Poor Quality,1105.45
905770,563080,2025-07-31,Not as Described,2524.7
905771,563082,2026-04-29,Damaged,986.65
905772,563091,2025-02-05,Not as Described,2875.91
905773,563098,2025-09-16,Changed Mind,1084.93
905774,563114,2025-07-11,Poor Quality,929.83
905775,563149,2026-07-05,Poor Quality,1190.44
905776,563151,2025-08-25,Damaged,1018.36
905777,563168,2026-01-29,Changed Mind,616.56
905778,563213,2025-09-17,Late Delivery,1268.28
905779,563216,2025-02-14,Changed Mind,1970.95
905780,563225,2025-04-06,Unknown,945.74
905781,563229,2026-02-13,Poor Quality,330.39
905782,563239,2025-04-23,Poor Quality,2789.86
905783,563244,2026-05-13,Damaged,4398.98
905784,563256,2025-07-06,Not as Described,844.53
905785,563261,2025-02-11,Not as Described,242.18
905786,563262,2025-06-04,Not as Described,2448.04
905787,563282,2025-12-31,Not as Described,1798.47
905788,563303,2025-07-12,Late Delivery,3066.87
905789,563319,2026-03-31,Poor Quality,46.41
905790,563329,2026-04-22,Changed Mind,346.85
905791,563338,2025-07-19,Not as Described,129.4
905792,563340,2025-12-09,Damaged,1094.23
905793,563344,2026-07-09,Poor Quality,772.92
905794,563347,2025-09-18,Late Delivery,1625.94
905795,563348,2025-06-25,Damaged,3673.19
905796,563351,2026-05-09,Changed Mind,765.5
905797,563373,2026-04-10,Not as Described,594.24
905798,563374,2025-12-17,Poor Quality,200.49
905799,563398,2025-11-25,Not as Described,181.24
905800,563409,2025-02-08,Not as Described,4088.21
905801,563426,2025-11-27,Unknown,936.68
905802,563443,2026-06-20,Poor Quality,6402.44
905803,563453,2026-05-12,Late Delivery,987.52
905804,563460,2025-03-11,Not as Described,253.13
905805,563461,2026-05-23,Not as Described,970.96
905806,563466,2025-06-21,Poor Quality,315.11
905807,563490,2025-11-13,Wrong Product,648.79
905808,563504,2025-05-14,Damaged,461.06
905809,563534,2025-12-10,Damaged,175.13
905810,563539,2025-09-10,Poor Quality,178.36
905811,563543,2026-06-09,Poor Quality,353.37
905812,563551,2026-02-02,Poor Quality,838.08
905813,563554,2025-08-24,Changed Mind,1470.48
905814,563556,2025-08-26,Changed Mind,456.54
905815,563570,2025-07-09,Poor Quality,2615.53
905816,563581,2026-05-11,Poor Quality,1133.24
905817,563609,2025-11-25,Poor Quality,459.12
905818,563618,2025-12-07,Late Delivery,323.48
905819,563620,2025-07-20,Poor Quality,1240.39
905820,563623,2025-09-22,Poor Quality,82.25
905821,563644,2025-07-22,Changed Mind,3944.51
905822,563645,2025-12-07,Not as Described,3233.83
905823,563652,2025-05-19,Wrong Product,308.24
905824,563667,2025-03-29,Late Delivery,691.98
905825,563685,2025-11-02,Changed Mind,1297.96
905826,563707,2026-04-29,Damaged,249.99
905827,563715,2025-02-11,Poor Quality,601.09
905828,563720,2025-08-22,Damaged,2333.61
905829,563731,2025-09-21,Wrong Product,1211.03
905830,563736,2025-08-17,Damaged,232.32
905831,563756,2026-05-05,Changed Mind,641.96
905832,563761,2026-04-14,Poor Quality,517.91
905833,563777,2025-11-23,Poor Quality,6408.42
905834,563789,2025-03-18,Poor Quality,4018.57
905835,563810,2025-05-08,Damaged,999.38
905836,563814,2026-06-21,Not as Described,339.02
905837,563831,2026-03-04,Poor Quality,3197.68
905838,563850,2025-08-21,Changed Mind,996.05
905839,563865,2025-10-06,Unknown,2174.04
905840,563885,2025-12-04,Changed Mind,1154.14
905841,563890,2025-09-28,Not as Described,697.93
905842,563892,2025-11-24,Wrong Product,2247.43
905843,563913,2026-01-06,Late Delivery,1322.27
905844,563926,2026-06-23,Changed Mind,708.74
905845,563929,2025-07-30,Not as Described,3323.96
905846,563934,2025-01-14,Damaged,1001.25
905847,563951,2026-01-14,Not as Described,702.78
905848,563952,2025-02-16,Late Delivery,2420.99
905849,563963,2025-03-17,Unknown,1211.39
905850,563978,2025-12-17,Not as Described,407.05
905851,563987,2025-07-07,Damaged,488.79
905852,563990,2025-09-22,Poor Quality,2881.04
905853,563999,2025-06-20,Changed Mind,432.89
905854,564002,2026-05-03,Poor Quality,334.87
905855,564006,2025-09-07,Late Delivery,1413.62
905856,564043,2025-12-08,Changed Mind,1405.2
905857,564067,2026-04-25,Poor Quality,1248.11
905858,564068,2025-12-27,Damaged,108.01
905859,564075,2026-06-26,Unknown,962.58
905860,564085,2026-06-18,Damaged,2587.87
905861,564091,2025-02-08,Unknown,1767.42
905862,564109,2026-07-15,Unknown,1072.95
905863,564126,2025-12-12,Not as Described,276.61
905864,564129,2026-01-09,Not as Described,1547.43
905865,564135,2025-12-05,Late Delivery,2563.01
905866,564140,2025-10-19,Late Delivery,610.95
905867,564167,2026-02-05,Poor Quality,1295.83
905868,564174,2026-07-07,Wrong Product,810.48
905869,564181,2025-02-14,Unknown,545.06
905870,564236,2025-09-20,Not as Described,504.51
905871,564240,2026-04-08,Unknown,1450.34
905872,564245,2025-02-13,Damaged,5655.81
905873,564246,2025-03-29,Wrong Product,146.3
905874,564268,2025-02-06,Unknown,878.56
905875,564275,2025-07-08,Not as Described,353.31
905876,564281,2025-12-18,Changed Mind,4058.73
905877,564286,2026-04-20,Poor Quality,726.26
905878,564287,2025-04-04,Damaged,3258.18
905879,564299,2026-01-04,Damaged,3293.39
905880,564302,2025-03-20,Damaged,859.22
905881,564310,2026-06-16,Damaged,1595.77
905882,564316,2026-06-04,Late Delivery,779.22
905883,564317,2025-04-04,Poor Quality,415.62
905884,564366,2026-02-18,Poor Quality,447.65
905885,564369,2025-09-16,Poor Quality,524.29
905886,564374,2026-03-21,Poor Quality,4079.13
905887,564381,2025-07-18,Not as Described,300.98
905888,564393,2025-05-31,Changed Mind,5053.57
905889,564398,2026-04-08,Changed Mind,2373.95
905890,564418,2025-03-09,Changed Mind,995.31
905891,564426,2025-02-25,Not as Described,230.96
905892,564440,2025-11-21,Poor Quality,262.85
905893,564465,2026-01-27,Wrong Product,1790.37
905894,564469,2026-01-18,Poor Quality,794.39
905895,564477,2025-01-20,Changed Mind,373.69
905896,564485,2026-01-08,Late Delivery,2150.53
905897,564491,2026-03-12,Poor Quality,951.31
905898,564495,2026-04-13,Poor Quality,1225.19
905899,564511,2025-12-16,Poor Quality,221.38
905900,564517,2026-02-11,Not as Described,87.8
905901,564524,2025-06-02,Unknown,2941.52
905902,564536,2025-08-16,Changed Mind,332.32
905903,564557,2026-01-12,Late Delivery,653.14
905904,564566,2025-02-09,Not as Described,3459.84
905905,564570,2025-02-03,Poor Quality,642.18
905906,564577,2025-09-14,Damaged,745.0
905907,564586,2026-06-11,Changed Mind,1236.79
905908,564588,2025-09-27,Not as Described,1019.59
905909,564592,2025-07-03,Not as Described,866.91
905910,564599,2026-05-11,Damaged,576.16
905911,564620,2025-12-07,Not as Described,2870.79
905912,564630,2025-10-07,Poor Quality,4101.65
905913,564643,2025-03-06,Wrong Product,708.11
905914,564647,2025-05-26,Not as Described,2430.15
905915,564660,2025-06-01,Poor Quality,633.17
905916,564680,2025-05-19,Poor Quality,1379.07
905917,564684,2026-05-27,Changed Mind,992.22
905918,564689,2025-02-21,Not as Described,2222.06
905919,564706,2026-02-03,Poor Quality,1276.23
905920,564747,2025-12-23,Not as Described,567.6
905921,564752,2025-07-30,Damaged,1766.69
905922,564757,2025-08-25,Late Delivery,634.58
905923,564768,2026-02-24,Changed Mind,569.08
905924,564781,2025-06-19,Wrong Product,334.72
905925,564805,2026-05-05,Poor Quality,421.33
905926,564829,2026-01-28,Not as Described,3801.91
905927,564840,2025-04-04,Not as Described,95.56
905928,564857,2025-12-17,Changed Mind,748.04
905929,564863,2025-06-17,Changed Mind,737.85
905930,564871,2026-02-01,Poor Quality,67.81
905931,564887,2025-08-04,Unknown,253.48
905932,564888,2025-06-09,Wrong Product,2883.08
905933,564890,2025-07-25,Wrong Product,840.36
905934,564892,2025-04-26,Changed Mind,604.54
905935,564899,2025-07-03,Poor Quality,1109.91
905936,564918,2025-12-06,Damaged,1499.08
905937,564922,2025-02-22,Changed Mind,985.27
905938,564929,2025-07-24,Not as Described,638.94
905939,564931,2026-06-24,Changed Mind,2429.9
905940,564992,2025-08-24,Late Delivery,1161.38
905941,565014,2025-02-24,Changed Mind,503.43
905942,565038,2026-07-19,Poor Quality,8848.33
905943,565053,2025-04-21,Wrong Product,2459.28
905944,565055,2025-07-27,Late Delivery,2824.79
905945,565069,2025-12-31,Not as Described,921.12
905946,565080,2025-10-25,Damaged,1773.5
905947,565101,2026-07-05,Wrong Product,92.93
905948,565105,2025-11-07,Poor Quality,1928.95
905949,565119,2025-10-03,Poor Quality,1167.03
905950,565120,2026-05-13,Damaged,677.55
905951,565123,2025-05-13,Late Delivery,5083.4
905952,565126,2026-01-12,Wrong Product,921.48
905953,565132,2026-06-23,Poor Quality,3600.42
905954,565149,2025-01-18,Poor Quality,6637.51
905955,565164,2025-10-02,Wrong Product,963.62
905956,565174,2026-04-09,Not as Described,1946.88
905957,565185,2025-03-14,Not as Described,494.18
905958,565188,2025-10-02,Damaged,370.15
905959,565200,2025-10-01,Not as Described,179.71
905960,565201,2025-04-01,Damaged,2198.41
905961,565203,2026-02-15,Poor Quality,670.26
905962,565216,2025-03-28,Poor Quality,212.32
905963,565229,2025-12-03,Changed Mind,793.59
905964,565242,2025-02-17,Unknown,392.34
905965,565259,2025-03-27,Wrong Product,2612.27
905966,565260,2026-02-12,Changed Mind,2180.83
905967,565267,2026-04-26,Poor Quality,2600.87
905968,565270,2025-12-08,Not as Described,5142.52
905969,565275,2025-10-26,Poor Quality,4105.87
905970,565276,2025-02-14,Poor Quality,335.37
905971,565283,2025-09-09,Changed Mind,1710.75
905972,565284,2026-05-22,Wrong Product,82.07
905973,565286,2026-04-27,Late Delivery,503.59
905974,565290,2026-06-09,Poor Quality,363.59
905975,565293,2025-09-22,Late Delivery,471.05
905976,565300,2025-09-21,Unknown,418.74
905977,565312,2026-07-06,Late Delivery,925.33
905978,565320,2026-05-30,Poor Quality,678.52
905979,565327,2025-03-17,Changed Mind,1092.91
905980,565328,2025-03-31,Not as Described,1549.96
905981,565334,2026-03-10,Poor Quality,116.71
905982,565336,2025-10-09,Late Delivery,2116.13
905983,565345,2026-02-06,Wrong Product,1433.66
905984,565351,2025-05-21,Poor Quality,74.42
905985,565360,2025-05-22,Not as Described,1496.83
905986,565366,2025-05-12,Late Delivery,59.09
905987,565391,2025-08-17,Damaged,1140.72
905988,565397,2026-04-09,Poor Quality,481.34
905989,565404,2025-02-01,Poor Quality,808.6
905990,565409,2025-01-28,Poor Quality,1609.0
905991,565413,2025-06-16,Changed Mind,1141.08
905992,565418,2025-08-13,Unknown,1085.53
905993,565421,2025-10-12,Late Delivery,107.77
905994,565439,2026-04-28,Unknown,932.47
905995,565441,2025-09-11,Wrong Product,4847.27
905996,565444,2025-04-14,Not as Described,784.31
905997,565470,2025-05-01,Wrong Product,1819.91
905998,565475,2026-03-18,Not as Described,880.59
905999,565478,2025-12-04,Late Delivery,480.36
906000,565485,2025-05-18,Not as Described,2047.19
906001,565493,2025-09-29,Not as Described,429.64
906002,565513,2026-07-03,Damaged,2084.35
906003,565521,2025-09-28,Wrong Product,3256.37
906004,565531,2026-05-03,Wrong Product,300.18
906005,565535,2025-11-15,Damaged,1152.05
906006,565548,2025-03-06,Not as Described,555.59
906007,565569,2026-05-17,Late Delivery,1164.67
906008,565579,2025-09-16,Not as Described,1940.55
906009,565589,2026-03-05,Changed Mind,945.7
906010,565595,2025-12-20,Damaged,426.19
906011,565596,2025-11-08,Changed Mind,183.23
906012,565598,2025-07-17,Poor Quality,2116.86
906013,565599,2026-03-14,Late Delivery,524.45
906014,565656,2026-05-10,Poor Quality,392.1
906015,565662,2026-06-08,Poor Quality,2512.77
906016,565663,2025-07-27,Changed Mind,558.0
906017,565681,2025-04-29,Poor Quality,751.52
906018,565710,2025-10-29,Poor Quality,1822.44
906019,565743,2025-03-28,Poor Quality,172.19
906020,565777,2025-01-25,Poor Quality,4649.87
906021,565796,2026-04-20,Damaged,1619.76
906022,565808,2026-01-06,Not as Described,963.08
906023,565824,2026-01-26,Not as Described,3702.51
906024,565826,2026-01-23,Not as Described,475.6
906025,565846,2025-11-07,Poor Quality,11222.31
906026,565852,2025-06-11,Poor Quality,427.03
906027,565870,2026-02-03,Late Delivery,1116.32
906028,565887,2025-11-15,Not as Described,993.56
906029,565908,2026-06-08,Changed Mind,1185.6
906030,565928,2026-02-07,Wrong Product,2832.21
906031,565941,2025-07-21,Damaged,1421.73
906032,565945,2025-02-24,Poor Quality,382.04
906033,565957,2025-03-08,Changed Mind,671.66
906034,565971,2026-05-25,Wrong Product,2544.16
906035,565990,2026-03-04,Late Delivery,546.36
906036,565993,2025-08-10,Wrong Product,1361.16
906037,565998,2025-03-13,Late Delivery,776.83
906038,566015,2025-09-24,Wrong Product,1485.82
906039,566024,2026-03-10,Changed Mind,1000.58
906040,566039,2025-11-07,Changed Mind,167.75
906041,566040,2025-04-21,Not as Described,472.49
906042,566055,2026-04-22,Not as Described,2739.36
906043,566086,2026-05-01,Wrong Product,1190.34
906044,566090,2026-01-20,Not as Described,2563.84
906045,566102,2026-05-26,Wrong Product,1710.2
906046,566113,2026-03-10,Not as Described,475.44
906047,566123,2026-06-25,Damaged,2638.38
906048,566131,2025-01-11,Changed Mind,1978.26
906049,566133,2025-03-13,Poor Quality,1088.85
906050,566148,2026-06-15,Wrong Product,914.14
906051,566153,2025-09-21,Changed Mind,330.83
906052,566172,2026-02-19,Poor Quality,540.54
906053,566189,2026-07-11,Changed Mind,5822.72
906054,566192,2025-10-31,Damaged,937.02
906055,566194,2026-05-15,Changed Mind,2394.75
906056,566203,2025-09-02,Not as Described,1967.92
906057,566207,2026-04-27,Poor Quality,334.35
906058,566208,2026-03-26,Damaged,594.9
906059,566217,2025-05-05,Changed Mind,2076.95
906060,566262,2026-02-15,Poor Quality,539.13
906061,566273,2025-12-24,Poor Quality,255.84
906062,566275,2025-08-05,Not as Described,622.84
906063,566310,2025-03-21,Wrong Product,374.34
906064,566323,2026-01-28,Damaged,4329.75
906065,566339,2025-04-29,Poor Quality,85.97
906066,566343,2026-04-18,Poor Quality,3354.0
906067,566347,2026-01-15,Damaged,567.75
906068,566374,2026-02-24,Poor Quality,449.61
906069,566378,2025-08-11,Not as Described,1467.14
906070,566383,2025-05-14,Damaged,2441.5
906071,566389,2025-06-07,Not as Described,4454.13
906072,566408,2025-09-02,Changed Mind,1010.85
906073,566415,2025-03-20,Damaged,747.97
906074,566416,2026-02-26,Poor Quality,5483.52
906075,566421,2026-01-21,Changed Mind,452.93
906076,566439,2025-03-07,Wrong Product,388.98
906077,566442,2025-08-04,Not as Described,899.89
906078,566446,2026-03-31,Not as Described,214.28
906079,566462,2026-06-01,Changed Mind,154.98
906080,566470,2025-11-19,Damaged,386.92
906081,566487,2026-06-15,Poor Quality,256.2
906082,566488,2025-09-10,Poor Quality,867.61
906083,566491,2025-10-15,Poor Quality,2169.42
906084,566503,2025-10-18,Damaged,3093.33
906085,566504,2026-01-23,Wrong Product,1540.45
906086,566548,2025-02-09,Wrong Product,2325.08
906087,566561,2026-05-05,Poor Quality,1135.15
906088,566569,2025-11-12,Not as Described,3969.39
906089,566572,2026-07-06,Not as Described,931.95
906090,566584,2025-02-17,Changed Mind,1067.02
906091,566602,2025-03-04,Damaged,2183.9
906092,566613,2025-10-09,Damaged,92.63
906093,566668,2025-07-20,Damaged,2263.2
906094,566672,2025-12-25,Changed Mind,3684.38
906095,566689,2025-08-19,Damaged,5525.74
906096,566693,2026-04-18,Not as Described,271.76
906097,566705,2025-11-13,Changed Mind,2795.6
906098,566726,2025-01-15,Not as Described,4374.02
906099,566734,2026-03-07,Not as Described,1143.97
906100,566772,2025-04-19,Not as Described,3636.95
906101,566780,2026-01-10,Damaged,398.4
906102,566782,2025-06-25,Damaged,663.46
906103,566785,2025-07-16,Damaged,1084.11
906104,566786,2025-01-11,Wrong Product,1125.03
906105,566793,2025-04-07,Damaged,1178.96
906106,566795,2025-01-05,Not as Described,782.59
906107,566812,2025-11-14,Damaged,1559.24
906108,566815,2026-01-21,Damaged,309.45
906109,566818,2025-04-30,Changed Mind,284.41
906110,566828,2025-06-16,Poor Quality,198.9
906111,566842,2025-12-20,Late Delivery,1758.78
906112,566860,2026-02-12,Late Delivery,757.81
906113,566863,2026-06-22,Damaged,1888.37
906114,566868,2026-01-22,Changed Mind,1585.65
906115,566881,2026-04-04,Poor Quality,3052.2
906116,566888,2025-09-29,Poor Quality,1848.82
906117,566898,2026-04-29,Poor Quality,356.43
906118,566909,2025-07-02,Damaged,1322.78
906119,566912,2025-11-28,Late Delivery,575.78
906120,566922,2026-04-08,Changed Mind,285.65
906121,566940,2025-02-20,Changed Mind,184.49
906122,566963,2025-10-17,Wrong Product,3363.6
906123,567001,2026-01-23,Changed Mind,4529.55
906124,567011,2026-04-03,Late Delivery,1272.22
906125,567057,2025-05-18,Poor Quality,2964.57
906126,567059,2025-12-24,Damaged,1553.36
906127,567065,2026-06-27,Damaged,11265.69
906128,567093,2025-06-12,Not as Described,1436.97
906129,567100,2026-03-20,Unknown,2329.33
906130,567115,2026-06-25,Poor Quality,1980.63
906131,567117,2025-12-05,Poor Quality,9227.52
906132,567125,2025-01-30,Not as Described,1015.69
906133,567131,2025-02-25,Poor Quality,918.97
906134,567134,2026-01-25,Damaged,304.39
906135,567143,2026-04-13,Changed Mind,710.32
906136,567146,2025-10-31,Poor Quality,1525.8
906137,567170,2025-06-30,Poor Quality,1009.05
906138,567185,2025-12-31,Damaged,414.09
906139,567205,2026-06-07,Changed Mind,94.38
906140,567213,2026-01-01,Damaged,760.91
906141,567220,2026-03-20,Damaged,897.14
906142,567222,2025-04-25,Damaged,2140.35
906143,567224,2025-02-22,Wrong Product,789.22
906144,567228,2026-02-21,Not as Described,291.47
906145,567238,2025-05-21,Poor Quality,675.7
906146,567249,2025-11-27,Damaged,4451.52
906147,567251,2026-03-02,Wrong Product,452.12
906148,567253,2025-04-14,Changed Mind,78.39
906149,567254,2025-07-19,Damaged,641.7
906150,567266,2025-11-22,Poor Quality,1512.23
906151,567272,2025-02-09,Damaged,3247.96
906152,567275,2025-04-04,Damaged,82.1
906153,567277,2025-02-14,Late Delivery,1450.32
906154,567295,2025-10-10,Damaged,600.15
906155,567307,2026-06-08,Wrong Product,2069.93
906156,567322,2025-03-03,Poor Quality,1698.77
906157,567323,2026-06-30,Not as Described,247.35
906158,567326,2025-05-24,Poor Quality,346.16
906159,567338,2026-04-11,Late Delivery,1773.47
906160,567344,2025-03-31,Damaged,411.24
906161,567352,2025-10-01,Changed Mind,2548.67
906162,567354,2025-10-08,Not as Described,681.04
906163,567364,2025-12-29,Late Delivery,537.49
906164,567368,2025-10-29,Wrong Product,786.84
906165,567371,2026-05-31,Not as Described,1448.99
906166,567382,2025-04-04,Damaged,1530.66
906167,567383,2025-08-15,Late Delivery,954.8
906168,567384,2026-05-24,Poor Quality,819.63
906169,567386,2026-04-05,Wrong Product,1409.4
906170,567396,2025-07-16,Changed Mind,4357.97
906171,567397,2026-06-10,Wrong Product,651.02
906172,567398,2025-02-03,Late Delivery,1526.97
906173,567416,2025-11-28,Not as Described,2987.31
906174,567425,2025-11-01,Not as Described,3216.63
906175,567448,2026-01-13,Not as Described,2678.44
906176,567462,2026-06-18,Wrong Product,2433.9
906177,567482,2025-05-17,Wrong Product,1113.9
906178,567485,2025-05-09,Damaged,796.89
906179,567494,2025-10-29,Changed Mind,161.1
906180,567497,2025-09-21,Poor Quality,2128.57
906181,567504,2025-01-21,Damaged,6263.71
906182,567534,2026-04-15,Damaged,3249.76
906183,567565,2025-01-24,Not as Described,2625.87
906184,567575,2025-10-16,Not as Described,1823.42
906185,567614,2026-06-02,Poor Quality,709.79
906186,567617,2025-10-14,Damaged,1103.64
906187,567618,2026-01-06,Damaged,2296.99
906188,567622,2026-07-08,Poor Quality,717.86
906189,567644,2026-06-02,Late Delivery,1530.71
906190,567647,2025-12-10,Not as Described,714.87
906191,567650,2026-03-16,Poor Quality,218.44
906192,567659,2026-05-11,Poor Quality,1905.21
906193,567663,2026-07-16,Poor Quality,886.77
906194,567664,2025-08-19,Damaged,874.05
906195,567674,2025-11-24,Changed Mind,1992.55
906196,567687,2026-04-26,Not as Described,224.23
906197,567716,2025-03-18,Damaged,4562.52
906198,567726,2025-02-10,Late Delivery,1422.81
906199,567742,2025-07-09,Changed Mind,741.95
906200,567752,2025-06-01,Damaged,444.44
906201,567753,2025-11-04,Not as Described,1737.34
906202,567754,2025-02-10,Damaged,3151.21
906203,567761,2026-06-15,Poor Quality,4387.51
906204,567763,2025-05-18,Not as Described,862.23
906205,567765,2025-05-03,Poor Quality,637.18
906206,567766,2025-12-04,Changed Mind,3175.26
906207,567771,2025-03-02,Late Delivery,719.61
906208,567803,2025-02-20,Late Delivery,1043.39
906209,567896,2026-01-13,Poor Quality,5484.21
906210,567914,2026-01-13,Poor Quality,390.42
906211,567917,2025-12-26,Damaged,933.99
906212,567920,2025-03-05,Damaged,1853.99
906213,567930,2025-03-25,Poor Quality,461.72
906214,567946,2025-08-19,Not as Described,838.16
906215,567951,2025-12-19,Late Delivery,317.69
906216,567960,2025-09-15,Damaged,675.44
906217,567983,2025-03-26,Late Delivery,530.9
906218,567991,2025-08-01,Not as Described,4060.86
906219,567992,2026-01-09,Poor Quality,803.35
906220,568029,2025-10-01,Poor Quality,118.17
906221,568030,2025-06-09,Late Delivery,474.12
906222,568032,2025-03-17,Wrong Product,1188.81
906223,568037,2025-09-16,Wrong Product,799.89
906224,568045,2026-07-03,Changed Mind,745.56
906225,568051,2025-09-23,Changed Mind,950.23
906226,568055,2025-08-02,Late Delivery,658.11
906227,568065,2025-04-10,Not as Described,2850.98
906228,568066,2025-06-26,Damaged,1604.39
906229,568069,2025-03-23,Changed Mind,2484.92
906230,568071,2026-06-28,Late Delivery,3266.86
906231,568093,2026-01-16,Not as Described,2349.2
906232,568128,2025-03-06,Changed Mind,165.01
906233,568129,2026-02-14,Not as Described,541.02
906234,568146,2025-09-05,Late Delivery,5269.08
906235,568150,2026-01-14,Late Delivery,1032.26
906236,568187,2026-02-02,Wrong Product,15864.41
906237,568191,2025-09-16,Not as Described,1152.79
906238,568196,2025-03-10,Changed Mind,783.91
906239,568223,2025-03-25,Poor Quality,1734.83
906240,568230,2026-05-29,Damaged,1701.4
906241,568231,2025-11-16,Poor Quality,1935.04
906242,568233,2025-05-26,Late Delivery,279.08
906243,568237,2026-01-02,Not as Described,1104.96
906244,568251,2026-03-13,Late Delivery,1396.0
906245,568260,2026-05-08,Poor Quality,286.3
906246,568262,2026-02-24,Wrong Product,667.76
906247,568264,2025-11-11,Late Delivery,4884.51
906248,568285,2025-10-02,Poor Quality,2306.6
906249,568289,2025-09-30,Damaged,4591.3
906250,568307,2025-08-30,Damaged,799.95
906251,568309,2025-06-16,Not as Described,3912.21
906252,568314,2025-02-28,Damaged,3044.7
906253,568323,2025-12-06,Late Delivery,388.5
906254,568348,2025-02-18,Damaged,2329.67
906255,568365,2025-10-24,Damaged,2100.08
906256,568369,2025-07-24,Poor Quality,422.81
906257,568420,2025-02-12,Poor Quality,782.25
906258,568425,2026-03-02,Poor Quality,1627.91
906259,568429,2025-08-08,Wrong Product,2490.21
906260,568464,2025-11-10,Poor Quality,1601.63
906261,568467,2026-05-01,Unknown,1655.69
906262,568469,2025-09-14,Wrong Product,1198.75
906263,568474,2025-03-14,Poor Quality,1750.8
906264,568489,2025-07-21,Poor Quality,4071.25
906265,568494,2026-03-05,Late Delivery,2141.85
906266,568520,2026-02-16,Damaged,453.77
906267,568522,2025-12-29,Wrong Product,820.77
906268,568532,2025-02-21,Wrong Product,1007.56
906269,568549,2025-08-02,Wrong Product,1138.64
906270,568572,2026-02-28,Wrong Product,7202.88
906271,568576,2025-08-10,Changed Mind,967.39
906272,568619,2025-09-04,Poor Quality,1299.08
906273,568624,2026-06-05,Late Delivery,1877.56
906274,568630,2025-02-22,Not as Described,1187.34
906275,568650,2025-04-16,Poor Quality,2097.96
906276,568663,2025-09-04,Late Delivery,57.41
906277,568692,2025-02-16,Changed Mind,1266.38
906278,568703,2025-12-04,Not as Described,1539.49
906279,568714,2026-05-16,Late Delivery,10198.44
906280,568723,2026-04-14,Damaged,618.43
906281,568753,2025-07-08,Poor Quality,580.43
906282,568793,2026-03-05,Not as Described,2253.23
906283,568796,2026-02-02,Poor Quality,1122.09
906284,568827,2025-08-02,Poor Quality,2325.01
906285,568843,2025-12-23,Late Delivery,1752.82
906286,568881,2025-03-26,Damaged,605.03
906287,568889,2025-02-09,Poor Quality,1509.4
906288,568905,2026-03-01,Poor Quality,3508.55
906289,568907,2026-03-20,Poor Quality,4734.77
906290,568921,2025-02-21,Not as Described,413.66
906291,568926,2025-10-07,Not as Described,520.29
906292,568938,2025-09-08,Poor Quality,1933.24
906293,568939,2025-09-24,Not as Described,1092.1
906294,568958,2025-11-17,Damaged,3017.69
906295,568965,2025-12-27,Damaged,3058.99
906296,568974,2025-08-11,Wrong Product,199.0
906297,568975,2026-01-25,Changed Mind,334.44
906298,569004,2025-03-23,Late Delivery,2669.44
906299,569005,2025-04-17,Poor Quality,696.35
906300,569033,2025-07-12,Not as Described,3929.12
906301,569037,2025-09-16,Not as Described,156.03
906302,569042,2025-07-31,Wrong Product,3659.03
906303,569068,2026-03-27,Late Delivery,1518.2
906304,569080,2025-01-18,Poor Quality,486.41
906305,569087,2025-03-24,Damaged,1225.6
906306,569098,2026-04-25,Changed Mind,1055.04
906307,569120,2026-02-07,Damaged,1896.84
906308,569126,2025-01-30,Not as Described,2209.03
906309,569127,2025-04-01,Wrong Product,1291.53
906310,569135,2026-05-16,Poor Quality,313.31
906311,569141,2026-01-01,Late Delivery,3791.39
906312,569142,2025-11-07,Late Delivery,938.78
906313,569153,2025-11-13,Wrong Product,1159.7
906314,569157,2025-07-31,Late Delivery,527.55
906315,569168,2026-02-13,Damaged,87.14
906316,569194,2026-06-03,Poor Quality,898.65
906317,569209,2025-05-26,Poor Quality,5782.43
906318,569214,2026-01-20,Wrong Product,296.74
906319,569223,2026-04-13,Unknown,5538.47
906320,569225,2025-11-07,Poor Quality,543.6
906321,569234,2025-09-03,Damaged,224.46
906322,569266,2026-06-29,Late Delivery,671.33
906323,569279,2025-08-30,Poor Quality,1255.68
906324,569280,2025-07-04,Poor Quality,1076.83
906325,569303,2025-09-03,Changed Mind,2237.0
906326,569330,2026-05-19,Late Delivery,733.65
906327,569331,2025-12-02,Not as Described,1275.98
906328,569356,2026-01-21,Not as Described,1675.52
906329,569360,2025-11-13,Late Delivery,1737.9
906330,569362,2026-04-18,Poor Quality,1972.79
906331,569366,2025-02-09,Poor Quality,2709.96
906332,569377,2026-04-18,Poor Quality,878.54
906333,569378,2025-05-24,Wrong Product,557.32
906334,569383,2025-09-13,Poor Quality,58.07
906335,569384,2025-05-22,Wrong Product,93.11
906336,569390,2025-10-06,Poor Quality,1734.23
906337,569416,2026-04-21,Not as Described,677.88
906338,569418,2026-04-09,Changed Mind,249.03
906339,569451,2025-01-29,Wrong Product,2092.69
906340,569452,2025-04-21,Changed Mind,688.56
906341,569485,2025-11-08,Not as Described,467.18
906342,569500,2026-03-13,Wrong Product,3669.39
906343,569505,2026-04-18,Damaged,3195.72
906344,569522,2026-05-19,Late Delivery,1638.19
906345,569538,2026-02-03,Damaged,1251.06
906346,569542,2025-09-02,Not as Described,643.69
906347,569568,2025-06-22,Damaged,277.0
906348,569573,2026-07-07,Poor Quality,1043.87
906349,569588,2026-02-05,Wrong Product,2558.24
906350,569591,2025-08-24,Late Delivery,2162.74
906351,569601,2026-01-15,Late Delivery,2104.94
906352,569605,2026-03-03,Damaged,558.01
906353,569616,2025-11-13,Poor Quality,911.88
906354,569640,2025-04-28,Poor Quality,2289.6
906355,569652,2025-08-13,Not as Described,1038.08
906356,569653,2026-06-01,Damaged,1297.34
906357,569661,2025-12-31,Damaged,421.72
906358,569709,2025-10-26,Not as Described,943.74
906359,569710,2026-04-02,Changed Mind,148.68
906360,569715,2026-03-22,Wrong Product,1102.73
906361,569719,2025-07-18,Damaged,317.86
906362,569732,2025-04-10,Poor Quality,2676.12
906363,569735,2025-02-01,Poor Quality,353.52
906364,569737,2025-07-09,Poor Quality,106.03
906365,569738,2026-01-10,Late Delivery,3302.26
906366,569743,2026-06-14,Poor Quality,494.39
906367,569756,2025-07-19,Damaged,1332.24
906368,569810,2026-05-27,Wrong Product,1224.59
906369,569816,2025-05-03,Wrong Product,634.25
906370,569828,2025-02-14,Not as Described,517.82
906371,569839,2025-05-04,Damaged,1758.48
906372,569843,2025-05-04,Damaged,913.94
906373,569845,2025-04-04,Poor Quality,95.66
906374,569889,2025-08-14,Poor Quality,1248.62
906375,569890,2025-01-14,Poor Quality,928.48
906376,569905,2026-03-20,Changed Mind,435.31
906377,569906,2026-04-06,Late Delivery,981.66
906378,569922,2025-10-27,Damaged,2282.28
906379,569940,2025-12-08,Not as Described,11220.23
906380,569942,2025-06-21,Damaged,1278.5
906381,569963,2025-08-16,Poor Quality,422.6
906382,569970,2025-05-28,Not as Described,1465.85
906383,569982,2026-04-27,Not as Described,1343.65
906384,569989,2025-03-08,Poor Quality,1266.58
906385,570007,2025-07-22,Late Delivery,1807.88
906386,570030,2025-09-29,Late Delivery,1387.96
906387,570046,2026-03-27,Changed Mind,2818.71
906388,570053,2025-12-24,Damaged,1231.61
906389,570070,2026-03-28,Changed Mind,556.35
906390,570101,2025-03-16,Wrong Product,1421.97
906391,570103,2025-01-22,Not as Described,2353.48
906392,570106,2025-07-29,Damaged,740.73
906393,570109,2026-06-02,Damaged,1006.5
906394,570160,2026-05-23,Late Delivery,1703.31
906395,570174,2025-03-03,Late Delivery,422.54
906396,570191,2025-09-26,Poor Quality,1878.77
906397,570195,2025-08-28,Not as Described,2098.28
906398,570205,2026-02-09,Late Delivery,414.53
906399,570210,2026-06-03,Not as Described,1853.14
906400,570212,2025-03-30,Poor Quality,1039.15
906401,570229,2025-05-22,Not as Described,2076.88
906402,570265,2026-05-30,Poor Quality,306.35
906403,570267,2025-01-19,Unknown,2012.15
906404,570290,2026-02-25,Not as Described,3561.85
906405,570294,2025-01-26,Wrong Product,1621.09
906406,570307,2025-03-22,Not as Described,459.95
906407,570310,2026-04-19,Unknown,1542.19
906408,570315,2025-07-12,Unknown,470.72
906409,570332,2025-01-30,Poor Quality,3000.84
906410,570333,2026-01-07,Late Delivery,182.19
906411,570358,2026-07-19,Poor Quality,739.82
906412,570360,2026-02-22,Changed Mind,350.59
906413,570364,2025-03-05,Poor Quality,721.45
906414,570370,2026-03-03,Wrong Product,257.28
906415,570383,2025-11-19,Late Delivery,1752.95
906416,570429,2025-03-30,Unknown,2373.8
906417,570433,2026-05-31,Late Delivery,164.28
906418,570436,2025-10-03,Changed Mind,3864.65
906419,570496,2025-05-20,Changed Mind,672.71
906420,570503,2025-11-20,Poor Quality,618.95
906421,570514,2025-12-27,Not as Described,101.56
906422,570532,2025-12-05,Late Delivery,77.65
906423,570550,2025-10-18,Late Delivery,211.83
906424,570553,2025-04-22,Damaged,4819.0
906425,570574,2025-08-11,Damaged,2693.57
906426,570579,2025-02-07,Not as Described,1610.09
906427,570605,2025-11-09,Late Delivery,742.35
906428,570610,2025-08-28,Poor Quality,284.02
906429,570616,2025-05-04,Not as Described,1147.86
906430,570650,2025-10-13,Late Delivery,7184.25
906431,570653,2026-03-23,Poor Quality,1613.37
906432,570673,2025-02-13,Not as Described,5153.35
906433,570679,2026-07-17,Not as Described,2234.1
906434,570702,2026-07-24,Poor Quality,2490.43
906435,570713,2025-03-01,Wrong Product,3928.38
906436,570714,2026-05-27,Poor Quality,996.86
906437,570717,2025-07-20,Poor Quality,1749.16
906438,570730,2025-05-09,Damaged,989.32
906439,570738,2026-03-22,Poor Quality,282.77
906440,570739,2026-01-07,Unknown,2413.35
906441,570742,2026-07-21,Not as Described,749.09
906442,570757,2025-05-18,Poor Quality,269.18
906443,570770,2026-04-17,Damaged,1409.29
906444,570771,2025-02-05,Not as Described,815.3
906445,570775,2026-03-23,Wrong Product,2445.79
906446,570780,2025-02-04,Poor Quality,196.42
906447,570783,2026-07-10,Wrong Product,519.22
906448,570806,2026-02-28,Wrong Product,1303.98
906449,570809,2026-04-16,Changed Mind,2638.4
906450,570813,2025-07-25,Poor Quality,4574.7
906451,570829,2026-06-06,Not as Described,1074.92
906452,570831,2026-03-21,Unknown,2665.98
906453,570853,2026-06-01,Poor Quality,1724.31
906454,570854,2026-06-18,Wrong Product,394.2
906455,570855,2025-12-09,Damaged,4440.08
906456,570873,2025-09-07,Wrong Product,323.05
906457,570883,2025-12-14,Not as Described,6169.08
906458,570885,2025-07-23,Wrong Product,220.2
906459,570889,2025-07-02,Wrong Product,650.18
906460,570902,2026-05-25,Late Delivery,3175.14
906461,570935,2026-01-03,Damaged,2642.41
906462,570939,2025-12-06,Changed Mind,1872.13
906463,570943,2026-05-31,Late Delivery,4006.34
906464,570949,2025-05-24,Wrong Product,4483.28
906465,570960,2025-03-16,Poor Quality,2157.63
906466,570966,2026-04-16,Poor Quality,608.8
906467,570971,2025-12-02,Wrong Product,4744.55
906468,570985,2025-06-03,Poor Quality,1019.9
906469,571019,2025-08-26,Damaged,807.32
906470,571021,2026-01-06,Poor Quality,334.99
906471,571024,2025-04-29,Late Delivery,692.68
906472,571041,2025-12-26,Damaged,3291.59
906473,571042,2025-02-15,Wrong Product,2550.43
906474,571063,2025-05-13,Late Delivery,1231.73
906475,571076,2025-06-21,Poor Quality,494.08
906476,571077,2025-11-01,Not as Described,1091.54
906477,571092,2026-02-09,Damaged,2144.12
906478,571096,2026-01-18,Wrong Product,419.28
906479,571115,2025-08-13,Not as Described,72.5
906480,571127,2025-12-05,Not as Described,432.05
906481,571153,2026-01-19,Unknown,1197.8
906482,571156,2026-07-06,Changed Mind,2214.64
906483,571175,2025-04-08,Unknown,13955.91
906484,571176,2026-02-28,Not as Described,506.08
906485,571197,2025-12-16,Poor Quality,1334.62
906486,571199,2025-05-28,Late Delivery,878.67
906487,571204,2026-05-14,Poor Quality,16600.92
906488,571208,2025-03-31,Changed Mind,973.72
906489,571214,2025-06-16,Poor Quality,645.48
906490,571219,2025-07-09,Late Delivery,2751.05
906491,571221,2026-02-23,Late Delivery,3013.35
906492,571228,2026-02-10,Poor Quality,848.22
906493,571235,2026-01-02,Damaged,553.61
906494,571244,2026-07-06,Late Delivery,481.95
906495,571258,2026-06-21,Poor Quality,5799.63
906496,571259,2025-10-06,Changed Mind,1330.02
906497,571265,2025-07-24,Changed Mind,404.3
906498,571266,2025-07-10,Wrong Product,1205.49
906499,571272,2025-08-28,Late Delivery,1565.76
906500,571281,2025-09-05,Not as Described,3603.22
906501,571287,2025-03-16,Poor Quality,603.79
906502,571299,2026-01-10,Changed Mind,1904.73
906503,571300,2025-05-12,Wrong Product,816.94
906504,571309,2026-07-11,Damaged,206.75
906505,571324,2025-04-28,Not as Described,1211.58
906506,571329,2025-02-14,Late Delivery,2571.82
906507,571348,2025-04-17,Wrong Product,250.95
906508,571353,2025-07-28,Poor Quality,1104.41
906509,571359,2025-10-12,Damaged,832.08
906510,571373,2026-04-16,Changed Mind,592.12
906511,571384,2026-02-24,Damaged,1094.8
906512,571399,2025-07-14,Damaged,618.79
906513,571401,2025-06-02,Not as Described,705.06
906514,571402,2025-11-19,Damaged,2964.15
906515,571404,2025-05-02,Wrong Product,1701.47
906516,571407,2026-03-29,Not as Described,372.47
906517,571421,2025-04-21,Not as Described,822.92
906518,571429,2026-06-15,Changed Mind,726.71
906519,571430,2025-06-04,Damaged,2264.88
906520,571435,2026-01-10,Not as Described,1540.68
906521,571443,2026-06-05,Not as Described,2074.13
906522,571450,2025-02-04,Poor Quality,2148.55
906523,571457,2026-05-16,Changed Mind,429.79
906524,571468,2026-01-29,Damaged,279.03
906525,571490,2025-02-28,Damaged,1240.27
906526,571496,2025-12-31,Wrong Product,1673.96
906527,571509,2026-07-11,Not as Described,75.94
906528,571515,2026-03-01,Poor Quality,844.31
906529,571535,2025-10-09,Damaged,1116.12
906530,571544,2026-04-13,Poor Quality,343.71
906531,571562,2025-01-23,Late Delivery,828.23
906532,571575,2025-07-23,Late Delivery,1366.16
906533,571583,2026-06-17,Late Delivery,1870.31
906534,571588,2025-01-27,Damaged,878.71
906535,571602,2026-06-27,Wrong Product,100.27
906536,571607,2026-03-25,Wrong Product,816.24
906537,571637,2025-06-30,Late Delivery,250.18
906538,571638,2025-06-08,Damaged,2587.34
906539,571642,2026-07-09,Poor Quality,1804.36
906540,571643,2025-12-07,Wrong Product,303.19
906541,571663,2026-02-13,Not as Described,610.9
906542,571683,2025-03-05,Not as Described,833.56
906543,571706,2025-02-06,Unknown,1558.12
906544,571710,2025-03-24,Unknown,1365.73
906545,571711,2025-06-10,Not as Described,1067.72
906546,571730,2026-06-02,Late Delivery,4713.05
906547,571731,2025-10-04,Changed Mind,110.93
906548,571740,2025-10-11,Wrong Product,415.24
906549,571751,2025-12-05,Poor Quality,1121.72
906550,571764,2025-02-18,Changed Mind,689.83
906551,571783,2026-06-26,Poor Quality,251.38
906552,571789,2025-03-21,Late Delivery,464.38
906553,571794,2026-05-12,Poor Quality,805.54
906554,571824,2025-09-20,Poor Quality,1311.29
906555,571829,2025-09-23,Late Delivery,2914.22
906556,571836,2025-11-14,Poor Quality,349.7
906557,571850,2026-02-20,Wrong Product,101.28
906558,571873,2025-05-21,Damaged,290.23
906559,571898,2025-10-22,Late Delivery,341.23
906560,571902,2025-04-29,Poor Quality,6519.32
906561,571921,2025-04-26,Unknown,631.61
906562,571931,2026-06-18,Late Delivery,356.98
906563,571947,2025-06-17,Unknown,2516.69
906564,571968,2025-07-02,Changed Mind,418.75
906565,571974,2025-11-22,Changed Mind,2111.45
906566,572001,2025-03-20,Late Delivery,678.53
906567,572014,2025-06-07,Wrong Product,3828.04
906568,572034,2025-10-01,Wrong Product,411.45
906569,572045,2026-06-01,Changed Mind,483.0
906570,572059,2026-01-12,Changed Mind,5102.75
906571,572082,2026-05-18,Poor Quality,361.5
906572,572097,2025-12-29,Poor Quality,1092.02
906573,572099,2025-09-20,Changed Mind,3314.84
906574,572119,2025-05-16,Not as Described,710.78
906575,572139,2025-11-29,Poor Quality,1205.8
906576,572157,2025-01-14,Wrong Product,1832.82
906577,572159,2026-01-27,Changed Mind,4325.54
906578,572164,2026-04-02,Poor Quality,1794.75
906579,572172,2025-11-24,Poor Quality,988.21
906580,572193,2025-09-22,Not as Described,3068.4
906581,572201,2025-12-18,Wrong Product,351.12
906582,572208,2026-03-27,Changed Mind,7822.5
906583,572210,2026-02-06,Poor Quality,1580.07
906584,572211,2026-06-19,Late Delivery,803.82
906585,572224,2026-06-27,Late Delivery,3071.17
906586,572238,2025-12-05,Changed Mind,531.23
906587,572253,2025-07-19,Not as Described,65.34
906588,572254,2025-06-14,Late Delivery,510.45
906589,572273,2026-05-11,Poor Quality,384.57
906590,572287,2026-06-07,Changed Mind,635.5
906591,572302,2026-04-26,Poor Quality,2978.29
906592,572335,2025-08-22,Wrong Product,514.5
906593,572349,2025-03-03,Poor Quality,5094.77
906594,572354,2025-06-10,Poor Quality,2506.87
906595,572356,2025-01-22,Poor Quality,880.35
906596,572394,2026-05-21,Not as Described,1946.29
906597,572414,2025-06-02,Late Delivery,931.42
906598,572419,2025-01-30,Damaged,4481.15
906599,572456,2026-05-27,Late Delivery,1435.88
906600,572469,2025-10-11,Wrong Product,593.73
906601,572470,2026-05-05,Poor Quality,312.99
906602,572472,2025-10-05,Changed Mind,2100.18
906603,572474,2025-12-05,Late Delivery,1932.65
906604,572488,2025-07-09,Poor Quality,2843.61
906605,572525,2025-08-25,Wrong Product,1436.49
906606,572535,2025-04-30,Damaged,5875.53
906607,572545,2025-02-06,Wrong Product,148.06
906608,572549,2025-03-15,Late Delivery,12621.42
906609,572551,2026-04-04,Late Delivery,2228.74
906610,572569,2025-03-03,Poor Quality,2497.81
906611,572574,2026-03-12,Poor Quality,1943.25
906612,572581,2025-05-01,Late Delivery,6587.93
906613,572588,2026-02-09,Poor Quality,1387.7
906614,572607,2025-10-20,Changed Mind,565.04
906615,572615,2025-03-22,Damaged,846.59
906616,572616,2026-01-18,Late Delivery,920.52
906617,572620,2026-06-10,Not as Described,2055.41
906618,572637,2025-06-04,Changed Mind,623.69
906619,572661,2025-01-16,Poor Quality,1102.87
906620,572669,2025-07-15,Poor Quality,5504.53
906621,572675,2025-11-01,Changed Mind,64.57
906622,572689,2026-07-13,Late Delivery,656.7
906623,572705,2025-11-21,Changed Mind,5024.67
906624,572721,2025-01-25,Wrong Product,1119.89
906625,572724,2026-05-17,Poor Quality,1804.4
906626,572730,2026-06-21,Damaged,1053.59
906627,572736,2026-04-25,Damaged,976.49
906628,572737,2025-02-14,Poor Quality,1615.05
906629,572742,2025-11-27,Not as Described,2493.8
906630,572746,2025-09-02,Wrong Product,680.05
906631,572751,2025-04-29,Late Delivery,1535.47
906632,572760,2026-03-06,Damaged,234.24
906633,572772,2025-03-05,Changed Mind,2232.73
906634,572780,2025-05-25,Unknown,766.16
906635,572785,2025-05-30,Damaged,990.71
906636,572815,2025-03-14,Changed Mind,373.9
906637,572849,2026-06-23,Poor Quality,5559.89
906638,572854,2025-02-05,Late Delivery,310.62
906639,572892,2025-03-16,Wrong Product,3233.58
906640,572896,2025-04-30,Late Delivery,497.56
906641,572901,2025-05-08,Late Delivery,1859.89
906642,572906,2025-05-08,Unknown,631.26
906643,572912,2025-02-15,Wrong Product,2177.7
906644,572937,2025-05-14,Changed Mind,5808.39
906645,572946,2025-02-23,Unknown,798.87
906646,572966,2026-05-27,Not as Described,261.47
906647,572991,2026-03-19,Wrong Product,1933.06
906648,573006,2025-05-13,Late Delivery,1158.43
906649,573012,2026-01-24,Not as Described,219.77
906650,573030,2025-10-03,Changed Mind,466.03
906651,573060,2025-10-26,Late Delivery,535.52
906652,573064,2025-09-23,Poor Quality,746.73
906653,573066,2025-08-22,Changed Mind,3284.2
906654,573078,2025-12-11,Damaged,2151.47
906655,573100,2025-09-27,Changed Mind,194.74
906656,573104,2026-04-27,Late Delivery,531.69
906657,573108,2025-06-22,Poor Quality,420.47
906658,573115,2025-07-05,Not as Described,3990.75
906659,573122,2025-01-17,Late Delivery,1979.82
906660,573129,2025-02-16,Late Delivery,1761.15
906661,573133,2025-03-07,Unknown,420.36
906662,573139,2025-04-10,Changed Mind,1812.26
906663,573158,2025-10-25,Damaged,1142.16
906664,573160,2026-03-08,Changed Mind,2415.1
906665,573164,2026-04-20,Wrong Product,542.69
906666,573176,2026-07-13,Not as Described,911.09
906667,573177,2026-03-03,Late Delivery,1504.77
906668,573209,2025-01-16,Poor Quality,2796.14
906669,573217,2025-12-20,Wrong Product,147.51
906670,573232,2025-02-15,Poor Quality,371.46
906671,573246,2025-01-09,Wrong Product,422.48
906672,573247,2025-06-24,Poor Quality,2950.86
906673,573252,2025-04-03,Not as Described,998.32
906674,573254,2025-03-04,Changed Mind,388.9
906675,573255,2025-03-08,Late Delivery,11735.89
906676,573261,2026-01-06,Wrong Product,1190.06
906677,573268,2026-01-10,Damaged,789.53
906678,573291,2025-10-01,Changed Mind,93.68
906679,573303,2026-05-22,Unknown,200.13
906680,573306,2025-04-27,Poor Quality,1258.23
906681,573317,2026-04-07,Changed Mind,1218.71
906682,573323,2026-07-02,Poor Quality,6825.37
906683,573326,2026-04-23,Changed Mind,1121.99
906684,573347,2025-02-14,Poor Quality,1652.41
906685,573364,2025-07-27,Not as Described,2921.82
906686,573375,2025-12-02,Damaged,598.27
906687,573406,2026-02-17,Damaged,296.65
906688,573422,2026-05-08,Wrong Product,2720.02
906689,573448,2025-01-20,Damaged,103.0
906690,573453,2025-01-19,Wrong Product,7600.5
906691,573459,2025-10-15,Poor Quality,2252.89
906692,573467,2025-10-11,Poor Quality,1651.72
906693,573475,2026-03-31,Damaged,3241.12
906694,573499,2026-06-10,Poor Quality,2086.44
906695,573523,2026-05-18,Wrong Product,529.46
906696,573524,2026-05-13,Wrong Product,1872.56
906697,573528,2026-02-22,Changed Mind,1967.26
906698,573529,2025-04-13,Poor Quality,3802.31
906699,573533,2025-07-29,Late Delivery,4458.59
906700,573538,2025-08-30,Damaged,2823.86
906701,573540,2025-05-14,Poor Quality,811.44
906702,573556,2026-05-17,Wrong Product,1015.71
906703,573568,2025-09-05,Poor Quality,1100.08
906704,573579,2026-07-26,Wrong Product,1568.38
906705,573584,2025-07-27,Not as Described,317.62
906706,573589,2025-06-16,Changed Mind,4228.02
906707,573609,2025-01-26,Poor Quality,1054.26
906708,573611,2025-02-05,Damaged,616.8
906709,573619,2025-06-01,Poor Quality,2100.03
906710,573621,2025-06-22,Damaged,297.35
906711,573637,2025-12-31,Poor Quality,2001.81
906712,573655,2025-12-29,Changed Mind,422.02
906713,573657,2025-08-29,Poor Quality,757.97
906714,573673,2025-09-10,Damaged,2224.42
906715,573693,2025-05-03,Not as Described,2702.84
906716,573706,2026-04-27,Poor Quality,1567.15
906717,573723,2025-08-21,Poor Quality,216.71
906718,573736,2025-11-13,Not as Described,2181.68
906719,573752,2025-11-13,Wrong Product,818.32
906720,573766,2025-05-18,Damaged,760.77
906721,573771,2026-01-15,Changed Mind,581.06
906722,573779,2025-09-24,Not as Described,100.09
906723,573799,2026-07-02,Not as Described,270.31
906724,573801,2025-11-22,Not as Described,1545.33
906725,573805,2026-01-24,Poor Quality,4083.51
906726,573819,2025-03-28,Wrong Product,610.38
906727,573825,2026-03-02,Poor Quality,348.72
906728,573828,2025-12-31,Changed Mind,5073.91
906729,573832,2025-05-24,Poor Quality,14657.37
906730,573840,2026-02-05,Changed Mind,3464.53
906731,573842,2026-01-03,Poor Quality,459.65
906732,573846,2025-04-08,Damaged,678.7
906733,573849,2026-01-29,Late Delivery,1522.76
906734,573855,2025-07-19,Damaged,3226.98
906735,573857,2025-12-19,Not as Described,334.6
906736,573867,2025-04-04,Changed Mind,2643.27
906737,573869,2025-04-23,Poor Quality,1958.32
906738,573870,2025-04-14,Damaged,6219.07
906739,573881,2025-12-04,Late Delivery,2047.1
906740,573891,2026-02-16,Not as Described,4454.2
906741,573908,2025-07-02,Not as Described,400.69
906742,573913,2025-08-29,Changed Mind,857.35
906743,573917,2026-01-01,Poor Quality,1789.01
906744,573937,2025-01-29,Poor Quality,993.63
906745,573964,2025-07-08,Wrong Product,150.57
906746,573968,2025-05-25,Poor Quality,3213.81
906747,573986,2025-10-10,Changed Mind,8318.75
906748,573993,2025-09-21,Poor Quality,198.06
906749,574009,2025-04-12,Late Delivery,2114.43
906750,574029,2025-12-30,Late Delivery,2412.29
906751,574047,2025-05-02,Wrong Product,630.97
906752,574060,2026-05-03,Damaged,4690.8
906753,574062,2026-05-18,Changed Mind,665.96
906754,574063,2026-07-14,Late Delivery,2009.55
906755,574088,2026-03-07,Poor Quality,875.74
906756,574113,2025-07-16,Damaged,687.22
906757,574130,2026-04-01,Poor Quality,777.86
906758,574140,2026-04-15,Poor Quality,1010.29
906759,574217,2026-04-21,Changed Mind,413.26
906760,574221,2025-06-15,Late Delivery,566.64
906761,574227,2025-05-09,Late Delivery,275.57
906762,574231,2026-05-16,Wrong Product,423.05
906763,574243,2026-06-23,Wrong Product,3429.09
906764,574252,2026-02-07,Late Delivery,284.56
906765,574257,2025-04-03,Not as Described,284.98
906766,574289,2025-03-18,Wrong Product,1626.83
906767,574297,2026-07-05,Not as Described,10615.12
906768,574302,2026-04-15,Damaged,209.37
906769,574313,2025-05-14,Unknown,800.4
906770,574328,2026-04-12,Poor Quality,2093.65
906771,574352,2026-01-24,Damaged,2202.45
906772,574363,2026-01-09,Wrong Product,2945.75
906773,574374,2025-11-27,Damaged,5384.27
906774,574380,2025-09-10,Poor Quality,3705.5
906775,574381,2025-04-25,Poor Quality,705.22
906776,574394,2026-01-05,Not as Described,817.83
906777,574396,2025-10-24,Poor Quality,2338.11
906778,574397,2025-07-24,Poor Quality,2607.92
906779,574399,2026-04-15,Poor Quality,560.64
906780,574407,2025-05-26,Wrong Product,307.86
906781,574414,2026-05-31,Not as Described,708.33
906782,574425,2026-03-24,Damaged,1736.57
906783,574435,2025-09-17,Poor Quality,3112.7
906784,574441,2025-05-08,Not as Described,1324.43
906785,574455,2025-05-30,Not as Described,1891.43
906786,574485,2026-01-02,Not as Described,869.65
906787,574505,2025-07-18,Poor Quality,4934.52
906788,574510,2025-02-22,Late Delivery,836.07
906789,574524,2025-08-30,Damaged,930.84
906790,574549,2025-10-14,Not as Described,3736.98
906791,574552,2025-08-18,Damaged,1585.21
906792,574566,2026-07-23,Changed Mind,320.04
906793,574567,2026-07-03,Poor Quality,564.49
906794,574568,2025-03-20,Wrong Product,1071.67
906795,574570,2025-03-03,Changed Mind,229.2
906796,574573,2026-02-14,Poor Quality,2265.94
906797,574578,2026-05-21,Poor Quality,698.94
906798,574586,2026-02-15,Poor Quality,4439.97
906799,574589,2025-04-01,Changed Mind,2968.72
906800,574591,2025-05-05,Damaged,1789.08
906801,574593,2025-06-03,Poor Quality,2695.31
906802,574601,2026-06-04,Damaged,513.34
906803,574646,2025-09-18,Changed Mind,864.09
906804,574648,2025-11-28,Damaged,3026.3
906805,574657,2025-04-24,Wrong Product,392.38
906806,574663,2026-05-12,Changed Mind,1198.99
906807,574664,2026-05-25,Poor Quality,1535.06
906808,574672,2025-05-09,Not as Described,406.54
906809,574675,2025-09-17,Poor Quality,159.54
906810,574678,2025-07-30,Not as Described,516.39
906811,574685,2026-01-12,Poor Quality,1239.2
906812,574696,2025-08-30,Changed Mind,370.09
906813,574705,2026-05-29,Damaged,2925.82
906814,574708,2026-06-23,Late Delivery,4452.61
906815,574726,2026-01-10,Poor Quality,202.56
906816,574731,2026-04-10,Poor Quality,1440.39
906817,574732,2026-06-29,Damaged,2832.56
906818,574743,2025-11-22,Damaged,2314.63
906819,574747,2025-03-26,Late Delivery,263.23
906820,574751,2025-07-25,Late Delivery,1843.73
906821,574779,2026-01-20,Wrong Product,359.28
906822,574811,2025-07-23,Not as Described,2963.06
906823,574815,2025-04-24,Wrong Product,4264.94
906824,574844,2026-03-20,Damaged,730.49
906825,574854,2025-04-10,Wrong Product,553.92
906826,574860,2025-11-10,Changed Mind,5072.07
906827,574869,2025-03-08,Changed Mind,978.13
906828,574871,2025-07-30,Late Delivery,1547.91
906829,574874,2025-01-25,Wrong Product,895.22
906830,574879,2025-12-02,Damaged,2124.13
906831,574880,2025-10-20,Damaged,2056.34
906832,574881,2026-03-30,Poor Quality,1094.04
906833,574894,2025-05-30,Changed Mind,1823.14
906834,574897,2025-12-02,Damaged,286.06
906835,574902,2025-07-30,Not as Described,468.22
906836,574905,2026-04-05,Poor Quality,320.56
906837,574920,2025-12-22,Wrong Product,499.29
906838,574926,2025-08-21,Poor Quality,3492.91
906839,574942,2026-05-10,Changed Mind,1181.02
906840,574951,2025-02-16,Damaged,286.95
906841,574956,2026-02-13,Poor Quality,924.44
906842,574957,2026-04-25,Poor Quality,1370.5
906843,574962,2025-12-28,Late Delivery,1384.74
906844,574985,2025-03-12,Changed Mind,239.17
906845,574995,2025-09-07,Wrong Product,156.15
906846,575003,2025-09-08,Wrong Product,2365.18
906847,575049,2026-06-07,Damaged,344.62
906848,575082,2026-01-07,Not as Described,285.53
906849,575083,2025-04-07,Damaged,496.28
906850,575087,2025-10-21,Changed Mind,3202.53
906851,575097,2025-03-08,Poor Quality,342.7
906852,575102,2025-07-09,Changed Mind,94.28
906853,575111,2026-05-14,Late Delivery,369.01
906854,575113,2025-11-18,Damaged,357.52
906855,575120,2025-09-09,Changed Mind,264.4
906856,575122,2026-01-19,Late Delivery,2256.8
906857,575125,2025-07-07,Damaged,836.68
906858,575148,2025-04-18,Poor Quality,870.89
906859,575150,2025-05-14,Not as Described,1924.27
906860,575180,2026-04-29,Poor Quality,1728.32
906861,575185,2025-03-12,Damaged,423.08
906862,575193,2026-07-01,Not as Described,802.42
906863,575196,2026-07-02,Poor Quality,413.3
906864,575209,2025-08-20,Late Delivery,183.75
906865,575219,2026-01-06,Poor Quality,1900.1
906866,575226,2025-12-29,Poor Quality,468.35
906867,575236,2025-08-18,Late Delivery,2522.94
906868,575268,2025-06-13,Damaged,443.94
906869,575273,2026-01-29,Wrong Product,6529.08
906870,575276,2025-02-17,Not as Described,411.79
906871,575285,2025-07-06,Poor Quality,1011.81
906872,575287,2026-02-03,Not as Described,344.8
906873,575315,2025-08-05,Damaged,4158.59
906874,575318,2025-06-06,Damaged,450.66
906875,575326,2026-04-28,Changed Mind,850.83
906876,575334,2025-11-05,Not as Described,600.77
906877,575335,2025-10-31,Not as Described,2960.84
906878,575340,2025-01-28,Late Delivery,1016.35
906879,575343,2025-05-28,Wrong Product,1026.55
906880,575369,2026-02-28,Not as Described,447.78
906881,575398,2026-03-07,Late Delivery,1020.55
906882,575414,2025-03-11,Not as Described,3134.72
906883,575429,2026-03-29,Late Delivery,2580.93
906884,575439,2026-04-06,Late Delivery,4089.54
906885,575447,2026-04-25,Poor Quality,3208.35
906886,575452,2025-08-10,Damaged,2652.23
906887,575454,2025-11-30,Not as Described,3481.99
906888,575458,2026-02-10,Wrong Product,1766.34
906889,575473,2026-06-06,Changed Mind,881.98
906890,575476,2025-10-03,Poor Quality,3087.87
906891,575478,2025-08-07,Not as Described,1169.71
906892,575493,2026-06-29,Damaged,1544.58
906893,575499,2025-05-07,Damaged,596.17
906894,575501,2025-03-16,Poor Quality,1956.76
906895,575505,2025-09-12,Damaged,1280.15
906896,575512,2026-05-06,Poor Quality,717.51
906897,575515,2025-05-16,Wrong Product,1362.12
906898,575538,2026-03-28,Damaged,1877.32
906899,575558,2025-11-05,Poor Quality,1339.32
906900,575584,2025-08-05,Poor Quality,598.74
906901,575601,2025-06-15,Changed Mind,580.63
906902,575605,2025-09-09,Damaged,1169.78
906903,575614,2025-02-14,Poor Quality,1582.24
906904,575629,2025-06-24,Damaged,1532.5
906905,575638,2025-05-01,Damaged,374.64
906906,575658,2025-12-21,Late Delivery,693.49
906907,575662,2025-11-28,Wrong Product,957.77
906908,575663,2025-10-14,Not as Described,295.51
906909,575680,2026-06-08,Late Delivery,2663.9
906910,575689,2025-06-02,Poor Quality,1102.42
906911,575693,2025-10-01,Not as Described,912.58
906912,575694,2025-10-26,Damaged,4712.14
906913,575703,2025-10-22,Damaged,831.81
906914,575712,2025-12-26,Poor Quality,1418.14
906915,575722,2025-10-27,Not as Described,1487.16
906916,575730,2025-06-16,Poor Quality,937.83
906917,575740,2026-07-06,Poor Quality,5381.69
906918,575771,2025-10-18,Not as Described,2595.06
906919,575777,2026-04-16,Poor Quality,459.37
906920,575804,2025-09-09,Changed Mind,6665.51
906921,575813,2025-03-21,Changed Mind,520.31
906922,575822,2025-03-19,Damaged,5290.0
906923,575843,2025-05-13,Not as Described,1171.08
906924,575859,2025-05-05,Poor Quality,1028.88
906925,575861,2025-10-15,Not as Described,6826.86
906926,575868,2026-04-10,Damaged,259.47
906927,575872,2025-04-19,Changed Mind,2036.32
906928,575926,2025-06-16,Wrong Product,1863.64
906929,575970,2026-07-24,Not as Described,859.48
906930,575976,2025-06-11,Damaged,1262.56
906931,575977,2025-05-03,Wrong Product,2408.32
906932,576012,2026-01-30,Not as Described,1246.25
906933,576031,2025-06-30,Poor Quality,6387.84
906934,576032,2025-08-18,Late Delivery,168.65
906935,576037,2025-04-14,Changed Mind,10314.83
906936,576059,2025-11-23,Not as Described,1078.18
906937,576082,2026-04-04,Damaged,2171.3
906938,576085,2025-07-21,Late Delivery,2805.64
906939,576089,2025-06-01,Poor Quality,567.6
906940,576100,2025-05-15,Wrong Product,1992.86
906941,576104,2025-03-19,Wrong Product,2384.39
906942,576108,2025-02-16,Damaged,1223.23
906943,576156,2026-06-27,Damaged,940.58
906944,576166,2025-11-24,Poor Quality,158.37
906945,576170,2026-05-14,Poor Quality,2560.2
906946,576172,2026-03-18,Poor Quality,3793.4
906947,576180,2025-10-24,Unknown,913.48
906948,576182,2025-04-19,Late Delivery,868.78
906949,576188,2026-05-19,Poor Quality,1087.6
906950,576192,2025-03-03,Poor Quality,2243.46
906951,576246,2025-12-18,Poor Quality,2828.58
906952,576262,2025-03-17,Late Delivery,1604.77
906953,576285,2026-05-07,Changed Mind,3136.64
906954,576330,2026-02-05,Wrong Product,348.84
906955,576335,2026-04-27,Changed Mind,861.34
906956,576347,2025-10-28,Not as Described,624.38
906957,576376,2025-08-10,Wrong Product,98.91
906958,576382,2025-10-10,Poor Quality,1070.49
906959,576421,2025-12-24,Changed Mind,634.96
906960,576460,2026-06-03,Damaged,409.3
906961,576464,2025-04-13,Changed Mind,396.47
906962,576469,2025-09-06,Poor Quality,2349.96
906963,576490,2025-05-09,Changed Mind,244.26
906964,576503,2025-02-04,Poor Quality,4609.79
906965,576513,2026-02-18,Not as Described,568.66
906966,576523,2025-09-14,Not as Described,73.43
906967,576524,2025-08-15,Wrong Product,4655.9
906968,576552,2025-07-08,Wrong Product,195.05
906969,576553,2025-11-06,Late Delivery,5757.19
906970,576557,2025-11-16,Late Delivery,1256.49
906971,576563,2026-06-24,Poor Quality,868.37
906972,576574,2025-10-10,Not as Described,3053.87
906973,576598,2026-03-02,Unknown,822.99
906974,576603,2025-10-22,Wrong Product,1919.87
906975,576611,2026-06-03,Wrong Product,692.06
906976,576619,2025-09-24,Poor Quality,341.27
906977,576622,2025-01-13,Not as Described,730.4
906978,576643,2025-05-31,Poor Quality,1157.66
906979,576644,2025-05-03,Poor Quality,599.82
906980,576647,2026-06-13,Not as Described,1703.46
906981,576652,2025-11-30,Late Delivery,955.23
906982,576658,2025-10-18,Changed Mind,1083.71
906983,576665,2025-10-27,Not as Described,245.37
906984,576676,2025-12-18,Damaged,1384.77
906985,576681,2025-05-03,Changed Mind,1421.52
906986,576687,2025-02-17,Poor Quality,773.96
906987,576710,2025-02-22,Not as Described,1639.62
906988,576748,2025-01-29,Damaged,616.24
906989,576773,2025-12-25,Wrong Product,1736.01
906990,576788,2025-08-19,Wrong Product,235.6
906991,576790,2025-08-14,Damaged,390.98
906992,576794,2025-02-14,Wrong Product,3097.42
906993,576801,2026-02-11,Unknown,181.22
906994,576804,2026-03-24,Damaged,453.87
906995,576806,2026-06-22,Damaged,1275.68
906996,576811,2026-02-04,Not as Described,575.4
906997,576813,2025-07-14,Damaged,2126.49
906998,576823,2025-02-24,Not as Described,201.92
906999,576855,2026-06-16,Damaged,445.37
907000,576856,2026-03-17,Not as Described,1431.58
907001,576864,2025-02-03,Wrong Product,483.06
907002,576890,2025-08-16,Not as Described,2558.04
907003,576938,2025-10-30,Wrong Product,2756.74
907004,576971,2026-04-22,Wrong Product,773.21
907005,576979,2025-03-14,Not as Described,911.27
907006,577006,2026-07-01,Poor Quality,198.33
907007,577007,2025-01-18,Damaged,5912.78
907008,577035,2026-04-30,Poor Quality,777.02
907009,577042,2025-12-25,Damaged,615.84
907010,577044,2025-03-01,Wrong Product,1079.0
907011,577051,2026-01-12,Not as Described,137.47
907012,577055,2025-08-27,Late Delivery,475.67
907013,577065,2025-07-29,Wrong Product,303.02
907014,577072,2025-11-24,Poor Quality,289.11
907015,577095,2025-12-06,Wrong Product,276.68
907016,577127,2025-12-21,Damaged,4291.41
907017,577130,2025-03-09,Poor Quality,1673.56
907018,577135,2026-03-15,Late Delivery,2193.61
907019,577138,2025-07-30,Damaged,4922.68
907020,577152,2025-03-14,Wrong Product,259.21
907021,577155,2025-10-01,Poor Quality,567.21
907022,577162,2025-01-29,Wrong Product,892.39
907023,577174,2025-08-28,Late Delivery,648.77
907024,577178,2025-02-08,Poor Quality,717.77
907025,577196,2026-05-01,Changed Mind,6140.55
907026,577217,2025-05-29,Late Delivery,2920.15
907027,577229,2025-03-05,Poor Quality,267.98
907028,577281,2025-07-19,Poor Quality,1090.29
907029,577282,2025-04-10,Changed Mind,1155.43
907030,577286,2026-02-03,Damaged,399.74
907031,577288,2026-01-13,Damaged,488.46
907032,577298,2025-12-29,Damaged,527.08
907033,577306,2026-04-23,Damaged,3547.58
907034,577341,2025-08-10,Changed Mind,1233.4
907035,577354,2026-04-21,Not as Described,4071.27
907036,577375,2025-06-11,Damaged,4327.35
907037,577386,2025-03-14,Poor Quality,804.37
907038,577391,2025-01-18,Not as Described,505.2
907039,577393,2025-03-25,Late Delivery,4737.49
907040,577394,2025-04-26,Changed Mind,2027.1
907041,577400,2025-08-17,Poor Quality,1153.52
907042,577405,2026-01-08,Poor Quality,3627.64
907043,577416,2025-08-08,Not as Described,340.6
907044,577462,2026-02-03,Late Delivery,3155.28
907045,577468,2025-11-05,Changed Mind,1586.27
907046,577477,2025-03-05,Not as Described,2808.04
907047,577490,2025-05-23,Not as Described,2155.72
907048,577492,2026-06-08,Not as Described,2666.7
907049,577505,2025-04-13,Poor Quality,790.35
907050,577520,2025-08-04,Late Delivery,1305.73
907051,577555,2025-10-20,Poor Quality,508.93
907052,577565,2025-12-25,Wrong Product,572.3
907053,577569,2026-01-15,Not as Described,2364.3
907054,577575,2025-07-11,Late Delivery,2571.69
907055,577583,2025-11-27,Poor Quality,1961.22
907056,577589,2025-04-17,Damaged,4045.8
907057,577591,2026-01-01,Changed Mind,1797.83
907058,577593,2026-07-02,Damaged,1373.72
907059,577598,2025-03-08,Wrong Product,70.76
907060,577606,2025-04-03,Poor Quality,4566.3
907061,577607,2026-05-31,Late Delivery,577.52
907062,577620,2025-07-26,Poor Quality,1119.96
907063,577624,2026-01-24,Damaged,2198.59
907064,577633,2025-10-09,Changed Mind,1453.48
907065,577648,2026-01-20,Damaged,4450.25
907066,577650,2025-06-20,Changed Mind,505.83
907067,577663,2026-01-22,Unknown,4881.15
907068,577681,2025-07-18,Damaged,2721.78
907069,577691,2025-04-25,Not as Described,1891.0
907070,577692,2026-03-20,Damaged,544.28
907071,577694,2025-06-08,Wrong Product,1450.35
907072,577703,2026-05-11,Changed Mind,1513.48
907073,577709,2025-01-24,Wrong Product,1485.74
907074,577712,2025-07-14,Changed Mind,298.64
907075,577721,2026-06-02,Wrong Product,718.76
907076,577743,2025-07-07,Poor Quality,1962.89
907077,577761,2025-11-25,Wrong Product,1878.15
907078,577767,2025-10-11,Poor Quality,681.7
907079,577773,2025-02-13,Not as Described,1695.65
907080,577779,2026-03-22,Poor Quality,631.63
907081,577791,2025-09-20,Not as Described,628.96
907082,577798,2026-05-19,Poor Quality,1142.37
907083,577801,2026-07-14,Damaged,1103.01
907084,577805,2025-02-24,Late Delivery,1738.2
907085,577830,2025-08-22,Not as Described,315.07
907086,577856,2025-09-25,Poor Quality,528.2
907087,577870,2025-02-16,Not as Described,2431.41
907088,577878,2025-02-18,Poor Quality,1140.03
907089,577883,2026-06-20,Damaged,397.34
907090,577887,2025-12-05,Damaged,348.33
907091,577888,2026-05-20,Not as Described,723.12
907092,577904,2025-08-31,Changed Mind,4146.16
907093,577916,2026-04-11,Unknown,2743.43
907094,577931,2026-04-14,Late Delivery,1334.46
907095,577936,2025-02-11,Wrong Product,132.67
907096,577938,2026-07-21,Poor Quality,2073.0
907097,577939,2025-08-06,Changed Mind,1314.8
907098,577946,2026-04-08,Damaged,2296.59
907099,577954,2026-03-16,Changed Mind,860.21
907100,577966,2025-12-20,Damaged,549.3
907101,577989,2025-11-28,Damaged,299.75
907102,577995,2025-09-05,Not as Described,5998.12
907103,578000,2025-09-13,Changed Mind,2951.81
907104,578015,2025-03-10,Unknown,915.47
907105,578024,2026-01-15,Poor Quality,3015.72
907106,578027,2025-03-31,Late Delivery,394.11
907107,578031,2025-03-18,Changed Mind,680.58
907108,578047,2025-10-09,Late Delivery,609.02
907109,578052,2025-09-10,Changed Mind,580.21
907110,578055,2026-03-09,Unknown,4565.32
907111,578066,2025-09-27,Not as Described,293.98
907112,578067,2025-07-20,Damaged,243.68
907113,578070,2025-03-05,Wrong Product,2074.18
907114,578072,2025-11-30,Damaged,340.56
907115,578087,2025-05-20,Late Delivery,2151.22
907116,578099,2026-04-06,Changed Mind,399.48
907117,578122,2025-10-05,Not as Described,3423.09
907118,578123,2025-12-21,Damaged,2955.51
907119,578141,2025-01-31,Damaged,988.38
907120,578159,2025-02-11,Wrong Product,3692.28
907121,578180,2025-06-20,Wrong Product,2481.68
907122,578184,2026-03-07,Damaged,598.39
907123,578205,2025-03-13,Poor Quality,81.52
907124,578227,2026-01-24,Damaged,173.79
907125,578232,2025-10-16,Not as Described,3391.7
907126,578242,2026-03-19,Changed Mind,766.47
907127,578281,2025-04-03,Damaged,3982.79
907128,578282,2026-06-28,Damaged,2185.28
907129,578289,2025-12-17,Damaged,216.59
907130,578297,2025-11-20,Changed Mind,47.94
907131,578304,2025-01-28,Not as Described,1139.69
907132,578319,2025-05-30,Damaged,3071.04
907133,578333,2026-03-26,Changed Mind,593.08
907134,578338,2026-04-25,Damaged,648.28
907135,578364,2025-03-30,Changed Mind,1401.86
907136,578380,2025-12-23,Poor Quality,598.48
907137,578381,2025-03-07,Poor Quality,6792.01
907138,578386,2026-01-09,Poor Quality,1903.01
907139,578390,2026-05-17,Damaged,205.97
907140,578414,2026-03-07,Changed Mind,795.33
907141,578423,2026-02-20,Poor Quality,3037.86
907142,578444,2025-02-09,Wrong Product,5635.32
907143,578452,2025-11-01,Changed Mind,13016.43
907144,578466,2026-01-10,Poor Quality,3050.72
907145,578482,2025-09-23,Changed Mind,3263.44
907146,578498,2026-06-14,Not as Described,391.43
907147,578502,2025-06-02,Damaged,4030.12
907148,578514,2025-02-22,Wrong Product,3748.66
907149,578521,2026-03-13,Changed Mind,593.56
907150,578530,2025-06-04,Changed Mind,777.98
907151,578539,2026-04-29,Damaged,487.39
907152,578548,2025-12-26,Not as Described,1252.41
907153,578563,2025-05-11,Wrong Product,522.11
907154,578592,2026-03-01,Poor Quality,4187.79
907155,578616,2025-06-22,Changed Mind,161.68
907156,578622,2026-03-07,Poor Quality,865.08
907157,578629,2025-07-21,Damaged,620.27
907158,578677,2025-09-08,Damaged,602.99
907159,578681,2025-04-18,Poor Quality,359.37
907160,578684,2026-04-23,Late Delivery,695.57
907161,578700,2025-05-29,Poor Quality,567.81
907162,578710,2026-01-03,Poor Quality,965.48
907163,578724,2025-07-10,Poor Quality,1212.77
907164,578731,2025-08-21,Not as Described,675.48
907165,578754,2026-03-02,Changed Mind,1577.1
907166,578777,2025-08-18,Not as Described,504.03
907167,578779,2025-12-14,Not as Described,3671.95
907168,578786,2025-01-10,Changed Mind,1928.61
907169,578787,2026-03-12,Late Delivery,1076.19
907170,578794,2025-06-16,Late Delivery,164.93
907171,578847,2026-01-03,Late Delivery,459.6
907172,578885,2025-01-20,Damaged,1119.62
907173,578903,2026-01-14,Not as Described,274.07
907174,578909,2026-02-09,Damaged,4532.94
907175,578913,2025-07-05,Changed Mind,1908.37
907176,578923,2025-10-24,Wrong Product,2516.81
907177,578934,2025-04-01,Damaged,1013.04
907178,578937,2026-03-13,Not as Described,1399.6
907179,578950,2026-07-16,Damaged,2090.26
907180,578976,2026-03-29,Late Delivery,678.63
907181,578981,2026-04-02,Late Delivery,738.07
907182,579000,2025-04-02,Wrong Product,872.36
907183,579025,2025-02-03,Changed Mind,4973.68
907184,579026,2025-04-07,Poor Quality,772.26
907185,579032,2026-03-14,Damaged,84.94
907186,579050,2026-06-14,Damaged,339.14
907187,579066,2026-02-13,Damaged,93.46
907188,579074,2025-12-29,Damaged,3231.6
907189,579076,2025-05-13,Poor Quality,1165.37
907190,579086,2025-03-06,Damaged,817.14
907191,579091,2025-08-04,Wrong Product,586.86
907192,579093,2025-11-10,Poor Quality,261.11
907193,579095,2025-06-08,Wrong Product,1293.15
907194,579099,2025-11-12,Not as Described,3913.17
907195,579105,2025-09-16,Late Delivery,966.79
907196,579117,2025-08-24,Poor Quality,700.58
907197,579134,2025-11-26,Unknown,1843.59
907198,579143,2026-02-13,Not as Described,743.24
907199,579168,2026-04-04,Poor Quality,521.44
907200,579169,2025-07-14,Not as Described,1896.74
907201,579185,2025-09-20,Late Delivery,1221.54
907202,579202,2026-04-06,Wrong Product,707.01
907203,579215,2026-04-08,Damaged,5280.45
907204,579216,2025-03-09,Poor Quality,2215.73
907205,579244,2026-06-22,Late Delivery,947.59
907206,579250,2025-03-16,Unknown,1165.13
907207,579253,2025-02-09,Not as Described,217.15
907208,579257,2026-03-15,Not as Described,159.32
907209,579263,2025-12-16,Damaged,430.49
907210,579277,2025-09-10,Damaged,517.99
907211,579281,2026-04-13,Poor Quality,4243.27
907212,579297,2025-10-26,Not as Described,2403.75
907213,579303,2026-05-25,Damaged,1111.47
907214,579309,2025-02-26,Late Delivery,170.61
907215,579312,2025-06-20,Damaged,421.69
907216,579317,2025-11-10,Poor Quality,6757.96
907217,579320,2026-06-18,Wrong Product,4422.29
907218,579339,2025-07-13,Damaged,688.29
907219,579341,2026-01-21,Damaged,835.21
907220,579362,2025-08-28,Damaged,586.2
907221,579363,2026-05-20,Wrong Product,541.09
907222,579365,2025-09-24,Changed Mind,916.73
907223,579373,2026-01-17,Late Delivery,965.78
907224,579374,2026-04-04,Late Delivery,1764.28
907225,579382,2025-11-23,Damaged,1848.92
907226,579384,2025-12-28,Poor Quality,1506.41
907227,579392,2026-07-18,Late Delivery,424.99
907228,579402,2025-07-02,Poor Quality,460.45
907229,579407,2026-03-31,Changed Mind,3305.84
907230,579408,2025-09-02,Poor Quality,485.48
907231,579411,2026-01-20,Changed Mind,935.64
907232,579417,2025-12-08,Changed Mind,1187.84
907233,579419,2025-06-24,Poor Quality,2354.11
907234,579424,2025-01-09,Changed Mind,1875.5
907235,579457,2026-03-16,Damaged,605.8
907236,579461,2025-02-04,Late Delivery,2862.98
907237,579466,2025-09-05,Damaged,508.67
907238,579477,2025-06-19,Unknown,1974.24
907239,579513,2025-05-08,Poor Quality,1010.82
907240,579522,2025-03-16,Poor Quality,2721.44
907241,579523,2026-01-01,Wrong Product,2147.82
907242,579532,2026-07-02,Damaged,1659.9
907243,579539,2025-09-10,Late Delivery,2633.14
907244,579541,2026-04-24,Changed Mind,200.29
907245,579566,2026-01-03,Changed Mind,1945.48
907246,579580,2025-08-01,Poor Quality,230.22
907247,579584,2025-02-26,Damaged,5392.91
907248,579587,2026-04-10,Wrong Product,2808.57
907249,579593,2025-08-07,Changed Mind,2391.3
907250,579595,2025-05-13,Changed Mind,995.14
907251,579607,2025-08-12,Poor Quality,967.1
907252,579614,2025-06-17,Not as Described,1627.52
907253,579616,2025-08-22,Late Delivery,2325.07
907254,579619,2025-06-07,Late Delivery,2225.34
907255,579620,2026-01-17,Poor Quality,1099.31
907256,579665,2026-05-25,Late Delivery,793.06
907257,579666,2025-07-09,Damaged,5421.4
907258,579667,2026-07-11,Damaged,3534.09
907259,579678,2025-04-07,Wrong Product,3107.37
907260,579686,2026-04-18,Not as Described,705.53
907261,579697,2026-05-15,Changed Mind,106.24
907262,579712,2025-12-18,Unknown,1737.45
907263,579722,2026-02-18,Poor Quality,2587.5
907264,579726,2026-05-14,Changed Mind,3006.47
907265,579742,2025-07-16,Not as Described,540.0
907266,579753,2026-03-26,Not as Described,201.03
907267,579756,2025-07-30,Changed Mind,925.14
907268,579775,2026-04-14,Unknown,1274.12
907269,579777,2025-08-07,Poor Quality,657.8
907270,579795,2025-03-01,Changed Mind,1647.27
907271,579809,2025-11-04,Not as Described,4258.35
907272,579828,2025-05-02,Changed Mind,1841.42
907273,579831,2025-09-17,Damaged,1596.7
907274,579836,2025-09-25,Damaged,2177.79
907275,579839,2025-08-16,Poor Quality,1749.24
907276,579850,2025-12-21,Wrong Product,602.34
907277,579903,2026-01-15,Not as Described,1184.69
907278,579906,2025-09-11,Poor Quality,195.32
907279,579943,2026-03-20,Damaged,1527.29
907280,579950,2026-02-01,Late Delivery,1174.14
907281,579954,2025-12-13,Late Delivery,2390.02
907282,579956,2026-05-28,Poor Quality,451.09
907283,579958,2025-05-22,Wrong Product,3842.3
907284,579964,2025-12-24,Damaged,3654.11
907285,579992,2025-02-02,Poor Quality,409.37
907286,580002,2026-01-27,Wrong Product,495.38
907287,580012,2025-03-08,Poor Quality,135.84
907288,580016,2026-04-26,Not as Described,1860.88
907289,580022,2026-04-11,Damaged,2993.08
907290,580057,2026-06-03,Unknown,1952.04
907291,580086,2026-03-03,Not as Described,829.95
907292,580087,2025-05-19,Poor Quality,2392.51
907293,580090,2026-03-11,Wrong Product,2904.22
907294,580102,2025-09-04,Poor Quality,3139.99
907295,580104,2025-03-27,Late Delivery,6264.15
907296,580120,2025-02-10,Not as Described,164.53
907297,580136,2026-06-05,Late Delivery,1515.26
907298,580138,2025-08-01,Not as Described,609.79
907299,580143,2026-06-08,Not as Described,52.85
907300,580149,2025-08-21,Changed Mind,748.14
907301,580157,2025-10-28,Not as Described,507.91
907302,580164,2026-07-09,Wrong Product,3197.21
907303,580182,2026-01-28,Poor Quality,1299.74
907304,580216,2026-04-06,Damaged,753.93
907305,580218,2025-12-26,Poor Quality,289.67
907306,580247,2025-03-28,Not as Described,2304.15
907307,580250,2025-07-25,Wrong Product,298.16
907308,580256,2026-05-12,Changed Mind,10797.29
907309,580257,2026-06-05,Poor Quality,120.16
907310,580259,2025-03-29,Damaged,5709.76
907311,580277,2026-06-14,Not as Described,1439.5
907312,580320,2025-06-09,Poor Quality,99.78
907313,580322,2026-04-17,Poor Quality,1393.61
907314,580329,2025-08-08,Changed Mind,1309.39
907315,580330,2025-02-12,Damaged,2465.9
907316,580341,2025-12-17,Damaged,1143.15
907317,580384,2026-04-11,Wrong Product,708.2
907318,580390,2025-12-03,Poor Quality,1755.67
907319,580447,2025-03-06,Changed Mind,1703.07
907320,580474,2026-06-02,Damaged,2359.15
907321,580476,2025-07-11,Wrong Product,81.27
907322,580480,2025-10-31,Wrong Product,1558.93
907323,580485,2025-05-02,Late Delivery,1028.26
907324,580495,2025-07-22,Not as Described,1382.37
907325,580499,2025-06-21,Wrong Product,2933.61
907326,580502,2025-11-08,Damaged,1139.44
907327,580503,2025-04-29,Damaged,1928.38
907328,580508,2025-09-15,Wrong Product,2545.27
907329,580522,2025-09-26,Poor Quality,2748.88
907330,580542,2026-03-05,Wrong Product,352.39
907331,580545,2025-03-17,Poor Quality,2159.58
907332,580548,2026-02-26,Poor Quality,471.53
907333,580571,2025-08-25,Poor Quality,646.39
907334,580578,2025-02-14,Poor Quality,620.24
907335,580580,2025-02-24,Damaged,1562.4
907336,580585,2025-03-26,Changed Mind,209.22
907337,580594,2025-11-24,Poor Quality,2880.97
907338,580598,2025-05-16,Not as Described,986.83
907339,580605,2026-07-03,Not as Described,1861.91
907340,580606,2026-06-07,Not as Described,777.88
907341,580607,2025-12-27,Poor Quality,2947.32
907342,580620,2026-01-21,Wrong Product,3611.52
907343,580627,2025-11-01,Damaged,917.84
907344,580631,2025-12-26,Poor Quality,410.9
907345,580643,2025-05-04,Late Delivery,780.09
907346,580653,2025-03-01,Not as Described,935.88
907347,580666,2025-11-24,Damaged,3422.11
907348,580672,2025-10-11,Unknown,1028.26
907349,580673,2025-02-08,Damaged,2896.13
907350,580674,2025-11-16,Not as Described,627.5
907351,580694,2025-06-24,Not as Described,1534.98
907352,580699,2025-09-17,Not as Described,1669.26
907353,580709,2025-05-11,Wrong Product,961.86
907354,580721,2025-05-13,Not as Described,3046.68
907355,580743,2025-10-30,Late Delivery,349.96
907356,580746,2026-05-28,Poor Quality,436.55
907357,580754,2026-03-12,Not as Described,1708.43
907358,580773,2026-01-19,Late Delivery,1001.46
907359,580795,2025-03-20,Poor Quality,2756.22
907360,580796,2025-05-28,Not as Described,366.47
907361,580805,2025-09-30,Not as Described,835.56
907362,580818,2025-08-10,Poor Quality,500.3
907363,580833,2025-01-27,Not as Described,1358.52
907364,580868,2025-11-13,Not as Described,1779.03
907365,580870,2025-05-27,Damaged,4179.33
907366,580889,2025-08-14,Not as Described,775.73
907367,580898,2026-04-02,Changed Mind,356.23
907368,580907,2026-02-21,Changed Mind,2679.69
907369,580922,2025-10-09,Wrong Product,1137.25
907370,580929,2026-04-26,Damaged,2657.96
907371,580933,2025-03-20,Not as Described,981.8
907372,580941,2026-03-23,Not as Described,2218.6
907373,580943,2025-05-10,Poor Quality,3064.55
907374,580958,2025-10-01,Damaged,1698.5
907375,580963,2025-08-30,Damaged,373.36
907376,581010,2025-06-10,Poor Quality,911.09
907377,581021,2026-01-29,Not as Described,350.3
907378,581031,2025-06-14,Poor Quality,1108.36
907379,581053,2025-09-10,Wrong Product,662.59
907380,581055,2025-07-12,Not as Described,5782.8
907381,581081,2026-05-08,Changed Mind,340.81
907382,581082,2025-03-30,Poor Quality,1128.79
907383,581101,2026-01-29,Wrong Product,6504.2
907384,581108,2025-08-27,Late Delivery,2643.98
907385,581109,2025-02-23,Damaged,202.44
907386,581124,2025-03-10,Changed Mind,915.1
907387,581128,2025-05-12,Poor Quality,845.1
907388,581136,2025-01-28,Poor Quality,3024.8
907389,581142,2025-03-23,Not as Described,156.45
907390,581154,2025-08-08,Changed Mind,2114.57
907391,581166,2025-06-20,Damaged,310.49
907392,581178,2026-05-14,Damaged,285.59
907393,581193,2025-03-11,Changed Mind,2828.87
907394,581199,2025-11-29,Poor Quality,910.56
907395,581202,2026-07-14,Poor Quality,20482.4
907396,581210,2026-04-11,Poor Quality,1054.63
907397,581220,2026-03-07,Changed Mind,3143.55
907398,581229,2025-02-12,Poor Quality,93.01
907399,581238,2026-05-04,Not as Described,276.89
907400,581239,2026-02-24,Wrong Product,1382.95
907401,581245,2025-07-02,Wrong Product,1198.83
907402,581248,2025-06-05,Poor Quality,577.94
907403,581259,2025-03-07,Poor Quality,1317.74
907404,581264,2025-10-08,Poor Quality,1077.45
907405,581277,2025-12-25,Not as Described,2868.53
907406,581278,2026-03-09,Damaged,261.43
907407,581283,2025-04-07,Not as Described,646.22
907408,581295,2026-03-29,Poor Quality,2103.45
907409,581310,2025-07-08,Not as Described,5139.85
907410,581313,2025-12-25,Damaged,59.56
907411,581322,2025-07-21,Not as Described,1719.13
907412,581331,2026-02-08,Wrong Product,2653.95
907413,581332,2026-04-25,Not as Described,251.83
907414,581335,2025-04-08,Not as Described,3279.08
907415,581366,2026-01-27,Changed Mind,630.34
907416,581369,2026-03-18,Damaged,1035.92
907417,581371,2026-06-21,Late Delivery,344.39
907418,581390,2025-02-08,Late Delivery,1478.5
907419,581395,2025-02-23,Not as Described,467.16
907420,581401,2025-08-17,Damaged,14495.26
907421,581402,2025-07-13,Unknown,543.69
907422,581436,2025-06-19,Late Delivery,884.66
907423,581455,2025-03-17,Wrong Product,504.2
907424,581460,2025-03-07,Damaged,1317.46
907425,581484,2026-01-24,Not as Described,2914.31
907426,581489,2026-05-10,Damaged,1474.18
907427,581520,2026-03-17,Wrong Product,2076.27
907428,581531,2026-01-15,Damaged,376.5
907429,581546,2025-08-02,Wrong Product,1036.72
907430,581554,2025-10-10,Not as Described,3979.71
907431,581558,2025-04-09,Changed Mind,2198.43
907432,581591,2025-12-07,Poor Quality,1320.74
907433,581594,2026-04-27,Poor Quality,220.3
907434,581613,2025-08-22,Late Delivery,419.19
907435,581647,2025-11-21,Wrong Product,1251.53
907436,581653,2026-07-16,Poor Quality,972.15
907437,581674,2026-01-27,Damaged,2312.84
907438,581681,2026-06-17,Wrong Product,262.4
907439,581682,2026-04-06,Changed Mind,1254.72
907440,581704,2026-05-20,Late Delivery,1624.54
907441,581711,2025-09-24,Not as Described,150.34
907442,581716,2026-06-23,Damaged,3224.69
907443,581720,2025-09-05,Unknown,1877.86
907444,581727,2026-03-20,Poor Quality,1135.29
907445,581753,2025-05-20,Poor Quality,414.97
907446,581757,2026-01-28,Changed Mind,179.6
907447,581774,2026-02-04,Changed Mind,480.03
907448,581796,2025-08-24,Not as Described,1308.09
907449,581813,2025-10-15,Damaged,2064.14
907450,581826,2026-01-28,Not as Described,1744.46
907451,581827,2025-02-12,Poor Quality,1808.28
907452,581837,2025-08-08,Changed Mind,1194.35
907453,581852,2026-06-12,Poor Quality,2657.39
907454,581871,2026-07-09,Wrong Product,636.5
907455,581880,2026-01-11,Poor Quality,1979.65
907456,581884,2025-10-15,Not as Described,1133.96
907457,581909,2026-03-29,Poor Quality,2515.88
907458,581930,2025-12-13,Poor Quality,1750.34
907459,581937,2026-03-04,Poor Quality,2126.71
907460,581964,2025-09-02,Damaged,164.75
907461,581967,2025-09-06,Damaged,4602.62
907462,582008,2026-02-21,Poor Quality,2680.3
907463,582023,2025-10-06,Poor Quality,815.22
907464,582028,2025-08-06,Wrong Product,88.15
907465,582034,2026-02-03,Not as Described,635.78
907466,582039,2025-09-29,Late Delivery,1524.99
907467,582045,2025-12-04,Changed Mind,8028.68
907468,582058,2025-06-04,Not as Described,176.31
907469,582062,2025-09-10,Damaged,683.38
907470,582064,2025-03-06,Wrong Product,942.75
907471,582069,2026-05-12,Changed Mind,2164.8
907472,582088,2026-02-27,Poor Quality,2165.35
907473,582101,2025-02-15,Poor Quality,750.74
907474,582141,2026-04-22,Poor Quality,3994.96
907475,582192,2026-02-23,Changed Mind,262.52
907476,582204,2025-09-18,Poor Quality,1472.52
907477,582211,2025-06-05,Not as Described,4678.55
907478,582222,2025-08-26,Not as Described,388.53
907479,582223,2026-03-23,Changed Mind,765.32
907480,582226,2026-07-05,Changed Mind,1660.5
907481,582228,2025-03-15,Poor Quality,670.73
907482,582256,2025-05-21,Late Delivery,2065.66
907483,582268,2025-09-07,Wrong Product,3885.48
907484,582288,2026-07-20,Not as Described,7881.07
907485,582295,2025-09-19,Damaged,3086.8
907486,582296,2026-01-07,Poor Quality,2382.25
907487,582301,2026-07-07,Changed Mind,221.29
907488,582304,2026-03-26,Changed Mind,1214.42
907489,582316,2025-08-08,Unknown,2138.6
907490,582318,2025-08-26,Poor Quality,70.75
907491,582339,2025-08-23,Changed Mind,621.05
907492,582357,2025-10-23,Poor Quality,2205.6
907493,582364,2026-07-02,Not as Described,4277.32
907494,582380,2025-08-20,Damaged,4867.0
907495,582388,2026-02-11,Late Delivery,905.72
907496,582390,2025-05-07,Changed Mind,84.24
907497,582402,2026-05-24,Not as Described,1578.16
907498,582410,2026-03-13,Poor Quality,1192.32
907499,582418,2026-03-08,Changed Mind,1828.25
907500,582421,2025-07-17,Wrong Product,587.94
907501,582424,2026-06-03,Late Delivery,175.55
907502,582426,2026-03-03,Unknown,2611.7
907503,582443,2025-08-12,Wrong Product,1175.21
907504,582444,2025-01-11,Wrong Product,1209.88
907505,582447,2026-05-11,Not as Described,969.44
907506,582451,2026-02-05,Wrong Product,5731.0
907507,582453,2025-02-13,Wrong Product,884.47
907508,582454,2025-06-13,Damaged,1059.96
907509,582527,2025-08-06,Poor Quality,459.24
907510,582532,2026-03-22,Damaged,3494.72
907511,582544,2025-06-04,Unknown,397.53
907512,582559,2026-04-20,Damaged,165.04
907513,582569,2026-04-19,Poor Quality,784.18
907514,582610,2026-07-19,Damaged,3551.22
907515,582614,2025-06-19,Changed Mind,384.12
907516,582624,2025-09-15,Poor Quality,657.48
907517,582627,2025-04-30,Damaged,152.07
907518,582653,2025-09-01,Poor Quality,409.84
907519,582655,2026-07-04,Changed Mind,3284.78
907520,582665,2026-03-28,Wrong Product,656.01
907521,582675,2025-09-04,Damaged,566.44
907522,582677,2026-03-08,Changed Mind,1241.41
907523,582689,2025-06-15,Late Delivery,1084.32
907524,582692,2026-05-21,Not as Described,1869.59
907525,582717,2025-06-08,Poor Quality,6834.98
907526,582720,2026-06-25,Not as Described,2409.01
907527,582722,2025-06-20,Changed Mind,579.71
907528,582727,2025-10-07,Changed Mind,388.04
907529,582731,2026-03-19,Changed Mind,946.16
907530,582738,2026-02-06,Late Delivery,693.57
907531,582739,2025-10-10,Changed Mind,2517.57
907532,582772,2025-12-10,Changed Mind,699.7
907533,582776,2025-02-13,Unknown,458.63
907534,582789,2025-06-17,Poor Quality,1222.74
907535,582805,2026-04-24,Wrong Product,1064.27
907536,582806,2026-04-24,Late Delivery,397.12
907537,582811,2026-05-12,Not as Described,3503.45
907538,582835,2026-02-13,Damaged,2054.67
907539,582837,2025-08-20,Not as Described,1128.73
907540,582844,2026-05-29,Changed Mind,2695.92
907541,582852,2026-04-04,Changed Mind,162.31
907542,582853,2026-03-21,Not as Described,683.72
907543,582858,2026-01-19,Damaged,327.11
907544,582866,2025-05-11,Late Delivery,1409.77
907545,582868,2025-05-11,Poor Quality,1094.03
907546,582884,2026-06-30,Wrong Product,663.28
907547,582895,2025-05-26,Changed Mind,18553.01
907548,582944,2026-04-16,Damaged,583.38
907549,582950,2026-04-04,Damaged,490.27
907550,582953,2026-04-07,Wrong Product,259.83
907551,582956,2025-10-13,Late Delivery,2760.76
907552,582965,2026-06-25,Changed Mind,813.74
907553,582972,2025-09-27,Unknown,3067.17
907554,582980,2025-08-02,Not as Described,167.35
907555,582981,2025-02-13,Wrong Product,1515.34
907556,582998,2026-06-12,Late Delivery,138.67
907557,583005,2025-02-16,Changed Mind,557.66
907558,583012,2026-02-25,Damaged,613.05
907559,583029,2026-01-04,Changed Mind,741.78
907560,583035,2025-05-14,Poor Quality,342.65
907561,583038,2026-07-08,Not as Described,8956.03
907562,583066,2026-02-08,Poor Quality,1018.83
907563,583083,2026-04-19,Damaged,313.69
907564,583090,2026-06-22,Wrong Product,5349.1
907565,583095,2025-11-25,Poor Quality,623.03
907566,583097,2026-01-18,Damaged,1153.54
907567,583105,2025-03-27,Not as Described,2799.56
907568,583106,2025-01-13,Wrong Product,262.6
907569,583111,2025-08-29,Damaged,1741.14
907570,583122,2026-03-03,Poor Quality,87.38
907571,583123,2025-09-29,Damaged,573.16
907572,583135,2025-12-27,Late Delivery,966.4
907573,583137,2025-06-13,Damaged,217.67
907574,583152,2025-11-23,Not as Described,747.15
907575,583156,2025-09-05,Changed Mind,337.69
907576,583157,2025-02-20,Not as Described,2758.94
907577,583169,2025-05-30,Late Delivery,963.23
907578,583178,2025-05-24,Changed Mind,756.81
907579,583185,2025-03-12,Changed Mind,637.07
907580,583194,2026-06-16,Poor Quality,4303.36
907581,583209,2026-05-16,Unknown,633.07
907582,583232,2025-09-14,Damaged,1550.39
907583,583252,2026-05-26,Poor Quality,166.58
907584,583253,2025-04-09,Wrong Product,4332.91
907585,583265,2026-07-05,Poor Quality,722.1
907586,583283,2026-02-06,Changed Mind,5260.47
907587,583295,2026-06-08,Changed Mind,1558.08
907588,583301,2025-04-26,Damaged,548.23
907589,583303,2025-01-14,Changed Mind,660.69
907590,583311,2026-05-01,Changed Mind,4615.41
907591,583344,2025-10-13,Poor Quality,546.9
907592,583356,2025-06-02,Wrong Product,234.34
907593,583382,2026-03-12,Damaged,403.56
907594,583387,2025-07-12,Not as Described,2800.61
907595,583395,2025-10-15,Late Delivery,2191.83
907596,583398,2025-08-31,Poor Quality,2205.95
907597,583416,2025-07-24,Damaged,1362.33
907598,583427,2025-12-15,Changed Mind,1118.8
907599,583433,2026-06-22,Damaged,109.09
907600,583434,2025-08-19,Damaged,617.65
907601,583450,2026-01-22,Poor Quality,560.57
907602,583459,2026-06-16,Not as Described,2151.82
907603,583476,2025-05-16,Changed Mind,1841.46
907604,583487,2026-04-06,Wrong Product,1114.5
907605,583504,2026-01-12,Not as Described,3647.35
907606,583526,2025-05-18,Poor Quality,3256.63
907607,583529,2025-09-16,Changed Mind,749.46
907608,583533,2026-03-09,Poor Quality,1517.56
907609,583536,2025-07-05,Poor Quality,1384.0
907610,583540,2026-07-22,Damaged,3673.99
907611,583542,2025-05-23,Changed Mind,1725.02
907612,583559,2026-01-24,Late Delivery,1509.77
907613,583575,2025-02-20,Poor Quality,1645.64
907614,583620,2025-09-20,Changed Mind,195.36
907615,583622,2026-06-08,Poor Quality,480.7
907616,583636,2026-06-14,Poor Quality,1465.52
907617,583667,2025-05-14,Not as Described,1771.73
907618,583669,2026-03-27,Not as Described,145.59
907619,583699,2025-12-17,Wrong Product,2740.88
907620,583707,2025-02-12,Poor Quality,454.37
907621,583729,2026-05-17,Poor Quality,6137.41
907622,583762,2025-11-28,Not as Described,451.88
907623,583782,2025-12-05,Changed Mind,567.9
907624,583789,2025-09-08,Damaged,1152.64
907625,583803,2025-09-15,Changed Mind,7590.62
907626,583813,2025-12-10,Damaged,9287.1
907627,583824,2025-07-27,Poor Quality,148.57
907628,583831,2026-01-15,Not as Described,884.47
907629,583840,2025-11-30,Damaged,1101.09
907630,583861,2026-02-18,Not as Described,1407.45
907631,583863,2025-09-14,Late Delivery,1091.76
907632,583884,2025-07-03,Wrong Product,4167.34
907633,583885,2025-08-22,Changed Mind,553.65
907634,583889,2026-02-20,Poor Quality,1431.09
907635,583895,2026-01-23,Damaged,126.38
907636,583899,2025-09-19,Damaged,488.5
907637,583920,2026-06-10,Damaged,562.19
907638,583934,2025-05-19,Late Delivery,3860.5
907639,583941,2026-05-01,Not as Described,384.03
907640,583948,2025-10-10,Not as Described,3781.77
907641,583949,2025-11-14,Not as Described,191.2
907642,583960,2025-10-24,Wrong Product,536.9
907643,583964,2026-07-06,Damaged,280.1
907644,583969,2025-06-28,Poor Quality,4513.33
907645,583980,2025-12-26,Not as Described,1807.0
907646,583990,2025-02-23,Wrong Product,190.52
907647,583996,2025-06-02,Damaged,1888.94
907648,584022,2025-06-23,Changed Mind,1632.44
907649,584024,2026-04-08,Changed Mind,509.04
907650,584025,2026-06-09,Late Delivery,361.66
907651,584037,2025-09-04,Poor Quality,664.19
907652,584039,2026-06-10,Wrong Product,1191.28
907653,584052,2025-05-08,Poor Quality,885.24
907654,584065,2025-02-21,Damaged,990.83
907655,584074,2025-11-13,Poor Quality,769.88
907656,584077,2026-06-05,Changed Mind,1587.8
907657,584106,2026-04-18,Damaged,182.68
907658,584131,2025-01-15,Late Delivery,2335.04
907659,584148,2026-04-22,Wrong Product,3038.92
907660,584176,2025-05-02,Poor Quality,555.82
907661,584182,2025-09-19,Not as Described,637.25
907662,584190,2026-02-28,Wrong Product,2849.72
907663,584193,2025-01-15,Changed Mind,3689.76
907664,584196,2025-10-11,Changed Mind,1284.0
907665,584198,2025-02-03,Not as Described,3137.79
907666,584205,2026-03-10,Wrong Product,466.57
907667,584213,2025-12-25,Not as Described,1243.36
907668,584219,2025-09-29,Late Delivery,1541.49
907669,584231,2025-03-13,Poor Quality,1392.75
907670,584260,2025-12-24,Poor Quality,3963.12
907671,584270,2025-06-01,Not as Described,945.0
907672,584281,2025-05-02,Damaged,6916.2
907673,584287,2025-08-13,Changed Mind,1171.35
907674,584293,2025-02-13,Damaged,538.21
907675,584301,2025-04-20,Not as Described,185.08
907676,584308,2026-01-16,Wrong Product,809.23
907677,584354,2026-02-25,Poor Quality,469.59
907678,584364,2025-09-05,Not as Described,517.37
907679,584378,2025-05-15,Late Delivery,1307.23
907680,584380,2025-11-21,Damaged,324.7
907681,584382,2026-01-11,Poor Quality,364.86
907682,584387,2026-04-14,Changed Mind,2754.26
907683,584400,2025-05-24,Wrong Product,952.9
907684,584401,2025-05-03,Unknown,1341.87
907685,584435,2025-06-24,Late Delivery,1226.44
907686,584436,2026-03-18,Poor Quality,268.05
907687,584439,2025-09-01,Poor Quality,2551.03
907688,584464,2025-07-25,Poor Quality,1109.24
907689,584474,2026-03-12,Not as Described,3236.82
907690,584481,2026-07-16,Changed Mind,2536.04
907691,584490,2026-04-24,Not as Described,150.98
907692,584517,2025-02-28,Damaged,261.9
907693,584532,2025-11-15,Poor Quality,1497.55
907694,584537,2025-07-02,Late Delivery,1025.8
907695,584565,2025-04-10,Late Delivery,524.3
907696,584574,2025-08-02,Damaged,1251.83
907697,584579,2025-11-23,Poor Quality,283.92
907698,584620,2025-05-03,Damaged,1390.24
907699,584631,2025-09-16,Changed Mind,1167.55
907700,584649,2026-04-13,Poor Quality,1399.84
907701,584654,2025-09-25,Wrong Product,2177.05
907702,584656,2025-10-02,Not as Described,551.27
907703,584688,2025-02-17,Poor Quality,2075.38
907704,584706,2026-06-24,Damaged,2792.42
907705,584724,2025-03-23,Wrong Product,1884.78
907706,584731,2025-03-03,Changed Mind,1063.52
907707,584757,2026-03-06,Poor Quality,3174.34
907708,584774,2025-10-25,Poor Quality,693.71
907709,584777,2025-07-22,Late Delivery,1467.89
907710,584799,2025-10-26,Wrong Product,2315.3
907711,584805,2026-06-02,Not as Described,500.53
907712,584823,2026-04-19,Unknown,405.36
907713,584856,2026-07-17,Late Delivery,1570.45
907714,584861,2026-03-16,Wrong Product,397.3
907715,584877,2025-11-30,Poor Quality,795.38
907716,584895,2026-03-27,Wrong Product,3550.28
907717,584933,2026-02-02,Poor Quality,349.16
907718,584972,2025-12-11,Damaged,307.95
907719,584987,2026-02-03,Damaged,2547.82
907720,584990,2026-05-12,Damaged,1167.74
907721,584991,2025-12-11,Wrong Product,417.93
907722,585020,2025-12-31,Late Delivery,3016.34
907723,585027,2026-03-12,Wrong Product,1871.85
907724,585028,2025-12-30,Damaged,746.02
907725,585031,2025-03-19,Wrong Product,262.29
907726,585044,2025-12-19,Not as Described,2473.76
907727,585046,2026-04-04,Late Delivery,912.29
907728,585066,2025-03-27,Not as Described,520.18
907729,585079,2025-05-28,Poor Quality,2483.03
907730,585085,2025-03-12,Poor Quality,225.44
907731,585095,2025-04-10,Poor Quality,2652.76
907732,585112,2025-07-04,Wrong Product,1124.38
907733,585117,2026-01-03,Not as Described,317.23
907734,585129,2026-03-27,Wrong Product,2153.99
907735,585160,2026-03-17,Not as Described,1203.01
907736,585217,2025-07-11,Poor Quality,316.13
907737,585224,2025-10-29,Poor Quality,1880.9
907738,585241,2026-04-09,Wrong Product,727.83
907739,585249,2025-05-17,Poor Quality,158.51
907740,585278,2026-02-15,Late Delivery,781.44
907741,585292,2025-07-06,Damaged,1388.7
907742,585294,2025-08-28,Unknown,1707.38
907743,585297,2026-05-16,Changed Mind,3725.57
907744,585299,2025-09-01,Changed Mind,1156.96
907745,585308,2025-11-20,Poor Quality,188.38
907746,585314,2026-01-05,Changed Mind,393.43
907747,585318,2025-06-21,Unknown,334.71
907748,585341,2026-04-17,Damaged,97.02
907749,585374,2026-02-13,Damaged,323.89
907750,585378,2025-08-06,Poor Quality,2549.51
907751,585384,2025-02-14,Poor Quality,1552.25
907752,585392,2025-05-29,Damaged,823.71
907753,585403,2026-07-02,Late Delivery,217.47
907754,585407,2025-04-03,Not as Described,1298.23
907755,585409,2025-02-13,Late Delivery,744.45
907756,585412,2025-08-13,Poor Quality,616.12
907757,585428,2026-01-28,Not as Described,829.83
907758,585436,2025-02-13,Changed Mind,247.33
907759,585447,2026-07-02,Poor Quality,725.94
907760,585449,2025-07-17,Not as Described,1055.2
907761,585469,2025-08-16,Not as Described,5621.76
907762,585479,2025-11-21,Damaged,1931.53
907763,585483,2025-02-03,Poor Quality,770.39
907764,585495,2026-05-22,Not as Described,973.11
907765,585496,2025-11-19,Damaged,4387.11
907766,585503,2025-05-02,Wrong Product,248.9
907767,585518,2026-04-08,Late Delivery,112.78
907768,585522,2026-01-13,Not as Described,1844.18
907769,585530,2025-06-10,Late Delivery,1397.55
907770,585534,2026-04-11,Not as Described,486.31
907771,585542,2025-11-11,Damaged,613.59
907772,585561,2025-02-02,Poor Quality,937.89
907773,585566,2026-01-02,Changed Mind,2789.94
907774,585586,2025-03-29,Late Delivery,1903.03
907775,585600,2026-05-24,Poor Quality,5259.16
907776,585606,2026-01-08,Not as Described,457.36
907777,585607,2025-03-06,Poor Quality,1647.18
907778,585611,2025-06-08,Poor Quality,449.53
907779,585619,2025-06-28,Wrong Product,265.66
907780,585630,2026-02-11,Damaged,2332.23
907781,585648,2025-03-16,Not as Described,132.86
907782,585650,2025-01-12,Poor Quality,101.76
907783,585654,2025-11-03,Not as Described,1655.96
907784,585662,2025-12-23,Poor Quality,2709.35
907785,585681,2025-05-14,Poor Quality,2530.59
907786,585685,2026-01-08,Late Delivery,2764.29
907787,585686,2025-06-29,Poor Quality,657.22
907788,585716,2025-07-25,Unknown,480.31
907789,585729,2026-03-25,Unknown,4211.98
907790,585741,2025-01-10,Poor Quality,589.6
907791,585745,2025-02-12,Damaged,504.74
907792,585746,2025-04-15,Poor Quality,1790.4
907793,585749,2026-07-05,Wrong Product,1244.29
907794,585753,2026-03-28,Damaged,152.78
907795,585777,2025-05-27,Not as Described,741.04
907796,585804,2026-06-14,Poor Quality,681.5
907797,585812,2025-02-21,Poor Quality,1178.98
907798,585817,2025-08-14,Damaged,368.25
907799,585818,2025-10-04,Poor Quality,1481.41
907800,585824,2025-12-15,Changed Mind,1316.48
907801,585825,2025-07-28,Not as Described,369.23
907802,585832,2026-01-22,Changed Mind,1117.67
907803,585837,2026-05-19,Wrong Product,210.05
907804,585843,2026-01-01,Poor Quality,204.65
907805,585866,2025-08-15,Changed Mind,601.77
907806,585887,2026-04-06,Poor Quality,1105.32
907807,585889,2025-02-18,Changed Mind,3132.55
907808,585895,2026-07-06,Not as Described,773.62
907809,585897,2025-03-08,Wrong Product,1523.69
907810,585902,2025-05-13,Wrong Product,708.85
907811,585912,2026-05-27,Poor Quality,4835.74
907812,585957,2026-04-02,Damaged,2752.91
907813,585986,2025-10-24,Poor Quality,102.15
907814,585991,2025-06-11,Poor Quality,2205.51
907815,586016,2025-12-02,Damaged,1320.63
907816,586019,2026-07-18,Poor Quality,1666.75
907817,586024,2025-06-17,Changed Mind,1654.6
907818,586031,2025-09-15,Damaged,213.65
907819,586070,2025-10-27,Changed Mind,1569.72
907820,586075,2025-03-22,Not as Described,736.48
907821,586081,2025-11-24,Wrong Product,5855.33
907822,586097,2025-11-10,Not as Described,3782.56
907823,586130,2025-06-21,Poor Quality,1781.19
907824,586133,2026-01-17,Damaged,1156.13
907825,586139,2026-02-23,Not as Described,103.37
907826,586182,2026-02-27,Poor Quality,963.89
907827,586183,2026-01-17,Changed Mind,579.18
907828,586203,2026-03-24,Damaged,2171.44
907829,586212,2026-06-11,Late Delivery,1295.78
907830,586214,2025-01-17,Wrong Product,3800.82
907831,586218,2026-04-19,Damaged,658.26
907832,586219,2025-05-17,Late Delivery,162.21
907833,586220,2025-05-06,Late Delivery,1840.98
907834,586221,2025-06-22,Poor Quality,3397.25
907835,586223,2026-03-01,Not as Described,746.1
907836,586224,2025-10-27,Wrong Product,966.84
907837,586232,2026-04-27,Poor Quality,1443.58
907838,586242,2025-08-23,Not as Described,341.38
907839,586243,2025-07-07,Poor Quality,1940.64
907840,586270,2025-02-20,Unknown,1447.76
907841,586271,2026-05-26,Unknown,2132.17
907842,586274,2025-10-19,Changed Mind,2327.3
907843,586295,2026-05-06,Changed Mind,1512.37
907844,586304,2025-02-18,Damaged,2493.15
907845,586308,2025-11-01,Not as Described,1047.09
907846,586315,2026-04-18,Damaged,379.06
907847,586320,2026-02-09,Not as Described,3527.89
907848,586325,2025-12-19,Changed Mind,1625.32
907849,586335,2026-06-19,Changed Mind,909.37
907850,586340,2025-08-11,Late Delivery,4213.33
907851,586347,2025-11-07,Late Delivery,1357.85
907852,586360,2025-02-14,Poor Quality,1276.01
907853,586384,2026-01-01,Not as Described,1099.36
907854,586408,2026-04-02,Wrong Product,951.4
907855,586412,2025-09-09,Poor Quality,1226.86
907856,586415,2025-06-08,Not as Described,1284.9
907857,586435,2026-05-26,Damaged,2839.41
907858,586451,2026-01-21,Wrong Product,578.79
907859,586452,2026-04-18,Late Delivery,12002.73
907860,586453,2025-11-27,Poor Quality,1236.05
907861,586464,2026-02-28,Damaged,576.0
907862,586469,2025-11-08,Changed Mind,1165.15
907863,586476,2026-05-18,Damaged,948.35
907864,586479,2025-09-28,Poor Quality,963.04
907865,586504,2026-02-25,Poor Quality,1780.9
907866,586540,2026-03-27,Poor Quality,316.59
907867,586554,2025-03-17,Late Delivery,360.64
907868,586558,2025-02-05,Late Delivery,524.6
907869,586569,2026-06-10,Poor Quality,1906.95
907870,586576,2025-09-12,Unknown,314.4
907871,586577,2025-01-04,Unknown,1384.78
907872,586607,2026-04-17,Changed Mind,3419.84
907873,586612,2026-05-02,Wrong Product,518.77
907874,586625,2025-07-18,Changed Mind,420.7
907875,586629,2026-07-08,Changed Mind,471.01
907876,586636,2025-09-22,Poor Quality,321.15
907877,586658,2026-01-07,Not as Described,262.76
907878,586674,2025-03-30,Late Delivery,339.64
907879,586685,2025-01-14,Late Delivery,1852.25
907880,586714,2026-04-13,Poor Quality,865.83
907881,586716,2025-06-24,Changed Mind,1107.55
907882,586720,2025-07-16,Late Delivery,675.54
907883,586729,2026-06-02,Poor Quality,1526.87
907884,586753,2025-06-04,Not as Described,232.37
907885,586763,2025-11-05,Damaged,114.19
907886,586766,2026-03-15,Poor Quality,314.13
907887,586774,2025-01-20,Late Delivery,1387.4
907888,586777,2025-09-06,Poor Quality,1034.52
907889,586780,2026-02-23,Changed Mind,1101.97
907890,586782,2026-05-10,Poor Quality,784.54
907891,586789,2025-04-26,Changed Mind,497.09
907892,586819,2026-03-01,Wrong Product,423.31
907893,586827,2026-05-23,Poor Quality,1817.34
907894,586844,2025-08-14,Damaged,313.53
907895,586868,2026-07-13,Late Delivery,1922.75
907896,586895,2026-04-06,Not as Described,770.67
907897,586901,2026-04-30,Late Delivery,835.2
907898,586902,2025-07-10,Poor Quality,447.8
907899,586916,2025-10-28,Damaged,62.09
907900,586917,2025-04-18,Changed Mind,3024.95
907901,586926,2025-09-22,Changed Mind,1670.85
907902,586944,2025-05-16,Damaged,358.64
907903,586979,2025-10-08,Late Delivery,2920.81
907904,586984,2026-04-26,Poor Quality,2885.06
907905,586986,2025-03-26,Poor Quality,894.08
907906,587003,2025-09-16,Damaged,875.87
907907,587008,2025-12-28,Not as Described,3447.66
907908,587015,2025-11-27,Poor Quality,1728.0
907909,587019,2026-01-06,Poor Quality,1248.14
907910,587021,2025-11-27,Poor Quality,163.95
907911,587024,2026-03-27,Wrong Product,267.58
907912,587027,2026-06-22,Not as Described,2293.75
907913,587028,2025-10-09,Damaged,3237.88
907914,587036,2025-03-08,Late Delivery,189.14
907915,587071,2026-06-29,Wrong Product,195.8
907916,587091,2025-09-16,Poor Quality,1016.19
907917,587099,2025-11-03,Poor Quality,1395.34
907918,587100,2026-03-17,Not as Described,896.51
907919,587117,2026-03-20,Poor Quality,2322.34
907920,587118,2025-01-19,Damaged,846.47
907921,587124,2026-05-10,Poor Quality,2477.67
907922,587157,2025-04-02,Poor Quality,109.7
907923,587172,2025-07-10,Wrong Product,567.35
907924,587174,2025-09-02,Unknown,451.09
907925,587182,2025-11-14,Wrong Product,2770.47
907926,587200,2025-09-01,Not as Described,662.4
907927,587214,2025-12-21,Not as Described,1709.44
907928,587237,2026-05-31,Changed Mind,286.74
907929,587265,2026-01-11,Unknown,1051.25
907930,587266,2025-06-16,Poor Quality,522.57
907931,587292,2026-05-01,Damaged,3337.68
907932,587312,2025-11-23,Damaged,376.05
907933,587313,2026-04-13,Poor Quality,354.98
907934,587325,2025-06-21,Damaged,2421.95
907935,587326,2025-04-07,Late Delivery,1509.83
907936,587343,2025-04-23,Damaged,1800.74
907937,587349,2026-06-03,Changed Mind,1631.67
907938,587353,2026-07-01,Damaged,96.92
907939,587366,2025-06-27,Damaged,4729.92
907940,587374,2026-06-23,Changed Mind,1994.06
907941,587380,2025-04-06,Poor Quality,6653.41
907942,587388,2025-05-13,Damaged,744.6
907943,587405,2025-11-01,Poor Quality,2787.49
907944,587407,2025-09-07,Not as Described,503.9
907945,587414,2025-11-21,Damaged,2636.88
907946,587420,2025-09-11,Poor Quality,165.22
907947,587436,2026-06-26,Late Delivery,308.01
907948,587451,2025-05-23,Not as Described,1014.31
907949,587459,2026-06-02,Damaged,606.15
907950,587462,2026-02-04,Poor Quality,1937.14
907951,587463,2025-05-21,Late Delivery,632.85
907952,587466,2026-01-17,Poor Quality,1921.68
907953,587468,2026-06-16,Damaged,1155.09
907954,587472,2025-01-23,Poor Quality,537.67
907955,587473,2025-08-13,Poor Quality,400.02
907956,587474,2025-05-09,Wrong Product,10472.23
907957,587493,2026-03-09,Wrong Product,3548.28
907958,587494,2025-02-24,Poor Quality,1854.86
907959,587498,2026-01-01,Poor Quality,805.41
907960,587499,2025-03-25,Damaged,129.64
907961,587547,2025-01-04,Not as Described,761.32
907962,587554,2026-06-13,Late Delivery,205.05
907963,587565,2025-03-28,Poor Quality,1239.45
907964,587577,2025-04-10,Poor Quality,881.22
907965,587579,2025-09-29,Unknown,2325.4
907966,587594,2025-04-29,Poor Quality,1683.91
907967,587616,2025-10-30,Poor Quality,748.02
907968,587626,2026-03-13,Damaged,256.89
907969,587648,2026-02-06,Poor Quality,1258.03
907970,587666,2026-02-14,Late Delivery,1738.33
907971,587683,2026-01-09,Not as Described,242.79
907972,587685,2025-05-28,Not as Described,448.85
907973,587695,2026-06-30,Wrong Product,1597.21
907974,587696,2026-01-16,Not as Described,1014.48
907975,587699,2025-09-10,Not as Described,667.08
907976,587702,2025-11-18,Changed Mind,204.09
907977,587708,2025-06-06,Not as Described,2311.64
907978,587716,2026-04-26,Poor Quality,1380.82
907979,587727,2025-05-15,Poor Quality,317.75
907980,587741,2025-07-10,Not as Described,2243.25
907981,587752,2026-03-04,Wrong Product,2566.87
907982,587779,2025-04-27,Poor Quality,274.01
907983,587790,2025-11-10,Changed Mind,324.34
907984,587791,2025-02-12,Poor Quality,160.04
907985,587800,2025-09-05,Poor Quality,536.86
907986,587812,2026-02-10,Late Delivery,2221.49
907987,587824,2025-02-02,Damaged,1096.58
907988,587839,2025-07-05,Poor Quality,2283.54
907989,587853,2025-02-22,Wrong Product,865.95
907990,587872,2026-07-12,Not as Described,1068.82
907991,587896,2026-05-02,Not as Described,323.88
907992,587905,2026-01-18,Poor Quality,4913.83
907993,587909,2025-06-24,Changed Mind,916.99
907994,587917,2025-09-03,Late Delivery,1911.74
907995,587922,2025-07-17,Damaged,890.25
907996,587927,2025-04-12,Damaged,1797.64
907997,587933,2025-12-16,Late Delivery,3235.7
907998,587949,2025-03-01,Not as Described,1155.51
907999,587987,2025-08-25,Not as Described,1166.25
908000,587991,2025-04-13,Not as Described,3250.69
908001,588026,2025-08-28,Not as Described,2895.73
908002,588028,2026-04-02,Poor Quality,270.93
908003,588030,2025-02-14,Poor Quality,3947.89
908004,588042,2026-02-23,Wrong Product,977.74
908005,588049,2025-08-18,Not as Described,1250.35
908006,588063,2026-03-16,Late Delivery,1615.37
908007,588070,2025-10-12,Damaged,1866.33
908008,588071,2026-05-29,Poor Quality,2240.56
908009,588078,2026-05-07,Changed Mind,1708.32
908010,588101,2026-02-13,Poor Quality,373.95
908011,588103,2025-11-19,Wrong Product,668.68
908012,588104,2025-12-30,Poor Quality,171.92
908013,588105,2025-02-04,Not as Described,242.17
908014,588120,2025-09-24,Changed Mind,736.77
908015,588127,2025-07-03,Wrong Product,2643.68
908016,588132,2026-02-27,Not as Described,1722.7
908017,588135,2026-04-16,Wrong Product,587.33
908018,588141,2025-11-18,Wrong Product,392.76
908019,588149,2026-07-24,Poor Quality,1250.96
908020,588152,2025-08-17,Poor Quality,3373.76
908021,588163,2025-04-14,Poor Quality,5735.6
908022,588164,2025-08-24,Changed Mind,1287.81
908023,588205,2026-02-10,Not as Described,1430.32
908024,588208,2026-03-08,Changed Mind,3330.39
908025,588210,2026-04-06,Poor Quality,3052.0
908026,588221,2025-05-02,Changed Mind,1318.58
908027,588228,2025-03-28,Unknown,2610.72
908028,588230,2025-11-02,Changed Mind,8031.76
908029,588234,2025-08-15,Poor Quality,91.55
908030,588242,2026-04-29,Wrong Product,460.99
908031,588249,2025-06-10,Wrong Product,2291.06
908032,588257,2026-05-14,Unknown,836.7
908033,588309,2026-06-22,Damaged,774.31
908034,588328,2025-08-27,Not as Described,3219.74
908035,588345,2026-04-10,Damaged,202.76
908036,588368,2025-03-07,Damaged,2957.3
908037,588381,2026-02-01,Poor Quality,3813.36
908038,588388,2025-08-30,Poor Quality,1538.74
908039,588393,2025-11-20,Not as Described,4072.55
908040,588404,2025-04-12,Poor Quality,1279.21
908041,588409,2025-10-02,Unknown,1005.19
908042,588413,2025-07-22,Wrong Product,2558.99
908043,588420,2025-07-29,Changed Mind,1422.59
908044,588448,2026-01-18,Damaged,1248.28
908045,588460,2025-02-21,Poor Quality,1339.47
908046,588487,2026-07-12,Poor Quality,779.06
908047,588498,2025-01-05,Poor Quality,446.33
908048,588500,2025-02-18,Late Delivery,1274.54
908049,588505,2026-07-09,Changed Mind,612.0
908050,588508,2025-02-07,Damaged,2418.48
908051,588534,2025-07-17,Not as Described,1313.03
908052,588543,2026-01-24,Wrong Product,1311.87
908053,588552,2025-09-30,Poor Quality,979.24
908054,588556,2026-04-23,Changed Mind,554.14
908055,588565,2026-04-11,Changed Mind,2048.08
908056,588583,2025-08-01,Damaged,1011.88
908057,588596,2025-10-16,Changed Mind,522.02
908058,588597,2025-06-04,Changed Mind,767.91
908059,588614,2025-06-21,Late Delivery,974.62
908060,588615,2025-03-25,Damaged,888.03
908061,588629,2025-02-24,Late Delivery,1195.82
908062,588643,2025-03-11,Not as Described,2234.06
908063,588645,2025-10-18,Damaged,1069.86
908064,588650,2026-04-07,Damaged,2316.64
908065,588654,2026-01-10,Damaged,288.44
908066,588666,2025-01-15,Changed Mind,731.09
908067,588686,2026-05-25,Poor Quality,277.96
908068,588693,2025-06-26,Damaged,632.37
908069,588701,2026-03-26,Late Delivery,3569.69
908070,588718,2025-03-29,Poor Quality,475.71
908071,588731,2026-06-14,Damaged,833.81
908072,588744,2025-12-31,Poor Quality,2183.37
908073,588747,2026-07-04,Late Delivery,518.33
908074,588754,2025-06-11,Not as Described,520.59
908075,588757,2026-04-19,Wrong Product,926.14
908076,588758,2026-06-20,Changed Mind,1357.5
908077,588772,2025-02-15,Damaged,15361.45
908078,588791,2026-03-01,Poor Quality,2771.87
908079,588808,2025-12-17,Poor Quality,1492.66
908080,588843,2026-05-09,Poor Quality,1257.46
908081,588860,2025-02-19,Late Delivery,146.91
908082,588867,2026-06-11,Damaged,307.04
908083,588874,2026-03-17,Poor Quality,4634.33
908084,588889,2025-05-18,Poor Quality,1287.2
908085,588890,2026-06-23,Damaged,1517.36
908086,588909,2026-05-30,Changed Mind,3971.23
908087,588947,2026-02-12,Changed Mind,7769.41
908088,588952,2025-10-08,Poor Quality,653.1
908089,588954,2025-03-10,Wrong Product,3716.64
908090,588955,2026-03-27,Damaged,537.1
908091,588957,2026-04-07,Not as Described,1316.42
908092,588960,2025-06-13,Wrong Product,1581.94
908093,588983,2026-06-12,Wrong Product,2894.11
908094,588994,2025-10-05,Not as Described,512.69
908095,589000,2025-08-30,Damaged,1983.87
908096,589004,2026-07-19,Changed Mind,381.66
908097,589020,2025-10-24,Changed Mind,665.51
908098,589022,2025-02-12,Damaged,2427.23
908099,589031,2025-02-21,Wrong Product,1900.11
908100,589033,2025-07-08,Poor Quality,735.05
908101,589040,2025-06-12,Poor Quality,45.81
908102,589059,2025-07-16,Not as Described,888.83
908103,589074,2025-12-18,Not as Described,666.69
908104,589079,2025-08-11,Not as Described,631.02
908105,589103,2025-03-04,Not as Described,575.76
908106,589105,2025-07-13,Not as Described,2879.21
908107,589117,2026-03-18,Not as Described,413.26
908108,589120,2025-11-10,Unknown,675.33
908109,589128,2025-02-24,Poor Quality,4659.95
908110,589133,2025-06-10,Not as Described,716.83
908111,589136,2026-03-03,Poor Quality,1093.6
908112,589140,2025-03-27,Not as Described,318.82
908113,589175,2025-12-25,Late Delivery,65.57
908114,589181,2026-01-14,Damaged,94.41
908115,589202,2026-03-30,Wrong Product,1462.43
908116,589203,2025-09-18,Poor Quality,784.22
908117,589231,2026-03-19,Not as Described,986.44
908118,589257,2025-10-26,Wrong Product,1573.66
908119,589299,2026-01-21,Wrong Product,727.77
908120,589312,2025-11-11,Poor Quality,417.53
908121,589323,2025-01-22,Not as Described,1456.89
908122,589332,2026-07-02,Wrong Product,1219.34
908123,589333,2025-05-02,Not as Described,601.73
908124,589336,2025-04-01,Poor Quality,4810.46
908125,589340,2026-06-11,Poor Quality,433.65
908126,589349,2025-06-27,Not as Described,3409.18
908127,589359,2026-01-19,Not as Described,222.17
908128,589373,2026-01-21,Late Delivery,1474.83
908129,589391,2025-01-18,Poor Quality,302.64
908130,589399,2026-03-21,Poor Quality,938.93
908131,589435,2025-01-26,Late Delivery,1306.77
908132,589444,2025-06-29,Not as Described,735.88
908133,589445,2025-05-10,Poor Quality,234.54
908134,589481,2026-04-22,Late Delivery,5589.92
908135,589490,2025-07-14,Wrong Product,3518.03
908136,589496,2025-10-20,Damaged,11015.78
908137,589516,2026-05-09,Changed Mind,1524.58
908138,589526,2025-05-26,Poor Quality,2215.01
908139,589535,2026-04-18,Poor Quality,1313.58
908140,589549,2026-03-14,Changed Mind,279.0
908141,589555,2026-03-13,Damaged,864.94
908142,589569,2025-08-02,Changed Mind,915.78
908143,589580,2025-06-14,Unknown,1638.28
908144,589590,2025-08-25,Poor Quality,12427.89
908145,589593,2025-10-07,Damaged,884.71
908146,589594,2025-10-27,Wrong Product,1085.52
908147,589613,2025-11-04,Poor Quality,933.33
908148,589622,2025-08-28,Wrong Product,351.75
908149,589637,2025-10-12,Poor Quality,1386.49
908150,589643,2025-03-22,Unknown,457.29
908151,589663,2025-04-04,Wrong Product,752.2
908152,589676,2026-07-05,Poor Quality,407.28
908153,589686,2025-04-25,Wrong Product,17421.63
908154,589687,2025-12-07,Damaged,1151.52
908155,589728,2026-01-28,Poor Quality,1288.44
908156,589734,2025-04-12,Changed Mind,1169.6
908157,589741,2026-04-10,Not as Described,212.75
908158,589756,2025-12-07,Damaged,422.72
908159,589773,2026-05-22,Poor Quality,1781.21
908160,589788,2025-05-12,Not as Described,2733.96
908161,589790,2025-03-20,Poor Quality,1836.91
908162,589800,2025-05-04,Wrong Product,3734.54
908163,589802,2025-11-25,Damaged,314.41
908164,589803,2025-03-30,Changed Mind,466.49
908165,589813,2025-08-20,Changed Mind,254.97
908166,589817,2025-03-22,Late Delivery,465.17
908167,589829,2025-09-13,Wrong Product,1691.72
908168,589844,2025-05-12,Wrong Product,1770.63
908169,589845,2026-05-03,Late Delivery,853.17
908170,589850,2026-05-09,Wrong Product,551.43
908171,589859,2025-05-04,Not as Described,916.57
908172,589876,2026-06-17,Poor Quality,5523.12
908173,589906,2025-08-24,Damaged,2900.82
908174,589917,2025-03-20,Damaged,4376.8
908175,589918,2025-04-24,Poor Quality,831.84
908176,589936,2026-04-16,Poor Quality,405.25
908177,589938,2025-06-05,Damaged,1242.51
908178,589940,2025-07-16,Poor Quality,575.2
908179,589958,2026-03-02,Not as Described,2370.47
908180,589970,2025-06-30,Damaged,1120.26
908181,589974,2025-01-21,Damaged,1599.83
908182,589980,2026-04-06,Damaged,1717.57
908183,589994,2026-02-04,Not as Described,175.33
908184,589998,2025-03-25,Poor Quality,1543.75
908185,590008,2025-10-15,Poor Quality,235.5
908186,590051,2025-04-19,Poor Quality,602.6
908187,590053,2025-11-09,Poor Quality,175.36
908188,590062,2025-10-17,Poor Quality,694.13
908189,590067,2025-12-19,Not as Described,4588.33
908190,590078,2025-08-14,Changed Mind,3393.23
908191,590096,2026-06-26,Late Delivery,1120.64
908192,590106,2025-04-23,Wrong Product,864.89
908193,590109,2025-07-18,Not as Described,259.09
908194,590113,2025-07-05,Not as Described,2285.96
908195,590118,2026-03-24,Damaged,221.38
908196,590120,2026-02-17,Not as Described,574.81
908197,590124,2025-02-10,Late Delivery,338.26
908198,590134,2025-02-16,Poor Quality,891.3
908199,590146,2025-10-06,Poor Quality,340.83
908200,590150,2026-02-26,Damaged,4754.01
908201,590163,2025-05-16,Wrong Product,2986.99
908202,590172,2025-06-12,Changed Mind,928.97
908203,590176,2025-09-26,Not as Described,1541.08
908204,590181,2025-02-17,Not as Described,4005.04
908205,590185,2026-06-18,Changed Mind,751.4
908206,590198,2025-06-29,Damaged,796.63
908207,590231,2025-10-14,Late Delivery,1801.42
908208,590241,2026-04-03,Wrong Product,267.15
908209,590249,2025-02-15,Damaged,754.38
908210,590261,2026-04-28,Damaged,1638.12
908211,590273,2026-07-05,Poor Quality,4973.3
908212,590289,2026-05-11,Not as Described,646.69
908213,590295,2025-04-29,Not as Described,1516.74
908214,590316,2026-05-12,Poor Quality,2804.52
908215,590319,2025-05-28,Wrong Product,4203.19
908216,590340,2025-04-03,Not as Described,77.49
908217,590346,2025-12-08,Poor Quality,298.41
908218,590356,2025-07-28,Poor Quality,114.08
908219,590364,2025-04-15,Late Delivery,2532.63
908220,590368,2025-12-14,Damaged,583.8
908221,590387,2025-10-19,Damaged,1327.79
908222,590392,2025-06-03,Changed Mind,1428.45
908223,590399,2025-10-15,Wrong Product,1145.55
908224,590405,2025-05-19,Poor Quality,642.22
908225,590408,2026-06-30,Unknown,656.79
908226,590418,2026-06-10,Late Delivery,167.43
908227,590430,2026-06-03,Damaged,2991.8
908228,590452,2025-10-26,Damaged,2985.09
908229,590455,2025-02-25,Wrong Product,1475.63
908230,590466,2025-05-20,Wrong Product,280.31
908231,590501,2026-03-06,Changed Mind,260.74
908232,590504,2025-10-09,Changed Mind,1521.37
908233,590512,2025-07-24,Not as Described,1551.39
908234,590522,2025-12-19,Wrong Product,139.65
908235,590524,2025-02-27,Late Delivery,349.42
908236,590532,2025-06-13,Poor Quality,490.82
908237,590543,2026-04-02,Poor Quality,4093.77
908238,590549,2026-04-04,Late Delivery,1032.39
908239,590560,2025-01-22,Damaged,1947.8
908240,590568,2025-09-23,Poor Quality,2289.87
908241,590579,2025-07-28,Late Delivery,2263.28
908242,590585,2025-04-12,Changed Mind,990.44
908243,590594,2025-02-16,Poor Quality,472.89
908244,590633,2026-06-28,Poor Quality,1096.02
908245,590638,2025-06-20,Late Delivery,1123.23
908246,590647,2026-05-17,Damaged,611.8
908247,590650,2025-11-22,Changed Mind,1785.44
908248,590671,2025-10-12,Poor Quality,2613.4
908249,590681,2025-03-03,Not as Described,954.64
908250,590694,2026-03-28,Changed Mind,883.18
908251,590721,2026-02-26,Unknown,665.7
908252,590734,2026-05-01,Late Delivery,361.21
908253,590739,2026-05-12,Not as Described,743.26
908254,590755,2025-04-11,Wrong Product,1880.02
908255,590756,2025-03-24,Not as Described,723.01
908256,590763,2026-07-22,Poor Quality,3562.19
908257,590792,2025-06-13,Damaged,2432.94
908258,590798,2025-10-23,Damaged,1255.84
908259,590804,2026-02-06,Poor Quality,4787.61
908260,590833,2026-02-02,Changed Mind,3339.34
908261,590846,2026-05-02,Changed Mind,715.57
908262,590862,2025-08-12,Wrong Product,451.85
908263,590864,2025-04-20,Not as Described,2643.91
908264,590909,2025-11-26,Poor Quality,229.4
908265,590911,2025-07-03,Wrong Product,5460.56
908266,590917,2025-02-10,Not as Described,375.63
908267,590920,2026-04-22,Damaged,468.56
908268,590933,2026-02-11,Changed Mind,245.06
908269,590945,2026-06-27,Changed Mind,367.15
908270,590947,2025-07-06,Late Delivery,1094.42
908271,590955,2026-04-25,Not as Described,1669.21
908272,590978,2026-01-11,Poor Quality,2396.37
908273,591007,2025-04-17,Not as Described,3203.89
908274,591021,2025-04-18,Poor Quality,1066.94
908275,591025,2026-02-05,Poor Quality,239.75
908276,591029,2025-06-22,Poor Quality,1152.19
908277,591044,2026-01-30,Wrong Product,2756.97
908278,591070,2025-07-18,Not as Described,619.77
908279,591078,2026-02-25,Poor Quality,420.44
908280,591098,2026-07-18,Wrong Product,2198.5
908281,591100,2025-10-07,Damaged,223.99
908282,591114,2026-03-21,Poor Quality,2657.41
908283,591123,2026-05-28,Damaged,2428.14
908284,591151,2025-08-22,Unknown,1809.5
908285,591161,2025-08-11,Changed Mind,515.41
908286,591164,2026-04-18,Wrong Product,1638.15
908287,591165,2025-05-18,Not as Described,984.03
908288,591184,2026-04-11,Poor Quality,253.07
908289,591187,2025-05-04,Wrong Product,445.53
908290,591196,2025-08-10,Wrong Product,338.04
908291,591200,2026-06-27,Not as Described,16455.0
908292,591205,2025-10-10,Changed Mind,3501.2
908293,591209,2025-05-07,Wrong Product,464.97
908294,591218,2026-04-15,Unknown,1513.36
908295,591234,2026-07-19,Not as Described,307.14
908296,591243,2026-02-27,Poor Quality,1655.62
908297,591247,2026-06-06,Poor Quality,1409.22
908298,591267,2025-07-15,Poor Quality,2999.05
908299,591275,2025-02-16,Poor Quality,4837.75
908300,591280,2026-01-11,Poor Quality,5671.14
908301,591281,2026-06-24,Wrong Product,1608.06
908302,591285,2026-05-21,Poor Quality,1181.34
908303,591300,2025-06-22,Changed Mind,1378.23
908304,591362,2026-01-25,Poor Quality,475.59
908305,591364,2025-12-27,Damaged,785.97
908306,591365,2025-10-15,Late Delivery,659.0
908307,591398,2026-02-26,Damaged,602.6
908308,591400,2025-03-23,Damaged,5629.33
908309,591419,2025-10-17,Poor Quality,1300.61
908310,591423,2025-07-03,Changed Mind,475.88
908311,591428,2025-12-29,Poor Quality,190.53
908312,591431,2025-06-23,Poor Quality,1888.7
908313,591433,2026-03-10,Not as Described,650.89
908314,591443,2025-03-19,Late Delivery,622.77
908315,591463,2026-04-02,Poor Quality,593.8
908316,591466,2025-01-17,Not as Described,639.97
908317,591488,2025-07-12,Not as Described,1704.63
908318,591497,2026-01-24,Wrong Product,4470.26
908319,591510,2025-04-22,Late Delivery,2170.13
908320,591512,2025-07-15,Poor Quality,1303.12
908321,591514,2025-12-29,Poor Quality,97.71
908322,591521,2025-09-05,Damaged,360.5
908323,591561,2026-07-07,Unknown,2210.06
908324,591583,2025-02-04,Poor Quality,1163.44
908325,591585,2026-05-01,Changed Mind,2114.9
908326,591599,2026-06-29,Not as Described,664.45
908327,591624,2025-08-01,Poor Quality,1580.85
908328,591628,2025-07-31,Late Delivery,133.7
908329,591644,2026-04-12,Wrong Product,106.79
908330,591659,2025-03-13,Late Delivery,1247.24
908331,591665,2025-03-18,Late Delivery,998.43
908332,591667,2025-06-28,Late Delivery,1236.61
908333,591680,2026-02-06,Poor Quality,1318.84
908334,591688,2025-05-09,Damaged,380.65
908335,591719,2026-01-22,Damaged,1443.75
908336,591723,2025-12-21,Poor Quality,66.28
908337,591724,2025-11-16,Changed Mind,1602.63
908338,591742,2026-06-11,Changed Mind,1818.04
908339,591765,2025-04-10,Late Delivery,1928.09
908340,591781,2025-04-02,Poor Quality,258.71
908341,591807,2025-05-07,Not as Described,1116.17
908342,591809,2025-11-04,Poor Quality,1366.26
908343,591818,2025-03-01,Wrong Product,1123.32
908344,591824,2025-05-23,Late Delivery,2415.26
908345,591827,2026-05-13,Late Delivery,603.54
908346,591829,2025-05-10,Not as Described,5921.26
908347,591852,2026-04-30,Changed Mind,5972.04
908348,591855,2025-05-19,Damaged,5358.09
908349,591879,2026-01-28,Poor Quality,3153.12
908350,591888,2025-11-19,Late Delivery,582.11
908351,591894,2025-10-10,Damaged,281.23
908352,591896,2026-06-15,Poor Quality,913.68
908353,591898,2025-04-29,Wrong Product,632.57
908354,591902,2025-05-26,Changed Mind,231.81
908355,591903,2026-03-16,Poor Quality,3478.61
908356,591904,2025-08-12,Late Delivery,1207.12
908357,591928,2025-04-11,Poor Quality,837.02
908358,591930,2025-07-03,Damaged,1125.05
908359,591947,2026-05-22,Poor Quality,1684.36
908360,591955,2025-07-11,Damaged,1293.48
908361,591970,2026-03-16,Poor Quality,820.67
908362,591986,2026-01-30,Late Delivery,293.23
908363,591992,2026-07-09,Wrong Product,3615.19
908364,591994,2026-07-24,Not as Described,774.78
908365,592019,2026-01-31,Late Delivery,182.61
908366,592034,2026-02-21,Poor Quality,2197.83
908367,592057,2025-09-16,Poor Quality,426.44
908368,592088,2026-02-04,Poor Quality,685.16
908369,592121,2025-05-18,Changed Mind,1621.82
908370,592122,2025-09-09,Not as Described,2072.19
908371,592133,2025-08-13,Damaged,3714.29
908372,592138,2025-03-22,Damaged,5515.49
908373,592154,2025-09-01,Poor Quality,391.85
908374,592158,2026-07-23,Changed Mind,1582.83
908375,592167,2025-08-22,Wrong Product,5375.76
908376,592170,2025-05-06,Damaged,1317.28
908377,592188,2026-01-24,Damaged,302.21
908378,592193,2025-03-24,Not as Described,2304.97
908379,592217,2025-11-23,Late Delivery,632.9
908380,592228,2026-03-02,Poor Quality,1752.48
908381,592233,2026-04-25,Not as Described,2237.7
908382,592244,2026-02-14,Damaged,3291.11
908383,592251,2025-12-31,Poor Quality,1191.7
908384,592254,2025-12-18,Damaged,3635.6
908385,592258,2025-05-21,Wrong Product,1273.46
908386,592283,2025-12-20,Damaged,46.72
908387,592284,2025-06-17,Late Delivery,988.63
908388,592323,2026-05-06,Changed Mind,908.01
908389,592342,2026-02-16,Poor Quality,773.84
908390,592344,2025-10-20,Poor Quality,1638.9
908391,592347,2025-04-18,Damaged,922.36
908392,592366,2025-05-27,Late Delivery,653.29
908393,592374,2025-10-06,Wrong Product,879.94
908394,592408,2026-04-21,Wrong Product,2496.14
908395,592422,2025-10-06,Changed Mind,3052.63
908396,592426,2025-07-18,Changed Mind,1572.09
908397,592439,2026-01-15,Damaged,630.14
908398,592453,2025-04-25,Poor Quality,1154.4
908399,592471,2026-03-07,Poor Quality,682.33
908400,592489,2026-03-21,Not as Described,448.91
908401,592494,2025-06-21,Not as Described,1565.8
908402,592496,2025-08-01,Poor Quality,1798.22
908403,592519,2025-08-07,Not as Described,328.02
908404,592528,2025-01-10,Unknown,418.72
908405,592547,2025-01-24,Not as Described,833.64
908406,592565,2025-09-26,Poor Quality,1845.16
908407,592566,2025-05-10,Unknown,557.99
908408,592567,2025-02-09,Damaged,988.55
908409,592585,2026-07-10,Wrong Product,881.66
908410,592599,2026-01-15,Poor Quality,3921.06
908411,592606,2026-03-06,Not as Described,1138.85
908412,592639,2025-01-21,Poor Quality,118.64
908413,592644,2026-06-17,Wrong Product,2736.2
908414,592645,2026-03-26,Damaged,64.23
908415,592698,2026-01-04,Poor Quality,5418.65
908416,592704,2026-05-18,Late Delivery,481.59
908417,592715,2026-06-25,Late Delivery,647.58
908418,592721,2025-08-29,Late Delivery,115.7
908419,592766,2025-09-03,Wrong Product,433.51
908420,592777,2026-05-01,Poor Quality,477.94
908421,592799,2026-07-01,Late Delivery,1797.04
908422,592886,2025-06-23,Not as Described,87.62
908423,592896,2026-05-11,Damaged,1558.99
908424,592899,2026-02-08,Changed Mind,939.55
908425,592911,2025-04-17,Late Delivery,421.34
908426,592925,2025-06-24,Late Delivery,1664.57
908427,592930,2025-09-03,Damaged,1717.17
908428,592931,2025-11-20,Late Delivery,2171.38
908429,592936,2026-06-10,Poor Quality,539.4
908430,592964,2025-11-07,Unknown,1973.16
908431,592978,2025-11-05,Not as Described,388.63
908432,592991,2025-06-23,Damaged,244.02
908433,592992,2025-03-03,Poor Quality,1608.69
908434,592993,2026-06-18,Changed Mind,2453.59
908435,593017,2026-06-04,Damaged,4113.77
908436,593023,2026-05-23,Poor Quality,2016.19
908437,593027,2025-10-09,Not as Described,1403.05
908438,593035,2026-05-31,Damaged,1309.39
908439,593050,2025-12-19,Damaged,1397.84
908440,593059,2025-01-30,Poor Quality,948.71
908441,593079,2025-08-29,Damaged,626.94
908442,593082,2026-01-29,Not as Described,835.74
908443,593095,2026-02-25,Not as Described,1198.16
908444,593104,2025-08-29,Late Delivery,747.01
908445,593129,2026-03-02,Poor Quality,680.62
908446,593151,2026-02-16,Changed Mind,1004.54
908447,593157,2025-04-30,Late Delivery,957.68
908448,593165,2026-07-07,Not as Described,144.93
908449,593175,2025-12-15,Unknown,1621.67
908450,593179,2025-12-19,Not as Described,2283.7
908451,593181,2025-12-15,Damaged,351.69
908452,593192,2025-05-20,Not as Described,662.69
908453,593194,2026-06-07,Late Delivery,172.2
908454,593230,2026-04-05,Changed Mind,2878.4
908455,593237,2025-08-14,Not as Described,796.11
908456,593243,2025-09-04,Late Delivery,1712.5
908457,593248,2025-06-05,Not as Described,340.96
908458,593258,2026-06-02,Late Delivery,746.46
908459,593269,2025-07-22,Damaged,1159.28
908460,593275,2026-06-21,Changed Mind,492.98
908461,593276,2025-12-15,Late Delivery,315.8
908462,593285,2025-01-23,Damaged,1396.73
908463,593290,2025-02-17,Damaged,7385.46
908464,593317,2026-04-03,Wrong Product,2101.68
908465,593330,2025-10-30,Damaged,2350.39
908466,593340,2026-01-27,Late Delivery,680.81
908467,593346,2025-09-24,Wrong Product,2219.69
908468,593350,2025-03-04,Late Delivery,7218.63
908469,593357,2025-08-17,Not as Described,757.94
908470,593364,2026-05-22,Late Delivery,1340.78
908471,593397,2025-07-21,Damaged,885.0
908472,593402,2025-10-20,Poor Quality,124.26
908473,593405,2026-05-07,Late Delivery,850.38
908474,593406,2025-05-05,Wrong Product,3798.75
908475,593408,2026-01-15,Damaged,1351.21
908476,593425,2025-03-27,Damaged,3551.46
908477,593426,2026-01-28,Late Delivery,3013.59
908478,593437,2026-06-17,Poor Quality,5058.59
908479,593457,2025-09-07,Not as Described,1292.23
908480,593458,2026-07-01,Poor Quality,7764.89
908481,593473,2026-06-13,Poor Quality,635.59
908482,593476,2025-10-26,Late Delivery,1205.22
908483,593489,2026-06-19,Wrong Product,845.2
908484,593492,2025-07-21,Poor Quality,549.07
908485,593494,2025-01-20,Not as Described,1167.41
908486,593507,2025-03-01,Changed Mind,911.56
908487,593508,2025-09-02,Late Delivery,2487.35
908488,593529,2026-05-12,Wrong Product,6834.35
908489,593531,2025-12-26,Poor Quality,2340.79
908490,593533,2026-07-09,Wrong Product,624.64
908491,593535,2026-03-20,Changed Mind,785.59
908492,593550,2025-06-06,Poor Quality,407.37
908493,593552,2025-09-20,Changed Mind,401.66
908494,593562,2026-01-24,Late Delivery,2330.65
908495,593569,2026-01-02,Poor Quality,694.45
908496,593578,2026-04-02,Poor Quality,838.81
908497,593585,2026-02-12,Unknown,75.85
908498,593587,2026-05-01,Poor Quality,4475.46
908499,593600,2025-07-29,Not as Described,265.25
908500,593607,2025-06-11,Damaged,2129.16
908501,593622,2025-04-05,Unknown,2368.34
908502,593625,2025-11-20,Changed Mind,417.94
908503,593637,2025-11-15,Not as Described,148.96
908504,593638,2026-02-24,Damaged,393.58
908505,593653,2025-06-27,Poor Quality,2718.59
908506,593655,2025-05-30,Poor Quality,2440.11
908507,593691,2026-07-17,Late Delivery,349.45
908508,593712,2025-02-25,Poor Quality,1375.04
908509,593716,2025-02-22,Not as Described,2849.65
908510,593729,2026-05-03,Poor Quality,145.14
908511,593730,2025-08-11,Poor Quality,1666.89
908512,593733,2025-02-19,Not as Described,1296.02
908513,593736,2025-10-25,Not as Described,990.92
908514,593757,2025-11-25,Damaged,551.34
908515,593767,2025-01-26,Poor Quality,1482.61
908516,593777,2025-07-21,Not as Described,3037.66
908517,593785,2026-07-09,Wrong Product,221.92
908518,593811,2025-04-23,Not as Described,178.04
908519,593827,2025-10-31,Poor Quality,3142.59
908520,593831,2026-03-28,Changed Mind,469.75
908521,593833,2025-08-13,Wrong Product,1089.1
908522,593834,2025-10-22,Not as Described,5192.72
908523,593841,2026-04-21,Damaged,974.05
908524,593847,2025-02-04,Damaged,2617.84
908525,593858,2025-11-06,Wrong Product,803.09
908526,593870,2025-07-08,Changed Mind,1150.9
908527,593873,2025-04-07,Changed Mind,1032.16
908528,593897,2025-05-06,Damaged,1574.94
908529,593914,2026-04-25,Changed Mind,555.96
908530,593935,2026-01-21,Wrong Product,493.45
908531,593955,2025-07-07,Poor Quality,788.83
908532,593959,2025-03-21,Poor Quality,494.53
908533,593975,2025-05-14,Poor Quality,613.69
908534,593994,2025-08-31,Damaged,1643.37
908535,593995,2026-05-10,Wrong Product,2036.52
908536,593997,2025-03-22,Not as Described,2418.18
908537,594008,2025-12-06,Poor Quality,628.03
908538,594015,2025-11-11,Damaged,1292.82
908539,594026,2025-10-08,Damaged,1074.56
908540,594057,2026-05-31,Poor Quality,209.8
908541,594060,2026-06-13,Late Delivery,219.16
908542,594064,2026-03-23,Changed Mind,1088.97
908543,594069,2026-07-19,Not as Described,861.81
908544,594097,2025-12-01,Changed Mind,730.3
908545,594109,2026-01-10,Late Delivery,601.13
908546,594119,2025-03-17,Poor Quality,1486.2
908547,594142,2025-09-07,Changed Mind,778.08
908548,594145,2025-04-07,Damaged,1244.06
908549,594146,2025-10-30,Wrong Product,11040.51
908550,594147,2025-12-06,Late Delivery,3851.93
908551,594168,2026-07-12,Poor Quality,336.2
908552,594169,2026-04-24,Not as Described,308.67
908553,594183,2025-11-13,Poor Quality,144.74
908554,594216,2025-10-20,Damaged,139.7
908555,594237,2025-01-15,Damaged,582.99
908556,594246,2026-02-27,Not as Described,1363.48
908557,594252,2025-12-14,Poor Quality,801.96
908558,594258,2025-02-08,Not as Described,2669.28
908559,594261,2025-05-21,Poor Quality,643.22
908560,594279,2026-03-29,Late Delivery,521.33
908561,594287,2025-03-05,Damaged,721.96
908562,594320,2026-04-20,Damaged,2438.02
908563,594321,2026-06-16,Wrong Product,2521.02
908564,594323,2026-03-27,Damaged,82.93
908565,594329,2025-04-11,Late Delivery,2223.73
908566,594330,2025-06-13,Poor Quality,1606.56
908567,594354,2025-09-30,Changed Mind,1073.1
908568,594370,2025-09-16,Not as Described,978.75
908569,594385,2026-07-17,Wrong Product,778.85
908570,594427,2025-05-06,Late Delivery,946.3
908571,594433,2026-06-30,Changed Mind,3911.03
908572,594449,2025-04-19,Changed Mind,471.12
908573,594459,2026-05-21,Late Delivery,324.58
908574,594466,2025-04-05,Poor Quality,482.24
908575,594468,2026-05-27,Changed Mind,264.16
908576,594472,2025-09-18,Poor Quality,3341.35
908577,594476,2025-11-15,Damaged,597.74
908578,594481,2026-07-13,Poor Quality,1499.95
908579,594484,2025-07-02,Wrong Product,3457.85
908580,594509,2026-07-05,Poor Quality,639.35
908581,594512,2025-11-11,Damaged,2932.94
908582,594516,2026-06-16,Damaged,860.79
908583,594532,2025-12-29,Damaged,1467.04
908584,594546,2025-09-12,Wrong Product,325.84
908585,594550,2025-09-22,Poor Quality,4201.63
908586,594553,2026-04-15,Poor Quality,394.16
908587,594557,2025-03-04,Wrong Product,851.51
908588,594569,2025-11-21,Changed Mind,530.8
908589,594581,2025-10-11,Changed Mind,10202.3
908590,594593,2026-01-07,Damaged,347.03
908591,594599,2025-04-08,Not as Described,1128.4
908592,594600,2026-04-11,Wrong Product,414.41
908593,594631,2025-11-29,Unknown,4166.15
908594,594660,2025-04-11,Damaged,86.11
908595,594665,2025-06-04,Damaged,7067.06
908596,594675,2025-07-03,Poor Quality,666.71
908597,594696,2025-02-08,Late Delivery,2458.25
908598,594699,2025-10-21,Damaged,2394.89
908599,594700,2025-09-20,Damaged,514.03
908600,594704,2026-03-05,Damaged,2435.46
908601,594709,2025-08-05,Late Delivery,1036.55
908602,594719,2026-07-16,Changed Mind,2517.04
908603,594723,2025-02-10,Poor Quality,743.56
908604,594739,2025-12-19,Wrong Product,4905.5
908605,594776,2025-01-22,Damaged,1601.74
908606,594777,2025-08-08,Late Delivery,1709.68
908607,594778,2026-03-26,Damaged,1144.12
908608,594779,2025-09-12,Wrong Product,614.25
908609,594781,2025-03-21,Poor Quality,757.63
908610,594783,2025-09-29,Poor Quality,2883.66
908611,594797,2025-10-09,Late Delivery,1034.79
908612,594816,2026-07-07,Not as Described,2148.11
908613,594844,2026-06-08,Late Delivery,180.73
908614,594845,2025-12-13,Unknown,15191.27
908615,594867,2026-01-30,Poor Quality,2592.23
908616,594885,2025-09-16,Not as Described,3910.48
908617,594889,2025-02-22,Wrong Product,1669.09
908618,594891,2025-10-30,Poor Quality,1145.01
908619,594895,2025-08-21,Damaged,1092.26
908620,594932,2025-11-28,Changed Mind,608.0
908621,594938,2025-02-16,Poor Quality,251.56
908622,594947,2026-05-29,Unknown,1950.87
908623,594967,2025-09-14,Wrong Product,202.99
908624,594972,2026-07-01,Poor Quality,2517.55
908625,594977,2025-04-16,Damaged,1437.56
908626,594982,2026-07-19,Poor Quality,805.4
908627,594987,2025-11-26,Poor Quality,615.29
908628,595019,2025-11-23,Unknown,2149.93
908629,595024,2025-09-22,Damaged,631.52
908630,595030,2026-06-29,Changed Mind,2331.94
908631,595041,2025-06-17,Damaged,531.97
908632,595044,2025-11-18,Poor Quality,959.21
908633,595055,2026-01-24,Not as Described,412.53
908634,595084,2025-09-14,Poor Quality,1358.04
908635,595087,2026-06-26,Late Delivery,1647.98
908636,595104,2025-07-29,Damaged,417.98
908637,595134,2025-12-25,Poor Quality,285.6
908638,595140,2025-01-11,Poor Quality,767.5
908639,595141,2025-01-22,Changed Mind,471.2
908640,595155,2025-04-07,Damaged,608.63
908641,595162,2025-07-21,Poor Quality,395.47
908642,595163,2026-06-05,Poor Quality,783.33
908643,595181,2026-04-08,Late Delivery,763.28
908644,595197,2026-02-08,Damaged,3195.19
908645,595207,2025-04-12,Poor Quality,504.03
908646,595213,2025-10-16,Damaged,317.95
908647,595214,2026-03-08,Poor Quality,8847.08
908648,595217,2025-11-26,Damaged,3416.92
908649,595247,2025-08-31,Not as Described,3350.77
908650,595261,2026-03-13,Late Delivery,313.65
908651,595264,2026-04-12,Late Delivery,1303.13
908652,595275,2025-06-16,Damaged,1403.01
908653,595315,2025-04-08,Damaged,1808.93
908654,595320,2026-07-09,Changed Mind,3871.74
908655,595325,2026-03-01,Changed Mind,1868.71
908656,595330,2026-04-02,Wrong Product,745.44
908657,595371,2026-06-25,Wrong Product,1345.12
908658,595373,2025-11-14,Wrong Product,429.36
908659,595409,2025-03-23,Damaged,1122.74
908660,595413,2026-01-30,Poor Quality,1866.44
908661,595453,2025-01-15,Wrong Product,600.89
908662,595471,2025-03-27,Poor Quality,1315.53
908663,595477,2025-06-11,Poor Quality,799.23
908664,595482,2026-06-20,Wrong Product,1130.64
908665,595501,2026-04-17,Late Delivery,669.55
908666,595518,2025-07-10,Poor Quality,320.58
908667,595531,2025-05-16,Unknown,4016.75
908668,595539,2026-03-08,Late Delivery,829.52
908669,595551,2026-04-12,Not as Described,919.59
908670,595552,2025-08-03,Poor Quality,2399.57
908671,595560,2025-09-10,Damaged,891.15
908672,595577,2026-03-16,Not as Described,752.56
908673,595582,2026-05-04,Poor Quality,681.68
908674,595587,2026-02-01,Damaged,5010.99
908675,595605,2025-03-04,Damaged,43.01
908676,595609,2026-04-21,Damaged,1370.15
908677,595619,2025-11-21,Damaged,653.41
908678,595630,2025-11-10,Wrong Product,1056.54
908679,595653,2026-02-21,Poor Quality,1679.77
908680,595659,2025-03-31,Damaged,252.09
908681,595694,2026-02-13,Late Delivery,3618.42
908682,595698,2025-05-08,Not as Described,3671.98
908683,595708,2026-05-07,Late Delivery,786.45
908684,595709,2025-04-17,Damaged,943.13
908685,595743,2025-11-25,Poor Quality,218.95
908686,595751,2025-07-11,Damaged,3134.87
908687,595753,2025-11-02,Poor Quality,1681.66
908688,595770,2026-02-03,Late Delivery,1004.6
908689,595781,2026-06-13,Not as Described,3250.72
908690,595785,2025-04-30,Unknown,3564.64
908691,595792,2025-10-17,Poor Quality,4253.15
908692,595802,2025-05-09,Poor Quality,856.38
908693,595810,2025-04-17,Poor Quality,3939.55
908694,595831,2026-06-20,Wrong Product,660.54
908695,595837,2025-10-11,Changed Mind,1186.26
908696,595854,2025-01-29,Not as Described,335.32
908697,595859,2025-07-20,Changed Mind,2175.51
908698,595862,2026-01-18,Damaged,106.22
908699,595865,2025-03-26,Late Delivery,3444.49
908700,595871,2026-05-03,Not as Described,763.91
908701,595878,2026-01-03,Poor Quality,1235.84
908702,595889,2025-11-23,Late Delivery,465.77
908703,595893,2025-03-01,Damaged,4697.58
908704,595895,2025-10-16,Wrong Product,2661.31
908705,595901,2025-04-14,Not as Described,2353.73
908706,595914,2026-02-03,Not as Described,4055.22
908707,595915,2026-03-10,Not as Described,987.05
908708,595931,2025-10-03,Late Delivery,512.32
908709,595945,2025-08-20,Damaged,2894.21
908710,595952,2025-10-26,Wrong Product,4140.97
908711,595956,2026-01-04,Not as Described,501.32
908712,595973,2025-10-07,Wrong Product,546.49
908713,595980,2025-12-08,Poor Quality,346.35
908714,595981,2025-12-24,Not as Described,751.65
908715,595982,2025-05-24,Late Delivery,4703.14
908716,595993,2026-01-09,Changed Mind,242.46
908717,595994,2025-08-12,Damaged,599.79
908718,595999,2025-05-02,Not as Described,211.51
908719,596019,2025-05-11,Not as Described,508.78
908720,596021,2025-06-03,Not as Described,749.74
908721,596038,2026-03-06,Poor Quality,217.39
908722,596041,2025-04-04,Late Delivery,1584.68
908723,596047,2026-06-18,Late Delivery,772.42
908724,596051,2025-02-06,Wrong Product,555.65
908725,596087,2025-12-30,Not as Described,190.19
908726,596107,2025-08-28,Not as Described,149.91
908727,596110,2025-11-13,Poor Quality,339.87
908728,596122,2025-04-16,Late Delivery,618.59
908729,596123,2025-11-24,Unknown,434.45
908730,596128,2025-11-23,Damaged,6260.44
908731,596131,2025-02-05,Poor Quality,378.97
908732,596132,2025-06-07,Not as Described,2581.2
908733,596139,2026-04-03,Late Delivery,337.61
908734,596154,2025-11-25,Poor Quality,614.86
908735,596168,2025-08-11,Late Delivery,851.18
908736,596180,2026-01-29,Poor Quality,1399.26
908737,596198,2026-04-11,Late Delivery,891.8
908738,596200,2025-05-16,Damaged,5675.1
908739,596203,2025-10-12,Wrong Product,276.99
908740,596229,2025-07-28,Not as Described,2796.73
908741,596236,2025-03-07,Late Delivery,2486.13
908742,596239,2025-10-12,Damaged,809.78
908743,596267,2025-07-12,Late Delivery,1774.51
908744,596297,2025-08-16,Not as Described,1830.54
908745,596298,2025-04-17,Not as Described,7831.27
908746,596306,2026-03-15,Damaged,6825.27
908747,596307,2025-03-14,Damaged,974.72
908748,596340,2025-07-08,Not as Described,1216.03
908749,596342,2025-06-10,Not as Described,1482.73
908750,596354,2025-09-12,Poor Quality,3349.01
908751,596356,2026-06-04,Damaged,340.4
908752,596358,2025-11-12,Damaged,319.62
908753,596362,2025-10-19,Wrong Product,380.09
908754,596363,2026-01-30,Poor Quality,747.18
908755,596364,2025-09-24,Not as Described,2054.43
908756,596372,2025-12-16,Changed Mind,1742.95
908757,596373,2026-05-10,Not as Described,366.19
908758,596388,2025-08-30,Late Delivery,669.54
908759,596403,2025-05-11,Damaged,3048.8
908760,596406,2026-01-20,Damaged,1662.5
908761,596419,2026-07-12,Changed Mind,2204.27
908762,596421,2025-04-27,Damaged,698.79
908763,596427,2025-05-13,Late Delivery,309.69
908764,596438,2025-08-20,Not as Described,559.82
908765,596449,2025-02-06,Not as Described,500.12
908766,596452,2025-02-27,Poor Quality,184.95
908767,596461,2026-01-07,Changed Mind,763.37
908768,596467,2025-05-06,Not as Described,1848.47
908769,596468,2026-01-02,Poor Quality,492.41
908770,596470,2025-02-26,Poor Quality,3927.94
908771,596500,2025-03-19,Wrong Product,848.73
908772,596520,2025-07-31,Poor Quality,1359.17
908773,596521,2025-05-12,Changed Mind,909.05
908774,596522,2025-03-30,Poor Quality,612.7
908775,596524,2025-03-05,Damaged,306.77
908776,596531,2026-05-05,Late Delivery,2385.45
908777,596537,2025-05-08,Late Delivery,620.42
908778,596547,2026-06-24,Changed Mind,810.16
908779,596561,2026-02-14,Damaged,1619.83
908780,596563,2026-05-05,Changed Mind,804.56
908781,596566,2025-07-15,Wrong Product,1228.33
908782,596568,2025-11-11,Damaged,209.48
908783,596577,2025-07-18,Late Delivery,1189.31
908784,596586,2025-09-11,Late Delivery,2495.95
908785,596597,2025-03-23,Damaged,858.12
908786,596598,2025-10-15,Changed Mind,671.61
908787,596609,2025-02-19,Poor Quality,5653.16
908788,596626,2025-03-03,Poor Quality,81.72
908789,596627,2025-09-30,Unknown,605.4
908790,596632,2026-02-03,Not as Described,1518.34
908791,596635,2026-03-14,Wrong Product,1828.07
908792,596640,2026-06-29,Damaged,2555.09
908793,596644,2025-08-10,Poor Quality,89.02
908794,596648,2025-05-24,Late Delivery,2623.82
908795,596663,2025-04-17,Wrong Product,322.45
908796,596674,2025-04-25,Damaged,1258.41
908797,596688,2026-06-24,Late Delivery,1693.61
908798,596694,2026-02-27,Changed Mind,767.92
908799,596701,2026-02-20,Poor Quality,1013.64
908800,596702,2025-07-18,Poor Quality,1684.49
908801,596721,2025-03-29,Not as Described,1437.38
908802,596740,2025-11-07,Damaged,976.96
908803,596757,2026-06-21,Changed Mind,536.02
908804,596767,2025-12-12,Poor Quality,705.29
908805,596769,2025-01-25,Poor Quality,696.48
908806,596782,2025-09-04,Poor Quality,148.47
908807,596788,2026-05-16,Late Delivery,593.93
908808,596795,2025-05-28,Poor Quality,2132.39
908809,596799,2025-02-15,Poor Quality,1062.05
908810,596816,2026-05-25,Late Delivery,693.86
908811,596826,2025-05-16,Wrong Product,867.49
908812,596835,2025-04-25,Wrong Product,1484.53
908813,596843,2025-07-28,Wrong Product,1300.67
908814,596844,2026-01-15,Damaged,643.44
908815,596846,2025-11-04,Unknown,4075.48
908816,596876,2025-05-23,Poor Quality,344.56
908817,596890,2025-05-06,Not as Described,665.51
908818,596904,2025-07-05,Late Delivery,2143.35
908819,596907,2026-03-25,Not as Described,1532.81
908820,596922,2025-05-20,Wrong Product,2573.55
908821,596924,2026-06-26,Damaged,661.64
908822,596931,2026-01-28,Damaged,224.61
908823,596941,2025-05-12,Not as Described,454.8
908824,596943,2026-01-28,Wrong Product,478.93
908825,596949,2025-03-28,Not as Described,1050.62
908826,596970,2026-04-27,Poor Quality,766.66
908827,596972,2025-12-11,Changed Mind,1009.03
908828,596975,2026-03-18,Not as Described,824.26
908829,597004,2025-10-22,Poor Quality,1701.35
908830,597040,2025-08-11,Not as Described,661.82
908831,597097,2026-02-04,Damaged,586.32
908832,597099,2025-08-03,Wrong Product,9225.06
908833,597110,2025-10-18,Poor Quality,650.25
908834,597114,2026-02-27,Damaged,212.0
908835,597127,2025-12-09,Damaged,312.76
908836,597149,2026-01-14,Changed Mind,5656.27
908837,597154,2026-07-10,Changed Mind,2502.91
908838,597155,2026-06-07,Changed Mind,929.76
908839,597166,2026-05-23,Damaged,2285.2
908840,597188,2025-08-14,Damaged,585.86
908841,597200,2026-03-06,Poor Quality,6114.09
908842,597217,2026-04-14,Poor Quality,701.26
908843,597225,2025-10-16,Not as Described,8067.29
908844,597227,2026-01-21,Changed Mind,2188.55
908845,597228,2026-04-19,Wrong Product,348.62
908846,597230,2025-03-01,Late Delivery,615.84
908847,597235,2025-12-29,Poor Quality,2935.99
908848,597241,2026-02-25,Poor Quality,647.12
908849,597242,2026-03-13,Late Delivery,938.96
908850,597250,2025-03-28,Damaged,972.26
908851,597277,2025-08-23,Changed Mind,367.31
908852,597280,2025-03-28,Late Delivery,6324.76
908853,597303,2025-08-10,Not as Described,351.77
908854,597333,2025-03-13,Poor Quality,1981.87
908855,597336,2026-01-06,Poor Quality,1897.17
908856,597341,2025-06-28,Poor Quality,1053.91
908857,597347,2025-03-30,Changed Mind,1850.72
908858,597353,2025-10-09,Poor Quality,1358.18
908859,597360,2025-01-14,Wrong Product,15375.48
908860,597380,2025-06-18,Poor Quality,1088.31
908861,597391,2025-04-18,Wrong Product,515.92
908862,597394,2026-04-08,Damaged,886.94
908863,597405,2026-04-19,Changed Mind,1506.44
908864,597407,2025-12-04,Changed Mind,1354.06
908865,597412,2025-02-23,Not as Described,1780.73
908866,597414,2025-11-21,Late Delivery,5137.58
908867,597416,2025-11-09,Poor Quality,5107.2
908868,597429,2026-01-19,Poor Quality,2589.82
908869,597432,2025-03-24,Damaged,1392.58
908870,597440,2025-12-06,Not as Described,2691.11
908871,597450,2026-05-08,Poor Quality,1220.17
908872,597455,2025-03-07,Late Delivery,120.04
908873,597459,2026-02-18,Damaged,865.01
908874,597463,2025-04-02,Late Delivery,1853.12
908875,597469,2025-05-08,Poor Quality,1581.07
908876,597476,2025-09-22,Poor Quality,121.39
908877,597480,2026-01-11,Damaged,1054.48
908878,597501,2026-01-16,Wrong Product,1907.38
908879,597509,2025-02-11,Wrong Product,263.7
908880,597523,2025-02-19,Damaged,977.14
908881,597532,2026-01-28,Late Delivery,2572.6
908882,597533,2025-04-26,Late Delivery,760.62
908883,597535,2025-02-04,Wrong Product,3731.41
908884,597548,2025-02-05,Wrong Product,1566.96
908885,597551,2025-11-05,Changed Mind,2944.23
908886,597553,2026-06-16,Poor Quality,743.34
908887,597573,2025-05-27,Changed Mind,638.81
908888,597584,2025-03-17,Not as Described,349.48
908889,597591,2025-07-19,Not as Described,332.22
908890,597596,2026-01-30,Not as Described,1116.64
908891,597604,2025-05-14,Late Delivery,945.15
908892,597638,2025-10-06,Damaged,1290.07
908893,597659,2025-08-23,Poor Quality,3083.98
908894,597663,2026-07-01,Poor Quality,1418.75
908895,597676,2026-01-29,Damaged,3174.28
908896,597695,2025-11-12,Wrong Product,1107.61
908897,597698,2026-06-14,Changed Mind,791.28
908898,597711,2025-10-13,Wrong Product,4745.11
908899,597720,2025-10-18,Wrong Product,349.56
908900,597735,2025-12-27,Changed Mind,684.25
908901,597743,2025-08-05,Wrong Product,1060.9
908902,597761,2026-03-13,Wrong Product,1251.04
908903,597781,2025-04-07,Damaged,1254.52
908904,597784,2025-09-22,Late Delivery,2684.12
908905,597793,2025-03-05,Not as Described,1074.79
908906,597799,2025-06-12,Wrong Product,916.56
908907,597801,2025-12-31,Poor Quality,383.07
908908,597810,2025-08-21,Not as Described,860.83
908909,597812,2025-09-10,Poor Quality,1063.58
908910,597817,2025-11-19,Damaged,603.5
908911,597828,2025-07-28,Wrong Product,831.73
908912,597830,2025-09-12,Poor Quality,1087.67
908913,597857,2026-02-23,Late Delivery,117.09
908914,597870,2026-05-17,Poor Quality,596.48
908915,597876,2025-09-10,Wrong Product,544.08
908916,597880,2025-06-10,Damaged,975.03
908917,597883,2025-09-19,Not as Described,2309.66
908918,597887,2025-12-31,Poor Quality,208.33
908919,597888,2026-04-18,Poor Quality,497.6
908920,597890,2026-01-20,Poor Quality,1916.36
908921,597898,2025-12-15,Damaged,4239.81
908922,597911,2025-12-21,Poor Quality,1010.84
908923,597912,2025-10-20,Not as Described,856.69
908924,597915,2025-08-30,Damaged,61.74
908925,597928,2025-09-26,Poor Quality,1733.68
908926,597934,2025-11-26,Poor Quality,333.52
908927,597949,2025-06-23,Damaged,343.03
908928,597955,2025-04-19,Not as Described,731.14
908929,597964,2025-07-10,Wrong Product,1019.56
908930,597999,2025-07-11,Wrong Product,596.22
908931,598008,2025-06-01,Poor Quality,3005.61
908932,598013,2025-10-31,Changed Mind,1271.2
908933,598020,2025-03-24,Unknown,1069.96
908934,598035,2025-05-12,Late Delivery,1329.79
908935,598040,2025-08-14,Damaged,1592.22
908936,598045,2026-06-15,Late Delivery,557.61
908937,598053,2026-04-05,Changed Mind,4131.98
908938,598054,2025-11-18,Not as Described,929.16
908939,598114,2025-12-19,Not as Described,8993.25
908940,598116,2026-02-28,Not as Described,823.93
908941,598119,2026-03-01,Not as Described,514.41
908942,598126,2026-07-28,Wrong Product,737.44
908943,598144,2025-07-29,Late Delivery,1301.16
908944,598149,2026-02-11,Poor Quality,651.41
908945,598174,2026-05-01,Damaged,177.06
908946,598193,2025-02-11,Late Delivery,2895.13
908947,598199,2025-10-11,Unknown,958.36
908948,598202,2026-06-13,Poor Quality,1633.7
908949,598211,2025-06-13,Poor Quality,596.36
908950,598213,2026-05-15,Wrong Product,153.1
908951,598245,2025-06-29,Poor Quality,298.89
908952,598255,2026-04-21,Not as Described,310.06
908953,598258,2025-05-27,Late Delivery,729.96
908954,598262,2025-05-08,Poor Quality,353.06
908955,598266,2026-02-24,Late Delivery,405.75
908956,598267,2025-06-17,Changed Mind,2503.14
908957,598284,2025-12-21,Changed Mind,922.02
908958,598287,2026-06-26,Poor Quality,1204.68
908959,598300,2026-04-08,Damaged,410.08
908960,598301,2026-07-28,Poor Quality,2351.7
908961,598308,2026-03-16,Wrong Product,2424.0
908962,598321,2025-02-26,Damaged,100.67
908963,598324,2026-04-10,Changed Mind,358.39
908964,598332,2025-05-11,Late Delivery,2335.36
908965,598382,2026-01-26,Damaged,4774.83
908966,598385,2025-07-08,Late Delivery,285.12
908967,598394,2025-01-27,Poor Quality,1514.74
908968,598426,2026-03-18,Late Delivery,2459.02
908969,598430,2025-09-04,Damaged,594.07
908970,598446,2026-06-01,Late Delivery,400.51
908971,598467,2025-12-01,Damaged,7342.14
908972,598481,2025-02-09,Poor Quality,2091.48
908973,598486,2025-07-25,Poor Quality,132.63
908974,598488,2025-03-07,Changed Mind,933.36
908975,598496,2026-01-24,Not as Described,388.82
908976,598504,2025-10-26,Wrong Product,1896.47
908977,598507,2026-03-14,Poor Quality,2648.49
908978,598513,2025-05-09,Poor Quality,3574.76
908979,598518,2025-05-28,Poor Quality,438.9
908980,598528,2025-11-28,Late Delivery,901.31
908981,598529,2025-11-04,Unknown,2483.89
908982,598533,2025-03-24,Changed Mind,240.24
908983,598537,2025-02-24,Late Delivery,3094.76
908984,598545,2025-06-17,Damaged,169.99
908985,598571,2025-03-25,Poor Quality,574.1
908986,598572,2025-03-30,Changed Mind,2438.24
908987,598575,2026-04-21,Late Delivery,240.53
908988,598579,2025-02-10,Not as Described,1680.43
908989,598601,2025-03-17,Not as Described,5260.62
908990,598628,2025-06-23,Late Delivery,1487.74
908991,598650,2025-12-11,Poor Quality,2074.98
908992,598651,2026-04-02,Poor Quality,2016.05
908993,598656,2025-10-20,Late Delivery,1817.75
908994,598662,2026-01-06,Late Delivery,734.51
908995,598685,2025-10-13,Late Delivery,392.77
908996,598702,2026-03-01,Not as Described,2060.89
908997,598712,2025-04-20,Poor Quality,1065.47
908998,598714,2025-07-01,Poor Quality,976.46
908999,598761,2025-07-06,Changed Mind,74.52
909000,598763,2025-05-29,Changed Mind,2594.25
909001,598772,2026-04-05,Poor Quality,259.33
909002,598774,2025-12-08,Not as Described,309.89
909003,598783,2025-03-26,Damaged,1110.99
909004,598796,2025-07-30,Poor Quality,1284.45
909005,598798,2026-01-08,Damaged,1018.23
909006,598799,2026-01-12,Poor Quality,702.85
909007,598807,2026-02-04,Late Delivery,1576.85
909008,598809,2026-07-02,Not as Described,497.47
909009,598823,2026-06-07,Poor Quality,1364.3
909010,598830,2026-04-24,Not as Described,1355.2
909011,598842,2026-04-14,Damaged,731.63
909012,598850,2025-12-24,Poor Quality,894.18
909013,598861,2025-08-23,Damaged,299.59
909014,598874,2026-06-03,Wrong Product,747.26
909015,598880,2025-09-04,Poor Quality,1759.66
909016,598881,2025-08-11,Poor Quality,1050.45
909017,598883,2025-09-17,Poor Quality,1080.87
909018,598886,2026-03-17,Late Delivery,1287.33
909019,598901,2025-08-28,Changed Mind,976.57
909020,598912,2025-12-17,Poor Quality,4061.47
909021,598913,2025-06-22,Late Delivery,1464.02
909022,598915,2026-05-10,Poor Quality,1360.87
909023,598916,2025-12-30,Damaged,410.2
909024,598918,2026-06-05,Damaged,609.99
909025,598930,2026-07-04,Poor Quality,180.63
909026,598952,2025-07-31,Not as Described,2545.2
909027,598959,2026-04-13,Changed Mind,844.91
909028,598973,2025-06-02,Not as Described,1097.66
909029,598974,2025-08-01,Wrong Product,814.8
909030,598985,2025-11-27,Poor Quality,1229.6
909031,598998,2026-04-18,Not as Described,1809.12
909032,599007,2025-02-16,Wrong Product,594.49
909033,599015,2025-11-28,Changed Mind,2244.77
909034,599035,2026-01-02,Wrong Product,1268.84
909035,599042,2025-10-13,Changed Mind,509.06
909036,599050,2026-02-07,Not as Described,874.58
909037,599065,2025-12-25,Late Delivery,3782.17
909038,599093,2026-07-03,Unknown,3634.37
909039,599111,2025-04-03,Changed Mind,125.15
909040,599117,2026-05-27,Late Delivery,703.83
909041,599121,2026-04-22,Wrong Product,856.09
909042,599134,2025-12-23,Wrong Product,156.61
909043,599140,2025-02-19,Poor Quality,998.25
909044,599141,2025-03-10,Changed Mind,2078.4
909045,599143,2025-06-14,Changed Mind,1500.88
909046,599155,2026-07-26,Wrong Product,735.73
909047,599161,2025-11-08,Damaged,971.92
909048,599169,2025-09-18,Not as Described,7264.41
909049,599170,2025-07-20,Poor Quality,515.74
909050,599174,2025-09-13,Changed Mind,318.15
909051,599180,2026-01-29,Poor Quality,2208.27
909052,599215,2025-12-06,Not as Described,2090.94
909053,599243,2025-04-06,Damaged,1682.51
909054,599252,2026-03-23,Wrong Product,296.93
909055,599260,2026-06-22,Changed Mind,1226.91
909056,599292,2026-04-08,Damaged,1482.94
909057,599298,2026-05-06,Late Delivery,3411.3
909058,599299,2025-08-01,Damaged,4903.83
909059,599317,2025-09-20,Late Delivery,459.42
909060,599319,2025-04-17,Not as Described,2798.66
909061,599325,2026-07-05,Changed Mind,84.18
909062,599327,2026-05-29,Poor Quality,2377.19
909063,599339,2025-07-03,Not as Described,2186.39
909064,599358,2025-11-14,Poor Quality,609.53
909065,599361,2025-04-17,Changed Mind,1934.61
909066,599370,2025-04-07,Changed Mind,6175.6
909067,599378,2026-02-09,Poor Quality,250.08
909068,599379,2025-03-18,Wrong Product,3151.7
909069,599384,2026-07-19,Poor Quality,1800.36
909070,599430,2026-04-12,Poor Quality,3008.13
909071,599445,2026-06-11,Damaged,424.43
909072,599449,2025-11-05,Poor Quality,103.89
909073,599456,2025-03-07,Not as Described,228.6
909074,599458,2025-07-06,Poor Quality,1098.16
909075,599465,2025-09-30,Damaged,411.26
909076,599466,2025-12-24,Damaged,496.52
909077,599467,2025-06-14,Wrong Product,5808.29
909078,599468,2025-04-07,Not as Described,5482.6
909079,599485,2026-06-22,Late Delivery,4218.8
909080,599510,2025-10-21,Changed Mind,1123.5
909081,599513,2025-11-06,Changed Mind,8686.9
909082,599521,2026-01-02,Wrong Product,166.57
909083,599532,2026-04-20,Changed Mind,2738.29
909084,599539,2025-02-11,Damaged,1686.13
909085,599552,2025-06-09,Poor Quality,65.38
909086,599555,2025-09-23,Poor Quality,3857.16
909087,599586,2026-03-29,Late Delivery,1917.45
909088,599589,2026-06-17,Changed Mind,3260.68
909089,599600,2025-05-31,Wrong Product,3148.81
909090,599610,2025-08-12,Poor Quality,1180.02
909091,599616,2025-12-05,Poor Quality,382.31
909092,599617,2025-05-04,Poor Quality,3200.47
909093,599628,2025-01-06,Damaged,738.09
909094,599632,2025-02-04,Late Delivery,1252.03
909095,599644,2026-01-11,Poor Quality,815.68
909096,599659,2025-08-02,Late Delivery,4307.38
909097,599666,2025-08-20,Wrong Product,798.76
909098,599672,2025-11-28,Poor Quality,1310.81
909099,599680,2025-06-07,Wrong Product,553.94
909100,599688,2026-01-29,Poor Quality,1495.79
909101,599692,2025-09-04,Poor Quality,3956.31
909102,599694,2026-04-28,Poor Quality,1864.99
909103,599707,2025-08-11,Not as Described,1076.0
909104,599711,2025-10-04,Late Delivery,1279.08
909105,599714,2025-06-18,Poor Quality,928.03
909106,599717,2025-06-09,Late Delivery,620.83
909107,599724,2025-11-03,Changed Mind,1286.15
909108,599732,2025-03-01,Changed Mind,4670.35
909109,599738,2026-01-31,Late Delivery,3115.01
909110,599744,2025-02-03,Poor Quality,360.26
909111,599747,2026-04-26,Late Delivery,1039.3
909112,599757,2025-08-08,Unknown,885.5
909113,599785,2025-09-23,Poor Quality,94.72
909114,599790,2026-01-28,Not as Described,515.8
909115,599797,2025-06-03,Poor Quality,156.85
909116,599807,2025-02-06,Wrong Product,309.87
909117,599827,2026-04-03,Damaged,858.06
909118,599833,2026-05-24,Damaged,1159.32
909119,599836,2026-05-26,Not as Described,154.44
909120,599837,2025-08-07,Poor Quality,334.17
909121,599851,2025-02-09,Unknown,624.54
909122,599876,2025-11-09,Wrong Product,876.87
909123,599884,2025-12-09,Poor Quality,1104.08
909124,599895,2025-09-07,Changed Mind,465.31
909125,599911,2025-08-13,Damaged,165.12
909126,599923,2025-05-21,Poor Quality,2452.25
909127,599925,2026-04-09,Damaged,271.05
909128,599945,2026-03-28,Wrong Product,4870.88
909129,599950,2025-08-15,Late Delivery,1414.18
909130,599972,2025-07-15,Damaged,314.72
909131,599985,2026-01-06,Changed Mind,2701.34
909132,599988,2026-06-28,Wrong Product,1359.85
909133,599993,2025-04-27,Poor Quality,436.38
909134,600000,2025-06-26,Damaged,1090.6
